[
  {
    "pk": 130, 
    "model": "auth.permission", 
    "fields": {
      "codename": "add_logentry", 
      "name": "Can add log entry", 
      "content_type": 44
    }
  }, 
  {
    "pk": 131, 
    "model": "auth.permission", 
    "fields": {
      "codename": "change_logentry", 
      "name": "Can change log entry", 
      "content_type": 44
    }
  }, 
  {
    "pk": 132, 
    "model": "auth.permission", 
    "fields": {
      "codename": "delete_logentry", 
      "name": "Can delete log entry", 
      "content_type": 44
    }
  }, 
  {
    "pk": 91, 
    "model": "auth.permission", 
    "fields": {
      "codename": "add_caregiverlink", 
      "name": "Can add caregiver link", 
      "content_type": 31
    }
  }, 
  {
    "pk": 88, 
    "model": "auth.permission", 
    "fields": {
      "codename": "add_carerelationship", 
      "name": "Can add care relationship", 
      "content_type": 30
    }
  }, 
  {
    "pk": 97, 
    "model": "auth.permission", 
    "fields": {
      "codename": "add_careteam", 
      "name": "Can add care team", 
      "content_type": 33
    }
  }, 
  {
    "pk": 94, 
    "model": "auth.permission", 
    "fields": {
      "codename": "add_careteamcaselink", 
      "name": "Can add care team case link", 
      "content_type": 32
    }
  }, 
  {
    "pk": 79, 
    "model": "auth.permission", 
    "fields": {
      "codename": "add_caseprofile", 
      "name": "Can add case profile", 
      "content_type": 27
    }
  }, 
  {
    "pk": 85, 
    "model": "auth.permission", 
    "fields": {
      "codename": "add_providerlink", 
      "name": "Can add provider link", 
      "content_type": 29
    }
  }, 
  {
    "pk": 82, 
    "model": "auth.permission", 
    "fields": {
      "codename": "add_providerrole", 
      "name": "Can add provider role", 
      "content_type": 28
    }
  }, 
  {
    "pk": 92, 
    "model": "auth.permission", 
    "fields": {
      "codename": "change_caregiverlink", 
      "name": "Can change caregiver link", 
      "content_type": 31
    }
  }, 
  {
    "pk": 89, 
    "model": "auth.permission", 
    "fields": {
      "codename": "change_carerelationship", 
      "name": "Can change care relationship", 
      "content_type": 30
    }
  }, 
  {
    "pk": 98, 
    "model": "auth.permission", 
    "fields": {
      "codename": "change_careteam", 
      "name": "Can change care team", 
      "content_type": 33
    }
  }, 
  {
    "pk": 95, 
    "model": "auth.permission", 
    "fields": {
      "codename": "change_careteamcaselink", 
      "name": "Can change care team case link", 
      "content_type": 32
    }
  }, 
  {
    "pk": 80, 
    "model": "auth.permission", 
    "fields": {
      "codename": "change_caseprofile", 
      "name": "Can change case profile", 
      "content_type": 27
    }
  }, 
  {
    "pk": 86, 
    "model": "auth.permission", 
    "fields": {
      "codename": "change_providerlink", 
      "name": "Can change provider link", 
      "content_type": 29
    }
  }, 
  {
    "pk": 83, 
    "model": "auth.permission", 
    "fields": {
      "codename": "change_providerrole", 
      "name": "Can change provider role", 
      "content_type": 28
    }
  }, 
  {
    "pk": 93, 
    "model": "auth.permission", 
    "fields": {
      "codename": "delete_caregiverlink", 
      "name": "Can delete caregiver link", 
      "content_type": 31
    }
  }, 
  {
    "pk": 90, 
    "model": "auth.permission", 
    "fields": {
      "codename": "delete_carerelationship", 
      "name": "Can delete care relationship", 
      "content_type": 30
    }
  }, 
  {
    "pk": 99, 
    "model": "auth.permission", 
    "fields": {
      "codename": "delete_careteam", 
      "name": "Can delete care team", 
      "content_type": 33
    }
  }, 
  {
    "pk": 96, 
    "model": "auth.permission", 
    "fields": {
      "codename": "delete_careteamcaselink", 
      "name": "Can delete care team case link", 
      "content_type": 32
    }
  }, 
  {
    "pk": 81, 
    "model": "auth.permission", 
    "fields": {
      "codename": "delete_caseprofile", 
      "name": "Can delete case profile", 
      "content_type": 27
    }
  }, 
  {
    "pk": 87, 
    "model": "auth.permission", 
    "fields": {
      "codename": "delete_providerlink", 
      "name": "Can delete provider link", 
      "content_type": 29
    }
  }, 
  {
    "pk": 84, 
    "model": "auth.permission", 
    "fields": {
      "codename": "delete_providerrole", 
      "name": "Can delete provider role", 
      "content_type": 28
    }
  }, 
  {
    "pk": 4, 
    "model": "auth.permission", 
    "fields": {
      "codename": "add_group", 
      "name": "Can add group", 
      "content_type": 2
    }
  }, 
  {
    "pk": 10, 
    "model": "auth.permission", 
    "fields": {
      "codename": "add_message", 
      "name": "Can add message", 
      "content_type": 4
    }
  }, 
  {
    "pk": 1, 
    "model": "auth.permission", 
    "fields": {
      "codename": "add_permission", 
      "name": "Can add permission", 
      "content_type": 1
    }
  }, 
  {
    "pk": 7, 
    "model": "auth.permission", 
    "fields": {
      "codename": "add_user", 
      "name": "Can add user", 
      "content_type": 3
    }
  }, 
  {
    "pk": 5, 
    "model": "auth.permission", 
    "fields": {
      "codename": "change_group", 
      "name": "Can change group", 
      "content_type": 2
    }
  }, 
  {
    "pk": 11, 
    "model": "auth.permission", 
    "fields": {
      "codename": "change_message", 
      "name": "Can change message", 
      "content_type": 4
    }
  }, 
  {
    "pk": 2, 
    "model": "auth.permission", 
    "fields": {
      "codename": "change_permission", 
      "name": "Can change permission", 
      "content_type": 1
    }
  }, 
  {
    "pk": 8, 
    "model": "auth.permission", 
    "fields": {
      "codename": "change_user", 
      "name": "Can change user", 
      "content_type": 3
    }
  }, 
  {
    "pk": 6, 
    "model": "auth.permission", 
    "fields": {
      "codename": "delete_group", 
      "name": "Can delete group", 
      "content_type": 2
    }
  }, 
  {
    "pk": 12, 
    "model": "auth.permission", 
    "fields": {
      "codename": "delete_message", 
      "name": "Can delete message", 
      "content_type": 4
    }
  }, 
  {
    "pk": 3, 
    "model": "auth.permission", 
    "fields": {
      "codename": "delete_permission", 
      "name": "Can delete permission", 
      "content_type": 1
    }
  }, 
  {
    "pk": 9, 
    "model": "auth.permission", 
    "fields": {
      "codename": "delete_user", 
      "name": "Can delete user", 
      "content_type": 3
    }
  }, 
  {
    "pk": 127, 
    "model": "auth.permission", 
    "fields": {
      "codename": "add_careplan", 
      "name": "Can add Care Plan Instance", 
      "content_type": 43
    }
  }, 
  {
    "pk": 121, 
    "model": "auth.permission", 
    "fields": {
      "codename": "add_careplancaselink", 
      "name": "Can add care plan case link", 
      "content_type": 41
    }
  }, 
  {
    "pk": 124, 
    "model": "auth.permission", 
    "fields": {
      "codename": "add_careplanitem", 
      "name": "Can add Care Plan Instance Item", 
      "content_type": 42
    }
  }, 
  {
    "pk": 112, 
    "model": "auth.permission", 
    "fields": {
      "codename": "add_careplanitemlink", 
      "name": "Can add care plan item link", 
      "content_type": 38
    }
  }, 
  {
    "pk": 100, 
    "model": "auth.permission", 
    "fields": {
      "codename": "add_plancategory", 
      "name": "Can add Plan Category", 
      "content_type": 34
    }
  }, 
  {
    "pk": 106, 
    "model": "auth.permission", 
    "fields": {
      "codename": "add_planrule", 
      "name": "Can add Plan Rule", 
      "content_type": 36
    }
  }, 
  {
    "pk": 103, 
    "model": "auth.permission", 
    "fields": {
      "codename": "add_plantag", 
      "name": "Can add Plan Tag Metadata", 
      "content_type": 35
    }
  }, 
  {
    "pk": 115, 
    "model": "auth.permission", 
    "fields": {
      "codename": "add_templatecareplan", 
      "name": "Can add Template Care Plan", 
      "content_type": 39
    }
  }, 
  {
    "pk": 118, 
    "model": "auth.permission", 
    "fields": {
      "codename": "add_templatecareplanitem", 
      "name": "Can add Template Care Plan Item", 
      "content_type": 40
    }
  }, 
  {
    "pk": 109, 
    "model": "auth.permission", 
    "fields": {
      "codename": "add_templatecareplanitemlink", 
      "name": "Can add template care plan item link", 
      "content_type": 37
    }
  }, 
  {
    "pk": 128, 
    "model": "auth.permission", 
    "fields": {
      "codename": "change_careplan", 
      "name": "Can change Care Plan Instance", 
      "content_type": 43
    }
  }, 
  {
    "pk": 122, 
    "model": "auth.permission", 
    "fields": {
      "codename": "change_careplancaselink", 
      "name": "Can change care plan case link", 
      "content_type": 41
    }
  }, 
  {
    "pk": 125, 
    "model": "auth.permission", 
    "fields": {
      "codename": "change_careplanitem", 
      "name": "Can change Care Plan Instance Item", 
      "content_type": 42
    }
  }, 
  {
    "pk": 113, 
    "model": "auth.permission", 
    "fields": {
      "codename": "change_careplanitemlink", 
      "name": "Can change care plan item link", 
      "content_type": 38
    }
  }, 
  {
    "pk": 101, 
    "model": "auth.permission", 
    "fields": {
      "codename": "change_plancategory", 
      "name": "Can change Plan Category", 
      "content_type": 34
    }
  }, 
  {
    "pk": 107, 
    "model": "auth.permission", 
    "fields": {
      "codename": "change_planrule", 
      "name": "Can change Plan Rule", 
      "content_type": 36
    }
  }, 
  {
    "pk": 104, 
    "model": "auth.permission", 
    "fields": {
      "codename": "change_plantag", 
      "name": "Can change Plan Tag Metadata", 
      "content_type": 35
    }
  }, 
  {
    "pk": 116, 
    "model": "auth.permission", 
    "fields": {
      "codename": "change_templatecareplan", 
      "name": "Can change Template Care Plan", 
      "content_type": 39
    }
  }, 
  {
    "pk": 119, 
    "model": "auth.permission", 
    "fields": {
      "codename": "change_templatecareplanitem", 
      "name": "Can change Template Care Plan Item", 
      "content_type": 40
    }
  }, 
  {
    "pk": 110, 
    "model": "auth.permission", 
    "fields": {
      "codename": "change_templatecareplanitemlink", 
      "name": "Can change template care plan item link", 
      "content_type": 37
    }
  }, 
  {
    "pk": 129, 
    "model": "auth.permission", 
    "fields": {
      "codename": "delete_careplan", 
      "name": "Can delete Care Plan Instance", 
      "content_type": 43
    }
  }, 
  {
    "pk": 123, 
    "model": "auth.permission", 
    "fields": {
      "codename": "delete_careplancaselink", 
      "name": "Can delete care plan case link", 
      "content_type": 41
    }
  }, 
  {
    "pk": 126, 
    "model": "auth.permission", 
    "fields": {
      "codename": "delete_careplanitem", 
      "name": "Can delete Care Plan Instance Item", 
      "content_type": 42
    }
  }, 
  {
    "pk": 114, 
    "model": "auth.permission", 
    "fields": {
      "codename": "delete_careplanitemlink", 
      "name": "Can delete care plan item link", 
      "content_type": 38
    }
  }, 
  {
    "pk": 102, 
    "model": "auth.permission", 
    "fields": {
      "codename": "delete_plancategory", 
      "name": "Can delete Plan Category", 
      "content_type": 34
    }
  }, 
  {
    "pk": 108, 
    "model": "auth.permission", 
    "fields": {
      "codename": "delete_planrule", 
      "name": "Can delete Plan Rule", 
      "content_type": 36
    }
  }, 
  {
    "pk": 105, 
    "model": "auth.permission", 
    "fields": {
      "codename": "delete_plantag", 
      "name": "Can delete Plan Tag Metadata", 
      "content_type": 35
    }
  }, 
  {
    "pk": 117, 
    "model": "auth.permission", 
    "fields": {
      "codename": "delete_templatecareplan", 
      "name": "Can delete Template Care Plan", 
      "content_type": 39
    }
  }, 
  {
    "pk": 120, 
    "model": "auth.permission", 
    "fields": {
      "codename": "delete_templatecareplanitem", 
      "name": "Can delete Template Care Plan Item", 
      "content_type": 40
    }
  }, 
  {
    "pk": 111, 
    "model": "auth.permission", 
    "fields": {
      "codename": "delete_templatecareplanitemlink", 
      "name": "Can delete template care plan item link", 
      "content_type": 37
    }
  }, 
  {
    "pk": 46, 
    "model": "auth.permission", 
    "fields": {
      "codename": "add_case", 
      "name": "Can add Case", 
      "content_type": 16
    }
  }, 
  {
    "pk": 31, 
    "model": "auth.permission", 
    "fields": {
      "codename": "add_caseaction", 
      "name": "Can add Case Action Type", 
      "content_type": 11
    }
  }, 
  {
    "pk": 43, 
    "model": "auth.permission", 
    "fields": {
      "codename": "add_caseevent", 
      "name": "Can add Case Event", 
      "content_type": 15
    }
  }, 
  {
    "pk": 28, 
    "model": "auth.permission", 
    "fields": {
      "codename": "add_category", 
      "name": "Can add Category Type", 
      "content_type": 10
    }
  }, 
  {
    "pk": 40, 
    "model": "auth.permission", 
    "fields": {
      "codename": "add_eventactivity", 
      "name": "Can add Case Event Activity Type", 
      "content_type": 14
    }
  }, 
  {
    "pk": 49, 
    "model": "auth.permission", 
    "fields": {
      "codename": "add_filter", 
      "name": "Can add Case Filter", 
      "content_type": 17
    }
  }, 
  {
    "pk": 52, 
    "model": "auth.permission", 
    "fields": {
      "codename": "add_gridcolumn", 
      "name": "Can add grid column", 
      "content_type": 18
    }
  }, 
  {
    "pk": 58, 
    "model": "auth.permission", 
    "fields": {
      "codename": "add_gridorder", 
      "name": "Can add Grid column display ordering", 
      "content_type": 20
    }
  }, 
  {
    "pk": 61, 
    "model": "auth.permission", 
    "fields": {
      "codename": "add_gridpreference", 
      "name": "Can add Filter Grid Display Preference", 
      "content_type": 21
    }
  }, 
  {
    "pk": 55, 
    "model": "auth.permission", 
    "fields": {
      "codename": "add_gridsort", 
      "name": "Can add Grid column sort ordering", 
      "content_type": 19
    }
  }, 
  {
    "pk": 64, 
    "model": "auth.permission", 
    "fields": {
      "codename": "add_message", 
      "name": "Can add message", 
      "content_type": 22
    }
  }, 
  {
    "pk": 34, 
    "model": "auth.permission", 
    "fields": {
      "codename": "add_priority", 
      "name": "Can add Priority Type", 
      "content_type": 12
    }
  }, 
  {
    "pk": 37, 
    "model": "auth.permission", 
    "fields": {
      "codename": "add_status", 
      "name": "Can add Case Status Type", 
      "content_type": 13
    }
  }, 
  {
    "pk": 47, 
    "model": "auth.permission", 
    "fields": {
      "codename": "change_case", 
      "name": "Can change Case", 
      "content_type": 16
    }
  }, 
  {
    "pk": 32, 
    "model": "auth.permission", 
    "fields": {
      "codename": "change_caseaction", 
      "name": "Can change Case Action Type", 
      "content_type": 11
    }
  }, 
  {
    "pk": 44, 
    "model": "auth.permission", 
    "fields": {
      "codename": "change_caseevent", 
      "name": "Can change Case Event", 
      "content_type": 15
    }
  }, 
  {
    "pk": 29, 
    "model": "auth.permission", 
    "fields": {
      "codename": "change_category", 
      "name": "Can change Category Type", 
      "content_type": 10
    }
  }, 
  {
    "pk": 41, 
    "model": "auth.permission", 
    "fields": {
      "codename": "change_eventactivity", 
      "name": "Can change Case Event Activity Type", 
      "content_type": 14
    }
  }, 
  {
    "pk": 50, 
    "model": "auth.permission", 
    "fields": {
      "codename": "change_filter", 
      "name": "Can change Case Filter", 
      "content_type": 17
    }
  }, 
  {
    "pk": 53, 
    "model": "auth.permission", 
    "fields": {
      "codename": "change_gridcolumn", 
      "name": "Can change grid column", 
      "content_type": 18
    }
  }, 
  {
    "pk": 59, 
    "model": "auth.permission", 
    "fields": {
      "codename": "change_gridorder", 
      "name": "Can change Grid column display ordering", 
      "content_type": 20
    }
  }, 
  {
    "pk": 62, 
    "model": "auth.permission", 
    "fields": {
      "codename": "change_gridpreference", 
      "name": "Can change Filter Grid Display Preference", 
      "content_type": 21
    }
  }, 
  {
    "pk": 56, 
    "model": "auth.permission", 
    "fields": {
      "codename": "change_gridsort", 
      "name": "Can change Grid column sort ordering", 
      "content_type": 19
    }
  }, 
  {
    "pk": 65, 
    "model": "auth.permission", 
    "fields": {
      "codename": "change_message", 
      "name": "Can change message", 
      "content_type": 22
    }
  }, 
  {
    "pk": 35, 
    "model": "auth.permission", 
    "fields": {
      "codename": "change_priority", 
      "name": "Can change Priority Type", 
      "content_type": 12
    }
  }, 
  {
    "pk": 38, 
    "model": "auth.permission", 
    "fields": {
      "codename": "change_status", 
      "name": "Can change Case Status Type", 
      "content_type": 13
    }
  }, 
  {
    "pk": 48, 
    "model": "auth.permission", 
    "fields": {
      "codename": "delete_case", 
      "name": "Can delete Case", 
      "content_type": 16
    }
  }, 
  {
    "pk": 33, 
    "model": "auth.permission", 
    "fields": {
      "codename": "delete_caseaction", 
      "name": "Can delete Case Action Type", 
      "content_type": 11
    }
  }, 
  {
    "pk": 45, 
    "model": "auth.permission", 
    "fields": {
      "codename": "delete_caseevent", 
      "name": "Can delete Case Event", 
      "content_type": 15
    }
  }, 
  {
    "pk": 30, 
    "model": "auth.permission", 
    "fields": {
      "codename": "delete_category", 
      "name": "Can delete Category Type", 
      "content_type": 10
    }
  }, 
  {
    "pk": 42, 
    "model": "auth.permission", 
    "fields": {
      "codename": "delete_eventactivity", 
      "name": "Can delete Case Event Activity Type", 
      "content_type": 14
    }
  }, 
  {
    "pk": 51, 
    "model": "auth.permission", 
    "fields": {
      "codename": "delete_filter", 
      "name": "Can delete Case Filter", 
      "content_type": 17
    }
  }, 
  {
    "pk": 54, 
    "model": "auth.permission", 
    "fields": {
      "codename": "delete_gridcolumn", 
      "name": "Can delete grid column", 
      "content_type": 18
    }
  }, 
  {
    "pk": 60, 
    "model": "auth.permission", 
    "fields": {
      "codename": "delete_gridorder", 
      "name": "Can delete Grid column display ordering", 
      "content_type": 20
    }
  }, 
  {
    "pk": 63, 
    "model": "auth.permission", 
    "fields": {
      "codename": "delete_gridpreference", 
      "name": "Can delete Filter Grid Display Preference", 
      "content_type": 21
    }
  }, 
  {
    "pk": 57, 
    "model": "auth.permission", 
    "fields": {
      "codename": "delete_gridsort", 
      "name": "Can delete Grid column sort ordering", 
      "content_type": 19
    }
  }, 
  {
    "pk": 66, 
    "model": "auth.permission", 
    "fields": {
      "codename": "delete_message", 
      "name": "Can delete message", 
      "content_type": 22
    }
  }, 
  {
    "pk": 36, 
    "model": "auth.permission", 
    "fields": {
      "codename": "delete_priority", 
      "name": "Can delete Priority Type", 
      "content_type": 12
    }
  }, 
  {
    "pk": 39, 
    "model": "auth.permission", 
    "fields": {
      "codename": "delete_status", 
      "name": "Can delete Case Status Type", 
      "content_type": 13
    }
  }, 
  {
    "pk": 13, 
    "model": "auth.permission", 
    "fields": {
      "codename": "add_contenttype", 
      "name": "Can add content type", 
      "content_type": 5
    }
  }, 
  {
    "pk": 14, 
    "model": "auth.permission", 
    "fields": {
      "codename": "change_contenttype", 
      "name": "Can change content type", 
      "content_type": 5
    }
  }, 
  {
    "pk": 15, 
    "model": "auth.permission", 
    "fields": {
      "codename": "delete_contenttype", 
      "name": "Can delete content type", 
      "content_type": 5
    }
  }, 
  {
    "pk": 70, 
    "model": "auth.permission", 
    "fields": {
      "codename": "add_identifiertype", 
      "name": "Can add identifier type", 
      "content_type": 24
    }
  }, 
  {
    "pk": 76, 
    "model": "auth.permission", 
    "fields": {
      "codename": "add_patient", 
      "name": "Can add patient", 
      "content_type": 26
    }
  }, 
  {
    "pk": 73, 
    "model": "auth.permission", 
    "fields": {
      "codename": "add_patientidentifier", 
      "name": "Can add patient identifier", 
      "content_type": 25
    }
  }, 
  {
    "pk": 71, 
    "model": "auth.permission", 
    "fields": {
      "codename": "change_identifiertype", 
      "name": "Can change identifier type", 
      "content_type": 24
    }
  }, 
  {
    "pk": 77, 
    "model": "auth.permission", 
    "fields": {
      "codename": "change_patient", 
      "name": "Can change patient", 
      "content_type": 26
    }
  }, 
  {
    "pk": 74, 
    "model": "auth.permission", 
    "fields": {
      "codename": "change_patientidentifier", 
      "name": "Can change patient identifier", 
      "content_type": 25
    }
  }, 
  {
    "pk": 72, 
    "model": "auth.permission", 
    "fields": {
      "codename": "delete_identifiertype", 
      "name": "Can delete identifier type", 
      "content_type": 24
    }
  }, 
  {
    "pk": 78, 
    "model": "auth.permission", 
    "fields": {
      "codename": "delete_patient", 
      "name": "Can delete patient", 
      "content_type": 26
    }
  }, 
  {
    "pk": 75, 
    "model": "auth.permission", 
    "fields": {
      "codename": "delete_patientidentifier", 
      "name": "Can delete patient identifier", 
      "content_type": 25
    }
  }, 
  {
    "pk": 67, 
    "model": "auth.permission", 
    "fields": {
      "codename": "add_provider", 
      "name": "Can add provider", 
      "content_type": 23
    }
  }, 
  {
    "pk": 68, 
    "model": "auth.permission", 
    "fields": {
      "codename": "change_provider", 
      "name": "Can change provider", 
      "content_type": 23
    }
  }, 
  {
    "pk": 69, 
    "model": "auth.permission", 
    "fields": {
      "codename": "delete_provider", 
      "name": "Can delete provider", 
      "content_type": 23
    }
  }, 
  {
    "pk": 22, 
    "model": "auth.permission", 
    "fields": {
      "codename": "add_revision", 
      "name": "Can add revision", 
      "content_type": 8
    }
  }, 
  {
    "pk": 25, 
    "model": "auth.permission", 
    "fields": {
      "codename": "add_version", 
      "name": "Can add version", 
      "content_type": 9
    }
  }, 
  {
    "pk": 23, 
    "model": "auth.permission", 
    "fields": {
      "codename": "change_revision", 
      "name": "Can change revision", 
      "content_type": 8
    }
  }, 
  {
    "pk": 26, 
    "model": "auth.permission", 
    "fields": {
      "codename": "change_version", 
      "name": "Can change version", 
      "content_type": 9
    }
  }, 
  {
    "pk": 24, 
    "model": "auth.permission", 
    "fields": {
      "codename": "delete_revision", 
      "name": "Can delete revision", 
      "content_type": 8
    }
  }, 
  {
    "pk": 27, 
    "model": "auth.permission", 
    "fields": {
      "codename": "delete_version", 
      "name": "Can delete version", 
      "content_type": 9
    }
  }, 
  {
    "pk": 16, 
    "model": "auth.permission", 
    "fields": {
      "codename": "add_session", 
      "name": "Can add session", 
      "content_type": 6
    }
  }, 
  {
    "pk": 17, 
    "model": "auth.permission", 
    "fields": {
      "codename": "change_session", 
      "name": "Can change session", 
      "content_type": 6
    }
  }, 
  {
    "pk": 18, 
    "model": "auth.permission", 
    "fields": {
      "codename": "delete_session", 
      "name": "Can delete session", 
      "content_type": 6
    }
  }, 
  {
    "pk": 19, 
    "model": "auth.permission", 
    "fields": {
      "codename": "add_site", 
      "name": "Can add site", 
      "content_type": 7
    }
  }, 
  {
    "pk": 20, 
    "model": "auth.permission", 
    "fields": {
      "codename": "change_site", 
      "name": "Can change site", 
      "content_type": 7
    }
  }, 
  {
    "pk": 21, 
    "model": "auth.permission", 
    "fields": {
      "codename": "delete_site", 
      "name": "Can delete site", 
      "content_type": 7
    }
  }, 
  {
    "pk": 164, 
    "model": "auth.user", 
    "fields": {
      "username": "nancy_apple", 
      "first_name": "Nancy", 
      "last_name": "Apple", 
      "is_active": 1, 
      "is_superuser": 0, 
      "is_staff": 0, 
      "last_login": "2010-02-04 10:25:34", 
      "groups": [], 
      "user_permissions": [], 
      "password": "sha1$bb7cb$72a1eade66174ac55a3cf909ae22649b492df766", 
      "email": "Nancy_Apple@ashand.com", 
      "date_joined": "2010-02-04 10:25:34"
    }
  }, 
  {
    "pk": 163, 
    "model": "auth.user", 
    "fields": {
      "username": "john_carter", 
      "first_name": "John", 
      "last_name": "Carter", 
      "is_active": 1, 
      "is_superuser": 0, 
      "is_staff": 0, 
      "last_login": "2010-02-04 10:25:34", 
      "groups": [], 
      "user_permissions": [], 
      "password": "sha1$05d3d$d87838bd9c5c0a37a34b2c2a4bdab63bb9b3853e", 
      "email": "John_Carter@ashand.com", 
      "date_joined": "2010-02-04 10:25:34"
    }
  }, 
  {
    "pk": 162, 
    "model": "auth.user", 
    "fields": {
      "username": "robert_chase", 
      "first_name": "Robert", 
      "last_name": "Chase", 
      "is_active": 1, 
      "is_superuser": 0, 
      "is_staff": 0, 
      "last_login": "2010-02-04 10:25:34", 
      "groups": [], 
      "user_permissions": [], 
      "password": "sha1$ef72b$814fab49f852bd74bbf972fda5c8da14aa60e884", 
      "email": "Robert_Chase@ashand.com", 
      "date_joined": "2010-02-04 10:25:34"
    }
  }, 
  {
    "pk": 161, 
    "model": "auth.user", 
    "fields": {
      "username": "allison_cameron", 
      "first_name": "Allison", 
      "last_name": "Cameron", 
      "is_active": 1, 
      "is_superuser": 0, 
      "is_staff": 0, 
      "last_login": "2010-02-04 10:25:34", 
      "groups": [], 
      "user_permissions": [], 
      "password": "sha1$b2e5d$bd0d7bf9f8aeb4f83d75ad52db37370ad4169452", 
      "email": "Allison_Cameron@ashand.com", 
      "date_joined": "2010-02-04 10:25:34"
    }
  }, 
  {
    "pk": 160, 
    "model": "auth.user", 
    "fields": {
      "username": "alyssa_ogawa", 
      "first_name": "Alyssa", 
      "last_name": "Ogawa", 
      "is_active": 1, 
      "is_superuser": 0, 
      "is_staff": 0, 
      "last_login": "2010-02-04 10:47:29", 
      "groups": [], 
      "user_permissions": [], 
      "password": "sha1$92d42$70c51a113f4e75263dd28bbde05d91a709732c2b", 
      "email": "Alyssa_Ogawa@ashand.com", 
      "date_joined": "2010-02-04 10:25:34"
    }
  }, 
  {
    "pk": 159, 
    "model": "auth.user", 
    "fields": {
      "username": "christine_chapel", 
      "first_name": "Christine", 
      "last_name": "Chapel", 
      "is_active": 1, 
      "is_superuser": 0, 
      "is_staff": 0, 
      "last_login": "2010-02-04 10:25:34", 
      "groups": [], 
      "user_permissions": [], 
      "password": "sha1$10506$f588497f486643605fc72a47b0bcd3f0938f5863", 
      "email": "Christine_Chapel@ashand.com", 
      "date_joined": "2010-02-04 10:25:34"
    }
  }, 
  {
    "pk": 158, 
    "model": "auth.user", 
    "fields": {
      "username": "james_wilson", 
      "first_name": "James", 
      "last_name": "Wilson", 
      "is_active": 1, 
      "is_superuser": 0, 
      "is_staff": 0, 
      "last_login": "2010-02-04 10:25:34", 
      "groups": [], 
      "user_permissions": [], 
      "password": "sha1$f4321$577c4bb8b6513968efaa82adfdf55c9b49bdb4be", 
      "email": "James_Wilson@ashand.com", 
      "date_joined": "2010-02-04 10:25:34"
    }
  }, 
  {
    "pk": 157, 
    "model": "auth.user", 
    "fields": {
      "username": "eric_foreman", 
      "first_name": "Eric", 
      "last_name": "Foreman", 
      "is_active": 1, 
      "is_superuser": 0, 
      "is_staff": 0, 
      "last_login": "2010-02-04 10:25:34", 
      "groups": [], 
      "user_permissions": [], 
      "password": "sha1$b2286$9f18829cc2cb4cdf6f879a0daa6f69a77c6fe973", 
      "email": "Eric_Foreman@ashand.com", 
      "date_joined": "2010-02-04 10:25:34"
    }
  }, 
  {
    "pk": 156, 
    "model": "auth.user", 
    "fields": {
      "username": "lisa_cuddy", 
      "first_name": "Lisa", 
      "last_name": "Cuddy", 
      "is_active": 1, 
      "is_superuser": 0, 
      "is_staff": 0, 
      "last_login": "2010-02-04 10:25:34", 
      "groups": [], 
      "user_permissions": [], 
      "password": "sha1$0d552$0db2c3e363a634d22c8f0b370aeaead03dcd1741", 
      "email": "Lisa_Cuddy@ashand.com", 
      "date_joined": "2010-02-04 10:25:34"
    }
  }, 
  {
    "pk": 155, 
    "model": "auth.user", 
    "fields": {
      "username": "gregory_house", 
      "first_name": "Gregory", 
      "last_name": "House", 
      "is_active": 1, 
      "is_superuser": 0, 
      "is_staff": 0, 
      "last_login": "2010-02-04 10:25:34", 
      "groups": [], 
      "user_permissions": [], 
      "password": "sha1$384ab$607405182689dd4c15a5020bcb14b7f3b6088e55", 
      "email": "Gregory_House@ashand.com", 
      "date_joined": "2010-02-04 10:25:34"
    }
  }, 
  {
    "pk": 154, 
    "model": "auth.user", 
    "fields": {
      "username": "clara_barton", 
      "first_name": "Clara", 
      "last_name": "Barton", 
      "is_active": 1, 
      "is_superuser": 0, 
      "is_staff": 0, 
      "last_login": "2010-02-04 10:25:34", 
      "groups": [], 
      "user_permissions": [], 
      "password": "sha1$35803$5d7c01c5254281c304ce758b01bbf07bc9a18bfb", 
      "email": "Clara_Barton@ashand.com", 
      "date_joined": "2010-02-04 10:25:34"
    }
  }, 
  {
    "pk": 153, 
    "model": "auth.user", 
    "fields": {
      "username": "dorothy_day", 
      "first_name": "Dorothy", 
      "last_name": "Day", 
      "is_active": 1, 
      "is_superuser": 0, 
      "is_staff": 0, 
      "last_login": "2010-02-04 10:44:07", 
      "groups": [], 
      "user_permissions": [], 
      "password": "sha1$83d25$2e5ffeb9c14346b46d5917cad7d22bea8b496858", 
      "email": "Dorothy_Day@ashand.com", 
      "date_joined": "2010-02-04 10:25:34"
    }
  }, 
  {
    "pk": 152, 
    "model": "auth.user", 
    "fields": {
      "username": "kara_thrace", 
      "first_name": "Kara", 
      "last_name": "Thrace", 
      "is_active": 1, 
      "is_superuser": 0, 
      "is_staff": 0, 
      "last_login": "2010-02-04 10:25:34", 
      "groups": [], 
      "user_permissions": [], 
      "password": "sha1$86031$98ac3daa3077ba93d07b6b2a967995a385b4aab6", 
      "email": "Kara_Thrace@ashand.com", 
      "date_joined": "2010-02-04 10:25:34"
    }
  }, 
  {
    "pk": 151, 
    "model": "auth.user", 
    "fields": {
      "username": "pat_patient", 
      "first_name": "Pat", 
      "last_name": "Patient", 
      "is_active": 1, 
      "is_superuser": 0, 
      "is_staff": 0, 
      "last_login": "2010-02-04 10:25:34", 
      "groups": [], 
      "user_permissions": [], 
      "password": "sha1$35755$303bcdc3a8fab4dbaecc30ddfc2409e890297f09", 
      "email": "Pat_Patient@ashand.com", 
      "date_joined": "2010-02-04 10:25:34"
    }
  }, 
  {
    "pk": 2, 
    "model": "auth.user", 
    "fields": {
      "username": "dimagi", 
      "first_name": "", 
      "last_name": "", 
      "is_active": 1, 
      "is_superuser": 1, 
      "is_staff": 1, 
      "last_login": "2009-11-13 14:19:26", 
      "groups": [], 
      "user_permissions": [], 
      "password": "sha1$54813$6eccf50b0d2f62449bd9507f322d51aff19d3dbf", 
      "email": "ashand@dimagi.com", 
      "date_joined": "2009-11-13 14:19:26"
    }
  }, 
  {
    "pk": 1, 
    "model": "auth.user", 
    "fields": {
      "username": "ashand-reflexive", 
      "first_name": "", 
      "last_name": "", 
      "is_active": 0, 
      "is_superuser": 0, 
      "is_staff": 0, 
      "last_login": "2009-11-13 14:19:26", 
      "groups": [], 
      "user_permissions": [], 
      "password": "sha1$54813$6eccf50b0d2f62449bd9507f322d51aff19d3dbf", 
      "email": "ashand-reflexive@dimagi.com", 
      "date_joined": "2009-11-13 14:19:26"
    }
  }, 
  {
    "pk": 41, 
    "model": "contenttypes.contenttype", 
    "fields": {
      "model": "careplancaselink", 
      "name": "care plan case link", 
      "app_label": "careplan"
    }
  }, 
  {
    "pk": 43, 
    "model": "contenttypes.contenttype", 
    "fields": {
      "model": "careplan", 
      "name": "Care Plan Instance", 
      "app_label": "careplan"
    }
  }, 
  {
    "pk": 42, 
    "model": "contenttypes.contenttype", 
    "fields": {
      "model": "careplanitem", 
      "name": "Care Plan Instance Item", 
      "app_label": "careplan"
    }
  }, 
  {
    "pk": 38, 
    "model": "contenttypes.contenttype", 
    "fields": {
      "model": "careplanitemlink", 
      "name": "care plan item link", 
      "app_label": "careplan"
    }
  }, 
  {
    "pk": 30, 
    "model": "contenttypes.contenttype", 
    "fields": {
      "model": "carerelationship", 
      "name": "care relationship", 
      "app_label": "ashandapp"
    }
  }, 
  {
    "pk": 33, 
    "model": "contenttypes.contenttype", 
    "fields": {
      "model": "careteam", 
      "name": "care team", 
      "app_label": "ashandapp"
    }
  }, 
  {
    "pk": 32, 
    "model": "contenttypes.contenttype", 
    "fields": {
      "model": "careteamcaselink", 
      "name": "care team case link", 
      "app_label": "ashandapp"
    }
  }, 
  {
    "pk": 31, 
    "model": "contenttypes.contenttype", 
    "fields": {
      "model": "caregiverlink", 
      "name": "caregiver link", 
      "app_label": "ashandapp"
    }
  }, 
  {
    "pk": 16, 
    "model": "contenttypes.contenttype", 
    "fields": {
      "model": "case", 
      "name": "Case", 
      "app_label": "casetracker"
    }
  }, 
  {
    "pk": 11, 
    "model": "contenttypes.contenttype", 
    "fields": {
      "model": "caseaction", 
      "name": "Case Action Type", 
      "app_label": "casetracker"
    }
  }, 
  {
    "pk": 15, 
    "model": "contenttypes.contenttype", 
    "fields": {
      "model": "caseevent", 
      "name": "Case Event", 
      "app_label": "casetracker"
    }
  }, 
  {
    "pk": 14, 
    "model": "contenttypes.contenttype", 
    "fields": {
      "model": "eventactivity", 
      "name": "Case Event Activity Type", 
      "app_label": "casetracker"
    }
  }, 
  {
    "pk": 17, 
    "model": "contenttypes.contenttype", 
    "fields": {
      "model": "filter", 
      "name": "Case Filter", 
      "app_label": "casetracker"
    }
  }, 
  {
    "pk": 27, 
    "model": "contenttypes.contenttype", 
    "fields": {
      "model": "caseprofile", 
      "name": "case profile", 
      "app_label": "ashandapp"
    }
  }, 
  {
    "pk": 13, 
    "model": "contenttypes.contenttype", 
    "fields": {
      "model": "status", 
      "name": "Case Status Type", 
      "app_label": "casetracker"
    }
  }, 
  {
    "pk": 10, 
    "model": "contenttypes.contenttype", 
    "fields": {
      "model": "category", 
      "name": "Category Type", 
      "app_label": "casetracker"
    }
  }, 
  {
    "pk": 5, 
    "model": "contenttypes.contenttype", 
    "fields": {
      "model": "contenttype", 
      "name": "content type", 
      "app_label": "contenttypes"
    }
  }, 
  {
    "pk": 21, 
    "model": "contenttypes.contenttype", 
    "fields": {
      "model": "gridpreference", 
      "name": "Filter Grid Display Preference", 
      "app_label": "casetracker"
    }
  }, 
  {
    "pk": 18, 
    "model": "contenttypes.contenttype", 
    "fields": {
      "model": "gridcolumn", 
      "name": "grid column", 
      "app_label": "casetracker"
    }
  }, 
  {
    "pk": 20, 
    "model": "contenttypes.contenttype", 
    "fields": {
      "model": "gridorder", 
      "name": "Grid column display ordering", 
      "app_label": "casetracker"
    }
  }, 
  {
    "pk": 19, 
    "model": "contenttypes.contenttype", 
    "fields": {
      "model": "gridsort", 
      "name": "Grid column sort ordering", 
      "app_label": "casetracker"
    }
  }, 
  {
    "pk": 2, 
    "model": "contenttypes.contenttype", 
    "fields": {
      "model": "group", 
      "name": "group", 
      "app_label": "auth"
    }
  }, 
  {
    "pk": 24, 
    "model": "contenttypes.contenttype", 
    "fields": {
      "model": "identifiertype", 
      "name": "identifier type", 
      "app_label": "patient"
    }
  }, 
  {
    "pk": 44, 
    "model": "contenttypes.contenttype", 
    "fields": {
      "model": "logentry", 
      "name": "log entry", 
      "app_label": "admin"
    }
  }, 
  {
    "pk": 4, 
    "model": "contenttypes.contenttype", 
    "fields": {
      "model": "message", 
      "name": "message", 
      "app_label": "auth"
    }
  }, 
  {
    "pk": 22, 
    "model": "contenttypes.contenttype", 
    "fields": {
      "model": "message", 
      "name": "message", 
      "app_label": "casetracker"
    }
  }, 
  {
    "pk": 26, 
    "model": "contenttypes.contenttype", 
    "fields": {
      "model": "patient", 
      "name": "patient", 
      "app_label": "patient"
    }
  }, 
  {
    "pk": 25, 
    "model": "contenttypes.contenttype", 
    "fields": {
      "model": "patientidentifier", 
      "name": "patient identifier", 
      "app_label": "patient"
    }
  }, 
  {
    "pk": 1, 
    "model": "contenttypes.contenttype", 
    "fields": {
      "model": "permission", 
      "name": "permission", 
      "app_label": "auth"
    }
  }, 
  {
    "pk": 34, 
    "model": "contenttypes.contenttype", 
    "fields": {
      "model": "plancategory", 
      "name": "Plan Category", 
      "app_label": "careplan"
    }
  }, 
  {
    "pk": 36, 
    "model": "contenttypes.contenttype", 
    "fields": {
      "model": "planrule", 
      "name": "Plan Rule", 
      "app_label": "careplan"
    }
  }, 
  {
    "pk": 35, 
    "model": "contenttypes.contenttype", 
    "fields": {
      "model": "plantag", 
      "name": "Plan Tag Metadata", 
      "app_label": "careplan"
    }
  }, 
  {
    "pk": 12, 
    "model": "contenttypes.contenttype", 
    "fields": {
      "model": "priority", 
      "name": "Priority Type", 
      "app_label": "casetracker"
    }
  }, 
  {
    "pk": 23, 
    "model": "contenttypes.contenttype", 
    "fields": {
      "model": "provider", 
      "name": "provider", 
      "app_label": "provider"
    }
  }, 
  {
    "pk": 29, 
    "model": "contenttypes.contenttype", 
    "fields": {
      "model": "providerlink", 
      "name": "provider link", 
      "app_label": "ashandapp"
    }
  }, 
  {
    "pk": 28, 
    "model": "contenttypes.contenttype", 
    "fields": {
      "model": "providerrole", 
      "name": "provider role", 
      "app_label": "ashandapp"
    }
  }, 
  {
    "pk": 8, 
    "model": "contenttypes.contenttype", 
    "fields": {
      "model": "revision", 
      "name": "revision", 
      "app_label": "reversion"
    }
  }, 
  {
    "pk": 6, 
    "model": "contenttypes.contenttype", 
    "fields": {
      "model": "session", 
      "name": "session", 
      "app_label": "sessions"
    }
  }, 
  {
    "pk": 7, 
    "model": "contenttypes.contenttype", 
    "fields": {
      "model": "site", 
      "name": "site", 
      "app_label": "sites"
    }
  }, 
  {
    "pk": 39, 
    "model": "contenttypes.contenttype", 
    "fields": {
      "model": "templatecareplan", 
      "name": "Template Care Plan", 
      "app_label": "careplan"
    }
  }, 
  {
    "pk": 40, 
    "model": "contenttypes.contenttype", 
    "fields": {
      "model": "templatecareplanitem", 
      "name": "Template Care Plan Item", 
      "app_label": "careplan"
    }
  }, 
  {
    "pk": 37, 
    "model": "contenttypes.contenttype", 
    "fields": {
      "model": "templatecareplanitemlink", 
      "name": "template care plan item link", 
      "app_label": "careplan"
    }
  }, 
  {
    "pk": 3, 
    "model": "contenttypes.contenttype", 
    "fields": {
      "model": "user", 
      "name": "user", 
      "app_label": "auth"
    }
  }, 
  {
    "pk": 9, 
    "model": "contenttypes.contenttype", 
    "fields": {
      "model": "version", 
      "name": "version", 
      "app_label": "reversion"
    }
  }, 
  {
    "pk": "4ffdfd3179657f7196858d93071eae4f", 
    "model": "sessions.session", 
    "fields": {
      "expire_date": "2010-02-18 05:43:30", 
      "session_data": "gAJ9cQEoVRJfYXV0aF91c2VyX2JhY2tlbmRxAlUpZGphbmdvLmNvbnRyaWIuYXV0aC5iYWNrZW5k\ncy5Nb2RlbEJhY2tlbmRxA1UNX2F1dGhfdXNlcl9pZHEEigECdS5jMjUxODcyNWMyN2NlYmYwM2Q5\nNzU2YjZjZGQ5N2Q0Mg==\n"
    }
  }, 
  {
    "pk": "0c941535d9f86ae349493e1d31b97735", 
    "model": "sessions.session", 
    "fields": {
      "expire_date": "2010-02-18 10:42:11", 
      "session_data": "gAJ9cQEoVRJfYXV0aF91c2VyX2JhY2tlbmRxAlUpZGphbmdvLmNvbnRyaWIuYXV0aC5iYWNrZW5k\ncy5Nb2RlbEJhY2tlbmRxA1UNX2F1dGhfdXNlcl9pZHEEigKZAHUuZmEzYmU4OGQ5MWU5ZDA0MTBh\nOWIwNjgxNDQ2OGE0Mjc=\n"
    }
  }, 
  {
    "pk": "c353b1cb8c6889d70153585c95d031f8", 
    "model": "sessions.session", 
    "fields": {
      "expire_date": "2010-02-18 10:44:07", 
      "session_data": "gAJ9cQEoVRJfYXV0aF91c2VyX2JhY2tlbmRxAlUpZGphbmdvLmNvbnRyaWIuYXV0aC5iYWNrZW5k\ncy5Nb2RlbEJhY2tlbmRxA1UNX2F1dGhfdXNlcl9pZHEEigKZAHUuZmEzYmU4OGQ5MWU5ZDA0MTBh\nOWIwNjgxNDQ2OGE0Mjc=\n"
    }
  }, 
  {
    "pk": "d1f55db5e9b4735e89a11f5f57f9048d", 
    "model": "sessions.session", 
    "fields": {
      "expire_date": "2010-02-18 10:47:29", 
      "session_data": "gAJ9cQEoVRJfYXV0aF91c2VyX2JhY2tlbmRxAlUpZGphbmdvLmNvbnRyaWIuYXV0aC5iYWNrZW5k\ncy5Nb2RlbEJhY2tlbmRxA1UNX2F1dGhfdXNlcl9pZHEEigKgAHUuNWZkZGJhNmY4NTlkNWM1OGNk\nZGE2ZGJhMjY1ZmE3YWE=\n"
    }
  }, 
  {
    "pk": 1, 
    "model": "sites.site", 
    "fields": {
      "domain": "example.com", 
      "name": "example.com"
    }
  }, 
  {
    "pk": 1, 
    "model": "reversion.revision", 
    "fields": {
      "comment": "Changed assigned_to and next_action.", 
      "date_created": "2010-02-04 11:00:30", 
      "user": 2
    }
  }, 
  {
    "pk": 1, 
    "model": "reversion.version", 
    "fields": {
      "format": "xml", 
      "object_repr": "Case Event: dorothy_day - 2010-02-04 16:00:30.964303", 
      "object_id": "6b74ae4611a611dfa56d001641e25144", 
      "content_type": 15, 
      "serialized_data": "<?xml version=\"1.0\" encoding=\"utf-8\"?>\n<django-objects version=\"1.0\"><object pk=\"6b74ae4611a611dfa56d001641e25144\" model=\"casetracker.caseevent\"><field to=\"casetracker.case\" name=\"case\" rel=\"ManyToOneRel\">6d1ebece11a411dfa56d001641e25144</field><field type=\"TextField\" name=\"notes\">Case edited by dorothy_day</field><field to=\"casetracker.eventactivity\" name=\"activity\" rel=\"ManyToOneRel\">1</field><field type=\"DateTimeField\" name=\"created_date\">2010-02-04 16:00:30</field><field to=\"auth.user\" name=\"created_by\" rel=\"ManyToOneRel\">153</field></object></django-objects>", 
      "revision": 1
    }
  }, 
  {
    "pk": 2, 
    "model": "reversion.version", 
    "fields": {
      "format": "xml", 
      "object_repr": "Case Event: dorothy_day - 2010-02-04 15:46:14", 
      "object_id": "6d1ebecf11a411dfa56d001641e25144", 
      "content_type": 15, 
      "serialized_data": "<?xml version=\"1.0\" encoding=\"utf-8\"?>\n<django-objects version=\"1.0\"><object pk=\"6d1ebecf11a411dfa56d001641e25144\" model=\"casetracker.caseevent\"><field to=\"casetracker.case\" name=\"case\" rel=\"ManyToOneRel\">6d1ebece11a411dfa56d001641e25144</field><field type=\"TextField\" name=\"notes\">New case created by dorothy_day</field><field to=\"casetracker.eventactivity\" name=\"activity\" rel=\"ManyToOneRel\">8</field><field type=\"DateTimeField\" name=\"created_date\">2010-02-04 15:46:14</field><field to=\"auth.user\" name=\"created_by\" rel=\"ManyToOneRel\">153</field></object></django-objects>", 
      "revision": 1
    }
  }, 
  {
    "pk": 3, 
    "model": "reversion.version", 
    "fields": {
      "format": "xml", 
      "object_repr": "(Case 6d1ebece11a411dfa56d001641e25144) Patient is running a fever", 
      "object_id": "6d1ebece11a411dfa56d001641e25144", 
      "content_type": 16, 
      "serialized_data": "<?xml version=\"1.0\" encoding=\"utf-8\"?>\n<django-objects version=\"1.0\"><object pk=\"6d1ebece11a411dfa56d001641e25144\" model=\"casetracker.case\"><field type=\"CharField\" name=\"description\">Patient is running a fever</field><field type=\"CharField\" name=\"orig_description\">Patient is running a fever</field><field to=\"casetracker.category\" name=\"category\" rel=\"ManyToOneRel\">2</field><field to=\"casetracker.status\" name=\"status\" rel=\"ManyToOneRel\">4</field><field type=\"TextField\" name=\"body\">After coming home from her daily walk today, I took her temperature and it was really high.  100 degrees.  What should I do?</field><field to=\"casetracker.priority\" name=\"priority\" rel=\"ManyToOneRel\">1</field><field to=\"casetracker.caseaction\" name=\"next_action\" rel=\"ManyToOneRel\">3</field><field type=\"DateTimeField\" name=\"opened_date\">2010-02-04 15:46:14</field><field to=\"auth.user\" name=\"opened_by\" rel=\"ManyToOneRel\">153</field><field type=\"DateTimeField\" name=\"last_edit_date\">2010-02-04 16:00:30</field><field to=\"auth.user\" name=\"last_edit_by\" rel=\"ManyToOneRel\">153</field><field type=\"DateTimeField\" name=\"next_action_date\"><None></None></field><field type=\"DateTimeField\" name=\"resolved_date\"><None></None></field><field to=\"auth.user\" name=\"resolved_by\" rel=\"ManyToOneRel\"><None></None></field><field type=\"DateTimeField\" name=\"closed_date\"><None></None></field><field to=\"auth.user\" name=\"closed_by\" rel=\"ManyToOneRel\"><None></None></field><field to=\"auth.user\" name=\"assigned_to\" rel=\"ManyToOneRel\">160</field><field type=\"DateTimeField\" name=\"assigned_date\">2010-02-04 15:46:14</field><field to=\"casetracker.case\" name=\"parent_case\" rel=\"ManyToOneRel\"><None></None></field><field to=\"contenttypes.contenttype\" name=\"object_type\" rel=\"ManyToOneRel\"><None></None></field><field type=\"CharField\" name=\"object_uuid\"><None></None></field></object></django-objects>", 
      "revision": 1
    }
  }, 
  {
    "pk": 1, 
    "model": "casetracker.category", 
    "fields": {
      "category": "Question", 
      "handler_class": "QuestionHandler", 
      "plural": "Questions", 
      "handler_module": "ashandapp.CategoryHandler", 
      "default_status": null
    }
  }, 
  {
    "pk": 2, 
    "model": "casetracker.category", 
    "fields": {
      "category": "Issue", 
      "handler_class": "IssueHandler", 
      "plural": "Issues", 
      "handler_module": "ashandapp.CategoryHandler", 
      "default_status": null
    }
  }, 
  {
    "pk": 3, 
    "model": "casetracker.category", 
    "fields": {
      "category": "Medication", 
      "handler_class": null, 
      "plural": "medications", 
      "handler_module": null, 
      "default_status": null
    }
  }, 
  {
    "pk": 4, 
    "model": "casetracker.category", 
    "fields": {
      "category": "Appointment", 
      "handler_class": null, 
      "plural": "appointments", 
      "handler_module": null, 
      "default_status": null
    }
  }, 
  {
    "pk": 5, 
    "model": "casetracker.category", 
    "fields": {
      "category": "Instruction", 
      "handler_class": null, 
      "plural": "instructions", 
      "handler_module": null, 
      "default_status": null
    }
  }, 
  {
    "pk": 6, 
    "model": "casetracker.category", 
    "fields": {
      "category": "HomeVisit", 
      "handler_class": null, 
      "plural": "home visits", 
      "handler_module": null, 
      "default_status": null
    }
  }, 
  {
    "pk": 7, 
    "model": "casetracker.category", 
    "fields": {
      "category": "Measurement", 
      "handler_class": null, 
      "plural": "measurements", 
      "handler_module": null, 
      "default_status": null
    }
  }, 
  {
    "pk": 1, 
    "model": "casetracker.caseaction", 
    "fields": {
      "description": "Resolve"
    }
  }, 
  {
    "pk": 2, 
    "model": "casetracker.caseaction", 
    "fields": {
      "description": "Close"
    }
  }, 
  {
    "pk": 3, 
    "model": "casetracker.caseaction", 
    "fields": {
      "description": "Follow Up"
    }
  }, 
  {
    "pk": 4, 
    "model": "casetracker.caseaction", 
    "fields": {
      "description": "Assign"
    }
  }, 
  {
    "pk": 5, 
    "model": "casetracker.caseaction", 
    "fields": {
      "description": "Escalate"
    }
  }, 
  {
    "pk": 6, 
    "model": "casetracker.caseaction", 
    "fields": {
      "description": "Query"
    }
  }, 
  {
    "pk": 1, 
    "model": "casetracker.priority", 
    "fields": {
      "default": 0, 
      "magnitude": 1, 
      "description": "Critical"
    }
  }, 
  {
    "pk": 2, 
    "model": "casetracker.priority", 
    "fields": {
      "default": 0, 
      "magnitude": 2, 
      "description": "Warning"
    }
  }, 
  {
    "pk": 3, 
    "model": "casetracker.priority", 
    "fields": {
      "default": 0, 
      "magnitude": 3, 
      "description": "Moderate"
    }
  }, 
  {
    "pk": 4, 
    "model": "casetracker.priority", 
    "fields": {
      "default": 1, 
      "magnitude": 4, 
      "description": "Normal"
    }
  }, 
  {
    "pk": 5, 
    "model": "casetracker.priority", 
    "fields": {
      "default": 0, 
      "magnitude": 5, 
      "description": "Informative"
    }
  }, 
  {
    "pk": 6, 
    "model": "casetracker.priority", 
    "fields": {
      "default": 0, 
      "magnitude": 6, 
      "description": "Informative"
    }
  }, 
  {
    "pk": 7, 
    "model": "casetracker.priority", 
    "fields": {
      "default": 0, 
      "magnitude": 7, 
      "description": "System Message"
    }
  }, 
  {
    "pk": 1, 
    "model": "casetracker.status", 
    "fields": {
      "category": 1, 
      "state_class": "state-open", 
      "description": "Active/Open (default)"
    }
  }, 
  {
    "pk": 2, 
    "model": "casetracker.status", 
    "fields": {
      "category": 1, 
      "state_class": "state-closed", 
      "description": "Closed (default)"
    }
  }, 
  {
    "pk": 3, 
    "model": "casetracker.status", 
    "fields": {
      "category": 1, 
      "state_class": "state-resolved", 
      "description": "Resolved (default)"
    }
  }, 
  {
    "pk": 4, 
    "model": "casetracker.status", 
    "fields": {
      "category": 2, 
      "state_class": "state-open", 
      "description": "Active/Open (default)"
    }
  }, 
  {
    "pk": 5, 
    "model": "casetracker.status", 
    "fields": {
      "category": 2, 
      "state_class": "state-closed", 
      "description": "Closed (default)"
    }
  }, 
  {
    "pk": 6, 
    "model": "casetracker.status", 
    "fields": {
      "category": 2, 
      "state_class": "state-resolved", 
      "description": "Resolved (default)"
    }
  }, 
  {
    "pk": 7, 
    "model": "casetracker.status", 
    "fields": {
      "category": 3, 
      "state_class": "state-open", 
      "description": "Active/Open (default)"
    }
  }, 
  {
    "pk": 8, 
    "model": "casetracker.status", 
    "fields": {
      "category": 3, 
      "state_class": "state-closed", 
      "description": "Closed (default)"
    }
  }, 
  {
    "pk": 9, 
    "model": "casetracker.status", 
    "fields": {
      "category": 3, 
      "state_class": "state-resolved", 
      "description": "Resolved (default)"
    }
  }, 
  {
    "pk": 10, 
    "model": "casetracker.status", 
    "fields": {
      "category": 4, 
      "state_class": "state-open", 
      "description": "Active/Open (default)"
    }
  }, 
  {
    "pk": 11, 
    "model": "casetracker.status", 
    "fields": {
      "category": 4, 
      "state_class": "state-closed", 
      "description": "Closed (default)"
    }
  }, 
  {
    "pk": 12, 
    "model": "casetracker.status", 
    "fields": {
      "category": 4, 
      "state_class": "state-resolved", 
      "description": "Resolved (default)"
    }
  }, 
  {
    "pk": 13, 
    "model": "casetracker.status", 
    "fields": {
      "category": 5, 
      "state_class": "state-open", 
      "description": "Active/Open (default)"
    }
  }, 
  {
    "pk": 14, 
    "model": "casetracker.status", 
    "fields": {
      "category": 5, 
      "state_class": "state-closed", 
      "description": "Closed (default)"
    }
  }, 
  {
    "pk": 15, 
    "model": "casetracker.status", 
    "fields": {
      "category": 5, 
      "state_class": "state-resolved", 
      "description": "Resolved (default)"
    }
  }, 
  {
    "pk": 16, 
    "model": "casetracker.status", 
    "fields": {
      "category": 6, 
      "state_class": "state-open", 
      "description": "Active/Open (default)"
    }
  }, 
  {
    "pk": 17, 
    "model": "casetracker.status", 
    "fields": {
      "category": 6, 
      "state_class": "state-closed", 
      "description": "Closed (default)"
    }
  }, 
  {
    "pk": 18, 
    "model": "casetracker.status", 
    "fields": {
      "category": 6, 
      "state_class": "state-resolved", 
      "description": "Resolved (default)"
    }
  }, 
  {
    "pk": 19, 
    "model": "casetracker.status", 
    "fields": {
      "category": 7, 
      "state_class": "state-open", 
      "description": "Active/Open (default)"
    }
  }, 
  {
    "pk": 20, 
    "model": "casetracker.status", 
    "fields": {
      "category": 7, 
      "state_class": "state-closed", 
      "description": "Closed (default)"
    }
  }, 
  {
    "pk": 21, 
    "model": "casetracker.status", 
    "fields": {
      "category": 7, 
      "state_class": "state-resolved", 
      "description": "Resolved (default)"
    }
  }, 
  {
    "pk": 1, 
    "model": "casetracker.eventactivity", 
    "fields": {
      "category": 2, 
      "phrasing": "edited", 
      "name": "Edit Case", 
      "event_class": "event-edit", 
      "summary": "Edit a case"
    }
  }, 
  {
    "pk": 2, 
    "model": "casetracker.eventactivity", 
    "fields": {
      "category": 2, 
      "phrasing": "emailed", 
      "name": "Email", 
      "event_class": "event-custom", 
      "summary": "email on an issue"
    }
  }, 
  {
    "pk": 3, 
    "model": "casetracker.eventactivity", 
    "fields": {
      "category": 2, 
      "phrasing": "called", 
      "name": "Phone Call", 
      "event_class": "event-custom", 
      "summary": "Make a phone call"
    }
  }, 
  {
    "pk": 4, 
    "model": "casetracker.eventactivity", 
    "fields": {
      "category": 2, 
      "phrasing": "text messaged", 
      "name": "SMS", 
      "event_class": "event-custom", 
      "summary": "Send an SMS"
    }
  }, 
  {
    "pk": 5, 
    "model": "casetracker.eventactivity", 
    "fields": {
      "category": 1, 
      "phrasing": "text messaged", 
      "name": "SMS", 
      "event_class": "event-custom", 
      "summary": "Send an SMS"
    }
  }, 
  {
    "pk": 6, 
    "model": "casetracker.eventactivity", 
    "fields": {
      "category": 1, 
      "phrasing": "called", 
      "name": "Phone Call", 
      "event_class": "event-custom", 
      "summary": "Make a phone call"
    }
  }, 
  {
    "pk": 7, 
    "model": "casetracker.eventactivity", 
    "fields": {
      "category": 1, 
      "phrasing": "opened", 
      "name": "New Case", 
      "event_class": "event-open", 
      "summary": "Created a new case"
    }
  }, 
  {
    "pk": 8, 
    "model": "casetracker.eventactivity", 
    "fields": {
      "category": 2, 
      "phrasing": "opened", 
      "name": "New Case", 
      "event_class": "event-open", 
      "summary": "Created a new case"
    }
  }, 
  {
    "pk": 9, 
    "model": "casetracker.eventactivity", 
    "fields": {
      "category": 1, 
      "phrasing": "edited", 
      "name": "Edit Case", 
      "event_class": "event-edit", 
      "summary": "Edit a case"
    }
  }, 
  {
    "pk": 10, 
    "model": "casetracker.eventactivity", 
    "fields": {
      "category": 1, 
      "phrasing": "viewed", 
      "name": "View Case", 
      "event_class": "event-view", 
      "summary": "View a case"
    }
  }, 
  {
    "pk": 11, 
    "model": "casetracker.eventactivity", 
    "fields": {
      "category": 2, 
      "phrasing": "viewed", 
      "name": "View Case", 
      "event_class": "event-view", 
      "summary": "View a case"
    }
  }, 
  {
    "pk": 12, 
    "model": "casetracker.eventactivity", 
    "fields": {
      "category": 1, 
      "phrasing": "answered", 
      "name": "Answer Question (Resolve)", 
      "event_class": "event-resolve", 
      "summary": "Answer question to resolve a case"
    }
  }, 
  {
    "pk": 13, 
    "model": "casetracker.eventactivity", 
    "fields": {
      "category": 2, 
      "phrasing": "resolved", 
      "name": "Resolve Case", 
      "event_class": "event-resolve", 
      "summary": "Resolve a case"
    }
  }, 
  {
    "pk": 14, 
    "model": "casetracker.eventactivity", 
    "fields": {
      "category": 1, 
      "phrasing": "closed", 
      "name": "Close Case", 
      "event_class": "event-close", 
      "summary": "Close a case"
    }
  }, 
  {
    "pk": 15, 
    "model": "casetracker.eventactivity", 
    "fields": {
      "category": 2, 
      "phrasing": "closed", 
      "name": "Close Case", 
      "event_class": "event-close", 
      "summary": "Close a case"
    }
  }, 
  {
    "pk": 16, 
    "model": "casetracker.eventactivity", 
    "fields": {
      "category": 1, 
      "phrasing": "reopened", 
      "name": "Reopen Case", 
      "event_class": "event-reopen", 
      "summary": "Reopen a case"
    }
  }, 
  {
    "pk": 17, 
    "model": "casetracker.eventactivity", 
    "fields": {
      "category": 2, 
      "phrasing": "reopened", 
      "name": "Reopen Case", 
      "event_class": "event-reopen", 
      "summary": "Reopen a case"
    }
  }, 
  {
    "pk": 18, 
    "model": "casetracker.eventactivity", 
    "fields": {
      "category": 1, 
      "phrasing": "commented", 
      "name": "Comment", 
      "event_class": "event-comment", 
      "summary": "Comment"
    }
  }, 
  {
    "pk": 19, 
    "model": "casetracker.eventactivity", 
    "fields": {
      "category": 2, 
      "phrasing": "commented", 
      "name": "Comment", 
      "event_class": "event-comment", 
      "summary": "comment"
    }
  }, 
  {
    "pk": 1, 
    "model": "casetracker.filter", 
    "fields": {
      "category": null, 
      "status": null, 
      "closed_date": null, 
      "description": "Recent Cases Assigned to Me", 
      "opened_by": null, 
      "creator": 1, 
      "opened_date": null, 
      "last_event_by": null, 
      "resolved_by": null, 
      "resolved_date": null, 
      "last_event_type": null, 
      "priority": null, 
      "next_action_date": null, 
      "assigned_to": 1, 
      "shared": 1, 
      "last_event_date": null, 
      "last_edit_date": -7, 
      "closed_by": null, 
      "last_edit_by": null
    }
  }, 
  {
    "pk": 2, 
    "model": "casetracker.filter", 
    "fields": {
      "category": null, 
      "status": null, 
      "closed_date": null, 
      "description": "All my cases", 
      "opened_by": null, 
      "creator": 1, 
      "opened_date": null, 
      "last_event_by": null, 
      "resolved_by": null, 
      "resolved_date": null, 
      "last_event_type": null, 
      "priority": null, 
      "next_action_date": null, 
      "assigned_to": 1, 
      "shared": 1, 
      "last_event_date": null, 
      "last_edit_date": null, 
      "closed_by": null, 
      "last_edit_by": null
    }
  }, 
  {
    "pk": 2, 
    "model": "casetracker.gridcolumn", 
    "fields": {
      "name": "description"
    }
  }, 
  {
    "pk": 3, 
    "model": "casetracker.gridcolumn", 
    "fields": {
      "name": "category"
    }
  }, 
  {
    "pk": 4, 
    "model": "casetracker.gridcolumn", 
    "fields": {
      "name": "status"
    }
  }, 
  {
    "pk": 5, 
    "model": "casetracker.gridcolumn", 
    "fields": {
      "name": "priority"
    }
  }, 
  {
    "pk": 6, 
    "model": "casetracker.gridcolumn", 
    "fields": {
      "name": "assigned_to"
    }
  }, 
  {
    "pk": 7, 
    "model": "casetracker.gridcolumn", 
    "fields": {
      "name": "opened_by"
    }
  }, 
  {
    "pk": 8, 
    "model": "casetracker.gridcolumn", 
    "fields": {
      "name": "last_edit_by"
    }
  }, 
  {
    "pk": 9, 
    "model": "casetracker.gridcolumn", 
    "fields": {
      "name": "closed_by"
    }
  }, 
  {
    "pk": 10, 
    "model": "casetracker.gridcolumn", 
    "fields": {
      "name": "resolved_by"
    }
  }, 
  {
    "pk": 11, 
    "model": "casetracker.gridcolumn", 
    "fields": {
      "name": "opened_date"
    }
  }, 
  {
    "pk": 12, 
    "model": "casetracker.gridcolumn", 
    "fields": {
      "name": "last_edit_date"
    }
  }, 
  {
    "pk": 13, 
    "model": "casetracker.gridcolumn", 
    "fields": {
      "name": "resolved_date"
    }
  }, 
  {
    "pk": 14, 
    "model": "casetracker.gridcolumn", 
    "fields": {
      "name": "closed_date"
    }
  }, 
  {
    "pk": 15, 
    "model": "casetracker.gridcolumn", 
    "fields": {
      "name": "next_action"
    }
  }, 
  {
    "pk": 16, 
    "model": "casetracker.gridcolumn", 
    "fields": {
      "name": "next_action_date"
    }
  }, 
  {
    "pk": 4, 
    "model": "casetracker.gridsort", 
    "fields": {
      "column": 11, 
      "order": 1, 
      "preference": 2, 
      "ascending": 0
    }
  }, 
  {
    "pk": 2, 
    "model": "casetracker.gridsort", 
    "fields": {
      "column": 5, 
      "order": 1, 
      "preference": 1, 
      "ascending": 1
    }
  }, 
  {
    "pk": 3, 
    "model": "casetracker.gridsort", 
    "fields": {
      "column": 2, 
      "order": 2, 
      "preference": 2, 
      "ascending": 0
    }
  }, 
  {
    "pk": 1, 
    "model": "casetracker.gridsort", 
    "fields": {
      "column": 16, 
      "order": 2, 
      "preference": 1, 
      "ascending": 0
    }
  }, 
  {
    "pk": 7, 
    "model": "casetracker.gridorder", 
    "fields": {
      "column": 11, 
      "preference": 2, 
      "order": 1
    }
  }, 
  {
    "pk": 1, 
    "model": "casetracker.gridorder", 
    "fields": {
      "column": 2, 
      "preference": 1, 
      "order": 1
    }
  }, 
  {
    "pk": 6, 
    "model": "casetracker.gridorder", 
    "fields": {
      "column": 2, 
      "preference": 2, 
      "order": 2
    }
  }, 
  {
    "pk": 2, 
    "model": "casetracker.gridorder", 
    "fields": {
      "column": 3, 
      "preference": 1, 
      "order": 2
    }
  }, 
  {
    "pk": 8, 
    "model": "casetracker.gridorder", 
    "fields": {
      "column": 5, 
      "preference": 2, 
      "order": 3
    }
  }, 
  {
    "pk": 3, 
    "model": "casetracker.gridorder", 
    "fields": {
      "column": 5, 
      "preference": 1, 
      "order": 3
    }
  }, 
  {
    "pk": 9, 
    "model": "casetracker.gridorder", 
    "fields": {
      "column": 12, 
      "preference": 1, 
      "order": 4
    }
  }, 
  {
    "pk": 10, 
    "model": "casetracker.gridorder", 
    "fields": {
      "column": 8, 
      "preference": 1, 
      "order": 5
    }
  }, 
  {
    "pk": 5, 
    "model": "casetracker.gridorder", 
    "fields": {
      "column": 16, 
      "preference": 1, 
      "order": 6
    }
  }, 
  {
    "pk": 1, 
    "model": "casetracker.gridpreference", 
    "fields": {
      "filter": 1
    }
  }, 
  {
    "pk": 2, 
    "model": "casetracker.gridpreference", 
    "fields": {
      "filter": 2
    }
  }, 
  {
    "pk": "8a1f118411a111dfa56d001641e25144", 
    "model": "provider.provider", 
    "fields": {
      "affiliation": "Community Rehabilitation Hopsital", 
      "user": 163, 
      "job_title": "Physical Therapy"
    }
  }, 
  {
    "pk": "8a1f118311a111dfa56d001641e25144", 
    "model": "provider.provider", 
    "fields": {
      "affiliation": "Plainsboro Teaching Hospital", 
      "user": 162, 
      "job_title": "Radiology"
    }
  }, 
  {
    "pk": "8a1f118211a111dfa56d001641e25144", 
    "model": "provider.provider", 
    "fields": {
      "affiliation": "Mass General", 
      "user": 161, 
      "job_title": "Immunology"
    }
  }, 
  {
    "pk": "8a1f118111a111dfa56d001641e25144", 
    "model": "provider.provider", 
    "fields": {
      "affiliation": "Boston University Medical Center", 
      "user": 160, 
      "job_title": "Triage Nurse"
    }
  }, 
  {
    "pk": "8a1f118011a111dfa56d001641e25144", 
    "model": "provider.provider", 
    "fields": {
      "affiliation": "Boston Medical Center", 
      "user": 159, 
      "job_title": "Nurse"
    }
  }, 
  {
    "pk": "8a1f117f11a111dfa56d001641e25144", 
    "model": "provider.provider", 
    "fields": {
      "affiliation": "Plainsboro Teaching Hospital", 
      "user": 158, 
      "job_title": "Oncologist"
    }
  }, 
  {
    "pk": "8a1f117e11a111dfa56d001641e25144", 
    "model": "provider.provider", 
    "fields": {
      "affiliation": "Mass General", 
      "user": 157, 
      "job_title": "Neurology"
    }
  }, 
  {
    "pk": "8a1f117d11a111dfa56d001641e25144", 
    "model": "provider.provider", 
    "fields": {
      "affiliation": "Plainsboro Teaching Hospital", 
      "user": 156, 
      "job_title": "Endocrinology"
    }
  }, 
  {
    "pk": "8a1f117c11a111dfa56d001641e25144", 
    "model": "provider.provider", 
    "fields": {
      "affiliation": "Plainsboro Teaching Hospital", 
      "user": 155, 
      "job_title": "Internal Medicine"
    }
  }, 
  {
    "pk": "8a1f118511a111dfa56d001641e25144", 
    "model": "provider.provider", 
    "fields": {
      "affiliation": "Community Health Center", 
      "user": 164, 
      "job_title": "Nutritionist"
    }
  }, 
  {
    "pk": "8f2c61f0eb5d11debd52001641e25144", 
    "model": "patient.identifiertype", 
    "fields": {
      "regex": "", 
      "shortname": "MRN", 
      "description": "Medical Record Number"
    }
  }, 
  {
    "pk": "be38e861eb5d11de966e001641e25144", 
    "model": "patient.identifiertype", 
    "fields": {
      "regex": "", 
      "shortname": "SSN", 
      "description": "Social Security Number"
    }
  }, 
  {
    "pk": "de38e861eb5d11de966e001641e25144", 
    "model": "patient.identifiertype", 
    "fields": {
      "regex": "", 
      "shortname": "NHINCID", 
      "description": "National Record Number"
    }
  }, 
  {
    "pk": "8a1f117b11a111dfa56d001641e25144", 
    "model": "patient.patient", 
    "fields": {
      "dob": "1946-07-19", 
      "is_primary": 1, 
      "user": 152, 
      "root_patient": null, 
      "sex": "f"
    }
  }, 
  {
    "pk": "8a1f117a11a111dfa56d001641e25144", 
    "model": "patient.patient", 
    "fields": {
      "dob": "1947-10-15", 
      "is_primary": 1, 
      "user": 151, 
      "root_patient": null, 
      "sex": "f"
    }
  }, 
  {
    "pk": 2, 
    "model": "ashandapp.caseprofile", 
    "fields": {
      "last_login_from": "127.0.1.1", 
      "last_login": "2010-02-04 16:41:53", 
      "user": 153, 
      "last_filter": 2
    }
  }, 
  {
    "pk": 3, 
    "model": "ashandapp.caseprofile", 
    "fields": {
      "last_login_from": "127.0.1.1", 
      "last_login": "2010-02-04 16:27:39", 
      "user": 160, 
      "last_filter": 1
    }
  }, 
  {
    "pk": "a479f24011a311dfa56d001641e25144", 
    "model": "ashandapp.providerrole", 
    "fields": {
      "notes": "", 
      "role_description": "", 
      "role": "oncologist"
    }
  }, 
  {
    "pk": "4feeedb211a211dfa56d001641e25144", 
    "model": "ashandapp.providerrole", 
    "fields": {
      "notes": "main", 
      "role_description": "Main Triage Nurse", 
      "role": "nurse-triage"
    }
  }, 
  {
    "pk": "418ef32f11a211dfa56d001641e25144", 
    "model": "ashandapp.providerrole", 
    "fields": {
      "notes": "Long time doctor", 
      "role_description": "Primary Care Physician", 
      "role": "pcp"
    }
  }, 
  {
    "pk": "bb8fad3011a311dfa56d001641e25144", 
    "model": "ashandapp.providerlink", 
    "fields": {
      "careteam": "a13628da11a111dfa56d001641e25144", 
      "notes": "", 
      "role": "4feeedb211a211dfa56d001641e25144", 
      "provider": "8a1f118111a111dfa56d001641e25144"
    }
  }, 
  {
    "pk": "a5fcf87411a311dfa56d001641e25144", 
    "model": "ashandapp.providerlink", 
    "fields": {
      "careteam": "a73102aa11a111dfa56d001641e25144", 
      "notes": "", 
      "role": "a479f24011a311dfa56d001641e25144", 
      "provider": "8a1f117f11a111dfa56d001641e25144"
    }
  }, 
  {
    "pk": "9b9295f611a311dfa56d001641e25144", 
    "model": "ashandapp.providerlink", 
    "fields": {
      "careteam": "a13628da11a111dfa56d001641e25144", 
      "notes": "", 
      "role": "418ef32f11a211dfa56d001641e25144", 
      "provider": "8a1f117c11a111dfa56d001641e25144"
    }
  }, 
  {
    "pk": "93142e5811a311dfa56d001641e25144", 
    "model": "ashandapp.providerlink", 
    "fields": {
      "careteam": "a73102aa11a111dfa56d001641e25144", 
      "notes": "", 
      "role": "4feeedb211a211dfa56d001641e25144", 
      "provider": "8a1f118011a111dfa56d001641e25144"
    }
  }, 
  {
    "pk": "815750be11a311dfa56d001641e25144", 
    "model": "ashandapp.providerlink", 
    "fields": {
      "careteam": "a73102aa11a111dfa56d001641e25144", 
      "notes": "", 
      "role": "418ef32f11a211dfa56d001641e25144", 
      "provider": "8a1f117c11a111dfa56d001641e25144"
    }
  }, 
  {
    "pk": "cc10439a11a311dfa56d001641e25144", 
    "model": "ashandapp.carerelationship", 
    "fields": {
      "relationship_type": "relative", 
      "other_description": "", 
      "notes": ""
    }
  }, 
  {
    "pk": "7ecb83d811a311dfa56d001641e25144", 
    "model": "ashandapp.carerelationship", 
    "fields": {
      "relationship_type": "neighbor", 
      "other_description": "", 
      "notes": ""
    }
  }, 
  {
    "pk": "cd056b2211a311dfa56d001641e25144", 
    "model": "ashandapp.caregiverlink", 
    "fields": {
      "careteam": "a13628da11a111dfa56d001641e25144", 
      "notes": "", 
      "user": 153, 
      "relationship": "cc10439a11a311dfa56d001641e25144"
    }
  }, 
  {
    "pk": "815750bf11a311dfa56d001641e25144", 
    "model": "ashandapp.caregiverlink", 
    "fields": {
      "careteam": "a73102aa11a111dfa56d001641e25144", 
      "notes": "", 
      "user": 154, 
      "relationship": "7ecb83d811a311dfa56d001641e25144"
    }
  }, 
  {
    "pk": "a73102aa11a111dfa56d001641e25144", 
    "model": "ashandapp.careteam", 
    "fields": {
      "patient": "8a1f117b11a111dfa56d001641e25144"
    }
  }, 
  {
    "pk": "a13628da11a111dfa56d001641e25144", 
    "model": "ashandapp.careteam", 
    "fields": {
      "patient": "8a1f117a11a111dfa56d001641e25144"
    }
  }, 
  {
    "pk": 4, 
    "model": "careplan.plancategory", 
    "fields": {
      "name": "Appointments", 
      "description": "Appointment categories"
    }
  }, 
  {
    "pk": 1, 
    "model": "careplan.plancategory", 
    "fields": {
      "name": "Care Goal", 
      "description": "care goals"
    }
  }, 
  {
    "pk": 7, 
    "model": "careplan.plancategory", 
    "fields": {
      "name": "Dietary", 
      "description": "asdfqwer"
    }
  }, 
  {
    "pk": 8, 
    "model": "careplan.plancategory", 
    "fields": {
      "name": "Fitness", 
      "description": "adsfasdf"
    }
  }, 
  {
    "pk": 5, 
    "model": "careplan.plancategory", 
    "fields": {
      "name": "Laboratory", 
      "description": "lab care plan items"
    }
  }, 
  {
    "pk": 3, 
    "model": "careplan.plancategory", 
    "fields": {
      "name": "Medication", 
      "description": "stuff about medication"
    }
  }, 
  {
    "pk": 9, 
    "model": "careplan.plancategory", 
    "fields": {
      "name": "Mental Health", 
      "description": "possible sources of mental duress"
    }
  }, 
  {
    "pk": 2, 
    "model": "careplan.plancategory", 
    "fields": {
      "name": "Patient Instructions", 
      "description": "Instructions fro patient"
    }
  }, 
  {
    "pk": 10, 
    "model": "careplan.plancategory", 
    "fields": {
      "name": "Side Effect Management", 
      "description": "asdfqwer"
    }
  }, 
  {
    "pk": 6, 
    "model": "careplan.plancategory", 
    "fields": {
      "name": "Symptoms", 
      "description": "Symptoms"
    }
  }, 
  {
    "pk": 1, 
    "model": "careplan.templatecareplanitemlink", 
    "fields": {
      "item": "f35632bf076c11dfa56d001641e25144", 
      "plan": "3eb96a6e0abc11dfa56d001641e25144", 
      "order": 1
    }
  }, 
  {
    "pk": 2, 
    "model": "careplan.templatecareplanitemlink", 
    "fields": {
      "item": "f35632b7076c11dfa56d001641e25144", 
      "plan": "3eb96a6e0abc11dfa56d001641e25144", 
      "order": 2
    }
  }, 
  {
    "pk": 3, 
    "model": "careplan.templatecareplanitemlink", 
    "fields": {
      "item": "f35632b6076c11dfa56d001641e25144", 
      "plan": "3eb96a6e0abc11dfa56d001641e25144", 
      "order": 3
    }
  }, 
  {
    "pk": 4, 
    "model": "careplan.templatecareplanitemlink", 
    "fields": {
      "item": "be944876079c11dfa56d001641e25144", 
      "plan": "3eb96a6e0abc11dfa56d001641e25144", 
      "order": 4
    }
  }, 
  {
    "pk": 5, 
    "model": "careplan.templatecareplanitemlink", 
    "fields": {
      "item": "f35632bc076c11dfa56d001641e25144", 
      "plan": "3eb96a6e0abc11dfa56d001641e25144", 
      "order": 5
    }
  }, 
  {
    "pk": "3eb96a6e0abc11dfa56d001641e25144", 
    "model": "careplan.templatecareplan", 
    "fields": {
      "modified_date": "2010-01-26 20:48:58", 
      "modified_by": 2, 
      "title": "Breast Cancer", 
      "created_by": 2, 
      "version": 1, 
      "created_date": "2010-01-26 20:48:58"
    }
  }, 
  {
    "pk": "f35632ac076c11dfa56d001641e25144", 
    "model": "careplan.templatecareplanitem", 
    "fields": {
      "category": [
        1, 
        3
      ], 
      "tags": [], 
      "name": "Adherence", 
      "parent": "f35632c1076c11dfa56d001641e25144", 
      "description": "Adherence goals"
    }
  }, 
  {
    "pk": "f35632ad076c11dfa56d001641e25144", 
    "model": "careplan.templatecareplanitem", 
    "fields": {
      "category": [
        9
      ], 
      "tags": [], 
      "name": "Anxiety", 
      "parent": "f35632bc076c11dfa56d001641e25144", 
      "description": "Sources of Anxiety"
    }
  }, 
  {
    "pk": "f35632ae076c11dfa56d001641e25144", 
    "model": "careplan.templatecareplanitem", 
    "fields": {
      "category": [
        1
      ], 
      "tags": [], 
      "name": "Appointments", 
      "parent": "f35632b7076c11dfa56d001641e25144", 
      "description": "Appointment care goals"
    }
  }, 
  {
    "pk": "f35632af076c11dfa56d001641e25144", 
    "model": "careplan.templatecareplanitem", 
    "fields": {
      "category": [
        6
      ], 
      "tags": [], 
      "name": "Back Pain", 
      "parent": "f35632cb076c11dfa56d001641e25144", 
      "description": "Back pain"
    }
  }, 
  {
    "pk": "f35632b0076c11dfa56d001641e25144", 
    "model": "careplan.templatecareplanitem", 
    "fields": {
      "category": [
        6
      ], 
      "tags": [], 
      "name": "Confusion", 
      "parent": "f35632cb076c11dfa56d001641e25144", 
      "description": "feelings of confusion"
    }
  }, 
  {
    "pk": "f35632b1076c11dfa56d001641e25144", 
    "model": "careplan.templatecareplanitem", 
    "fields": {
      "category": [], 
      "tags": [], 
      "name": "Contact Info", 
      "parent": "f35632bf076c11dfa56d001641e25144", 
      "description": "Get contact info of patient"
    }
  }, 
  {
    "pk": "f35632b2076c11dfa56d001641e25144", 
    "model": "careplan.templatecareplanitem", 
    "fields": {
      "category": [
        8
      ], 
      "tags": [], 
      "name": "Decrease overall fatigue", 
      "parent": "be944876079c11dfa56d001641e25144", 
      "description": "fatigue management"
    }
  }, 
  {
    "pk": "f35632b3076c11dfa56d001641e25144", 
    "model": "careplan.templatecareplanitem", 
    "fields": {
      "category": [
        10
      ], 
      "tags": [], 
      "name": "Diarrhea Management", 
      "parent": "f35632ca076c11dfa56d001641e25144", 
      "description": "<p>\r\nDiarrhea is frequent, loose, or watery bowel movements. It may be caused by chemotherapy, radiation therapy to the pelvis, or by the cancer itself. Diarrhea may also be caused by graft-versus-host-disease (GVHD) in people who have received a bone marrow transplantation. Diarrhea may be described according to the following stages, from mild to severe, established by the National Cancer Institute:\r\n</p>\r\n<ul>\r\n<li>Stage 0 is increased stool frequency, but no diarrhea.</li>\r\n<li>Stage 1 is an increase of less than four stools a day.</li>\r\n<li>Stage 2 is an increase of four to six stools a day or nocturnal (nighttime) stools.</li>\r\n<li>Stage 3 is an increase of more than seven stools a day, or incontinence, or a need for intravenous (IV) fluids to treat dehydration.</li>\r\n<li>Stage 4 is a severe condition that requires intensive care.</li>\r\n</ul>\r\n\r\n<h2>Treatment</h2>\r\n<p>\r\nPreventing diarrhea or treating it early can help a person avoid becoming dehydrated or developing other problems. The following suggestions can help manage mild (stage 1 or 2) diarrhea:\r\n</p>\r\n\r\n<ul>\r\n<li>Avoid caffeine, alcohol, dairy, fat, fiber, orange juice, prune juice, and spicy foods.</li>\r\n<li>Avoid laxatives, metoclopramide (Reglan, used to prevent vomiting and constipation), and stool softeners.</li>\r\n<li>\r\nEat small, frequent meals.</li>\r\n<li>\r\nDrink plenty of water and other liquids to prevent dehydration. People with severe dehydration may need to receive IV fluids.\r\n</li>\r\n</ul>\r\n\r\n<p>Ask your doctor about changing the schedule or dose of chemotherapy if the diarrhea is caused by chemotherapy and is severe.\r\n</p>\r\n<p>\r\nAsk your doctor about antidiarrheal medications. Octreotide (Sandostatin) can be used to treat diarrhea caused by chemotherapy. No drugs have been approved for preventing diarrhea caused by radiation treatments to the pelvic area, but some are being studied. If diarrhea continues after you have made changes to your diet, opioid medications may help to relieve diarrhea.</p>"
    }
  }, 
  {
    "pk": "f35632b4076c11dfa56d001641e25144", 
    "model": "careplan.templatecareplanitem", 
    "fields": {
      "category": [
        7
      ], 
      "tags": [], 
      "name": "Dietary Comfort", 
      "parent": "f35632b6076c11dfa56d001641e25144", 
      "description": "Candy for poor taste"
    }
  }, 
  {
    "pk": "f35632b5076c11dfa56d001641e25144", 
    "model": "careplan.templatecareplanitem", 
    "fields": {
      "category": [
        7, 
        2
      ], 
      "tags": [], 
      "name": "Dietary Education", 
      "parent": "f35632b6076c11dfa56d001641e25144", 
      "description": "<table width=\"771\" cellspacing=\"0\" cellpadding=\"0\" border=\"0\"> \r\n\t\t\t<tr>\t\t\r\n\t\t\t    <td valign=\"top\"><img src=\"/images/spacer.gif\" width=\"9\" height=\"1\" alt=\"\" border=\"0\"></td> \r\n\t\t\t\t\r\n\t\t\t    \r\n\t\t\t\t\r\n\t\t\t\t<!-- Left Nav Column --> \r\n\t\t\t\t<td id=\"leftzone\" valign=\"top\"></td> \r\n\t\t\t\t<!-----------------------> \r\n\t\t\t\t\r\n\t\t\t\t<!-- Red line --> \r\n\t\t\t\t\r\n\t\t\t\t\r\n\t\t\t\t<!-- Main Content Area --> \r\n\t\t\t\t<td id=\"contentzone\" valign=\"top\" width=\"100%\"><a name=\"skiptocontent\"></a><table width=\"650\" cellspacing=\"0\" cellpadding=\"0\" border=\"0\"> \r\n\t<tr> \r\n\t\t<td valign=\"top\"> \r\n<span class=\"page-title\">What You Should Know About Cancer Treatment, Eating Well, and Eating Problems</span><P> \r\n<style type=\"text/css\"> \r\n.callout-box {\r\nbackground-color:E5E5E5;border:1px solid #CCC;color:#333;margin:10px 0 10px 0;padding:10px;\r\n}\r\n</style> \r\n \r\n<p><strong>On this page:</strong></p> \r\n<ul> \r\n<li><a href=\"#1\">People with cancer have different diet needs</a></li> \r\n<li><a href=\"#2\">Cancer treatment can cause side effects that lead to eating problems</a></li> \r\n<li><a href=\"#3\">Things to do and think about before you start cancer treatment</a></li> \r\n<li><a href=\"#4\">Ways you can get ready to eat well</a></li> \r\n<li><a href=\"#5\">Not everyone has eating problems during cancer treatment</a></li> \r\n<li><a href=\"#6\">Talk with your doctor, nurse, or dietitian about foods to eat</a></li> \r\n<li><a href=\"#7\">Ways to get the most from foods and drinks</a></li> \r\n<li><a href=\"#8\">Taking special care with food to avoid infections</a></li> \r\n<li><a href=\"#9\">Using food, vitamins, and other supplements to fight cancer</a></li> \r\n<li><a href=\"#10\">A special note for caregivers</a></li> \r\n</ul> \r\n \r\n<hr> \r\n \r\n<p class=\"header-A\"><a name=\"1\"></a>People with cancer have different diet needs</p> \r\n \r\n<p><img src=\"/images/documents/4ba0dc33-fb69-4977-b86f-f80e2960dbac/eatinghints_pg2_01.jpg\" class=\"right\" align=\"right\" border=\"0\" alt=\"\"> \r\nPeople with cancer often need to follow diets that are different from what they think of as healthy. For most people, a healthy diet includes:</p> \r\n \r\n \r\n<ul> \r\n<li>Lots of fruits and vegetables, and whole grain breads and cereals</li> \r\n<li>Modest amounts of meat and milk products</li> \r\n<li>Small amounts of fat, sugar, alcohol, and salt</li> \r\n</ul> \r\n \r\n<p>When you have cancer, though, you need to eat to keep up your strength to deal with the side effects of treatment. When you are healthy, eating enough food is often not a problem. But when you are dealing with cancer and treatment, this can be a real challenge.</p> \r\n \r\n<p>When you have cancer, you may need extra protein and calories. At times, your diet may need to include extra milk, cheese, and eggs. If you have trouble chewing and swallowing, you may need to add sauces and gravies. Sometimes, you may need to eat low-fiber foods instead of those with high fiber. Your dietitian can help you with any diet changes you may need to make.</p> \r\n \r\n<p><a href=\"#top\" class=\"backtotop-link\"><img src=\"/images/backtotop_red.gif\" alt=\"Back to Top\" border=\"0\">Back to Top</a></p> \r\n \r\n<p class=\"header-A\"><a name=\"2\"></a>Cancer treatment can cause side effects that lead to eating problems</p> \r\n \r\n<p>Cancer treatments are designed to kill cancer cells. But these treatments can also damage healthy cells. Damage to healthy cells can cause side effects. Some of these side effects can lead to eating problems.</p> \r\n \r\n<p>Common eating problems during cancer treatment include:</p> \r\n \r\n<ul> \r\n<li>Appetite loss</li> \r\n<li>Changes in sense of taste or smell</li> \r\n<li>Constipation</li> \r\n<li>Diarrhea</li> \r\n<li>Dry mouth</li> \r\n<li>Lactose intolerance</li> \r\n<li>Nausea</li> \r\n<li>Sore mouth</li> \r\n<li>Sore throat and trouble swallowing</li> \r\n<li>Vomiting</li> \r\n<li>Weight gain</li> \r\n<li>Weight loss</li> \r\n</ul> \r\n \r\n<p>Some people have appetite loss or nausea because they are stressed about cancer and treatment. People who react this way almost always feel better once treatment starts and they know what to expect.</p> \r\n \r\n<p><a href=\"#top\" class=\"backtotop-link\"><img src=\"/images/backtotop_red.gif\" alt=\"Back to Top\" border=\"0\">Back to Top</a></p> \r\n \r\n<p class=\"header-A\"><a name=\"3\"></a><img src=\"/images/documents/4ba0dc33-fb69-4977-b86f-f80e2960dbac/eatinghints_pg2_02.jpg\" class=\"right\" align=\"right\" border=\"0\" alt=\"\"> \r\nThings to do and think about before you start cancer treatment</p> \r\n \r\n<ul> \r\n<li>Until treatment starts you will not know what, if any, side effects or eating problems you may have. If you do have problems, they may be mild. Many side effects can be controlled. Many problems go away when cancer treatment ends.</li> \r\n<li>Think of your cancer treatment as a time to get well and focus just on yourself.</li> \r\n<li>Eat a healthy diet before treatment starts. This helps you stay strong during treatment and lowers your risk of infection.</li> \r\n<li>Go to the dentist. It is important to have a healthy mouth before you start cancer treatment.</li> \r\n<li>Ask your doctor, nurse, or dietitian about medicine that can help with eating problems.</li> \r\n<li>Discuss your fears and worries with your doctor, nurse, or social worker. He or she can discuss ways to manage and cope with these feelings.</li> \r\n<li>Learn about your cancer and its treatment. Many people feel better when they know what to expect. See the list of helpful resources in &ldquo;<a href=\"/cancertopics/eatinghints/page8\">Ways to Learn More</a> <a href=\"#footnote1\"><span class=\"blacktext\"><sup>1</sup></span></a>&rdquo;.</li> \r\n</ul> \r\n \r\n<p><a href=\"#top\" class=\"backtotop-link\"><img src=\"/images/backtotop_red.gif\" alt=\"Back to Top\" border=\"0\">Back to Top</a></p> \r\n \r\n<p class=\"header-A\"><a name=\"4\"></a>Ways you can get ready to eat well</p> \r\n \r\n<ul> \r\n<li>Fill the refrigerator, cupboard, and freezer with healthy foods. Make sure to include items you can eat even when you feel sick.</li> \r\n<li><img src=\"/images/documents/4ba0dc33-fb69-4977-b86f-f80e2960dbac/eatinghints_pg2_03.jpg\" class=\"right\" align=\"right\" border=\"0\" alt=\"\">Stock up on foods that need little or no cooking, such as frozen dinners and ready-to-eat cooked foods.</li> \r\n<li>Cook some foods ahead of time and freeze in meal-sized portions.</li> \r\n<li>Ask friends or family to help you shop and cook during treatment. Maybe a friend can set up a schedule of the tasks that need to be done and the people who will do them.</li> \r\n<li>Talk with your doctor, nurse, or dietitian about what to expect. See the lists of foods and drinks that can help with many types of eating problems.</li> \r\n</ul> \r\n \r\n<p><a href=\"#top\" class=\"backtotop-link\"><img src=\"/images/backtotop_red.gif\" alt=\"Back to Top\" border=\"0\">Back to Top</a></p> \r\n \r\n<p class=\"header-A\"><a name=\"5\"></a>Not everyone has eating problems during cancer treatment</p> \r\n<p>There is no way to know if you will have eating problems and, if so, how bad they will be. You may have just a few problems or none at all. In part, this depends on the type of cancer you have, where it is in your body, what kind of treatment you have, how long treatment lasts, and the doses of treatment you receive.</p> \r\n<p>During treatment, there are many helpful medicines and other ways to manage eating problems. Once treatment ends, many eating problems go away. Your doctor, nurse, or dietitian can tell you more about the types of eating problems you might expect and ways to manage them.  If you start to have eating problems, tell your doctor or nurse right away.</p> \r\n \r\n<div class=\"callout-box\">If you start to have eating problems, tell your doctor or nurse right away.</div> \r\n \r\n<p><a href=\"#top\" class=\"backtotop-link\"><img src=\"/images/backtotop_red.gif\" alt=\"Back to Top\" border=\"0\">Back to Top</a></p> \r\n \r\n<p class=\"header-A\"><a name=\"6\"></a>Talk with your doctor, nurse, or dietitian about foods to eat</p> \r\n<p>Talk with your doctor or nurse if you are not sure what to eat during cancer treatment. Ask him or her to refer you to a dietitian. A dietitian is the best person to talk with about your diet. He or she can help choose foods and drinks that are best for you during treatment and after.\r\n</p> \r\n<p><img src=\"/images/documents/4ba0dc33-fb69-4977-b86f-f80e2960dbac/eatinghints_pg2_04.jpg\" class=\"left\" align=\"left\" border=\"0\" alt=\"\"> \r\nMake a list of questions for your meeting with the dietitian. Ask about your favorite foods and recipes and if you can eat them during cancer treatment. You might want to find out how other patients manage their eating problems. You can also bring this book and ask the dietitian to mark sections that are right for you.\r\n</p> \r\n<p> \r\nIf you are already on a special diet for diabetes, kidney or heart disease, or other health problem, it is even more important to speak with a doctor and dietitian. Your doctor and dietitian can advise you about how to follow your special diet while coping with eating problems caused by cancer treatment.\r\n</p> \r\n<p> \r\nFor more information on how to find a dietitian, contact the American Dietetic Association. See &ldquo;<a href=\"/cancertopics/eatinghints/page8\">Ways to Learn More</a> <a href=\"#footnote1\"><span class=\"blacktext\"><sup>1</sup></span></a>&rdquo;  for ways to reach them.\r\n</p> \r\n \r\n<p><a href=\"#top\" class=\"backtotop-link\"><img src=\"/images/backtotop_red.gif\" alt=\"Back to Top\" border=\"0\">Back to Top</a></p> \r\n \r\n<p class=\"header-A\"><a name=\"7\"></a>Ways to get the most from foods and drinks</p> \r\n \r\n<p>During treatment, you may have good days and bad days when it comes to food. Here are some ways to manage:</p> \r\n \r\n<ul> \r\n<li>Eat plenty of protein and calories when you can. This helps you keep up your strength and helps rebuild tissues harmed by cancer treatment.</li> \r\n<li><img src=\"/images/documents/4ba0dc33-fb69-4977-b86f-f80e2960dbac/eatinghints_pg2_05.jpg\" class=\"right\" align=\"right\" border=\"0\" alt=\"\">Eat when you have the biggest appetite. For many people, this is in the morning. You might want to eat a bigger meal early in the day and drink liquid meal replacements later on.</li> \r\n<li>Eat those foods that you can, even if it is only one or two items. Stick with these foods until you are able to eat more. You might also drink liquid meal replacements for extra calories and protein.</li> \r\n<li>Do not worry if you cannot eat at all some days. Spend this time finding other ways to feel better, and start eating when you can. Tell your doctor if you cannot eat for more than 2 days.</li> \r\n<li>Drink plenty of liquids. It is even more important to get plenty to drink on days when you cannot eat. Drinking a lot helps your body get the liquid it needs. Most adults should drink 8 to 12 cups of liquid a day. You may find this easier to do if you keep a water bottle nearby. See the list of <a href=\"/cancertopics/eatinghints/page7#1\">clear liquids</a> <a href=\"#footnote2\"><span class=\"blacktext\"><sup>2</sup></span></a> for other ideas.</li> \r\n</ul> \r\n \r\n<p><img src=\"/images/documents/4ba0dc33-fb69-4977-b86f-f80e2960dbac/eating_hints_row_cups.jpg\" class=\"left\" align=\"left\" border=\"0\" alt=\"\"></p> \r\n \r\n<p><a href=\"#top\" class=\"backtotop-link\"><img src=\"/images/backtotop_red.gif\" alt=\"Back to Top\" border=\"0\">Back to Top</a></p> \r\n \r\n<p class=\"header-A\"><a name=\"8\"></a>Taking special care with food to avoid infections</p> \r\n<p><img src=\"/images/documents/4ba0dc33-fb69-4977-b86f-f80e2960dbac/eatinghints_pg2_06.jpg\" class=\"right\" align=\"right\" border=\"0\" alt=\"\">Some cancer treatments can make you more likely to get infections. When this happens, you need to take special care in the way you handle and prepare food. Here are some ways:</p> \r\n \r\n<ul> \r\n<li>Keep hot foods hot and cold foods cold. Put leftovers in the refrigerator as soon as you are done eating.</li> \r\n<li>Scrub all raw fruits and vegetables before you eat them.\r\nDo not eat foods (like raspberries) that cannot be washed\r\nwell. You should scrub fruits and vegetables that have rough\r\nsurfaces, such as melons, before you cut them..</li> \r\n<li>Wash your hands, knives, and counter tops before and after you prepare food. This is most important when preparing raw meat, chicken, turkey, and fish.</li> \r\n<li>Use one cutting board for meat and one for fruits and vegetables.</li> \r\n<li>Thaw meat, chicken, turkey, and fish in the refrigerator or defrost them in the microwave. Do not leave them sitting out.</li> \r\n<li>Cook meat, chicken, turkey, and eggs thoroughly. Meats should not have any pink inside. Eggs should be hard, not runny.</li> \r\n<li>Do not eat raw fish or shellfish, such as sushi and uncooked oysters.</li> \r\n<li>Make sure that all of your juices, milk products, and honey are pasteurized.</li> \r\n<li>Do not use foods or drinks that are past their freshness date.</li> \r\n<li>Do not buy foods from bulk bins.</li> \r\n<li>Do not eat at buffets, salad bars, or self-service restaurants.</li> \r\n<li>Do not eat foods that show signs of mold. This includes moldy cheeses such as bleu cheese and Roquefort.</li> \r\n</ul> \r\n<p>For more information about infection and cancer treatment, see <em><a href=\"/cancertopics/chemotherapy-and-you\">Chemotherapy and You: Support for People With Cancer</a> <a href=\"#footnote3\"><span class=\"blacktext\"><sup>3</sup></span></a></em> a book from the National Cancer Institute. You can get it free by calling 1-800-4-CANCER (1-800-422-6237) or online at <a href=\"http://www.cancer.gov/publications\">http://www.cancer.gov/publications</a>.</p> \r\n \r\n<p><a href=\"#top\" class=\"backtotop-link\"><img src=\"/images/backtotop_red.gif\" alt=\"Back to Top\" border=\"0\">Back to Top</a></p> \r\n \r\n<p class=\"header-A\"><a name=\"9\"></a>Using food, vitamins, and other supplements to fight cancer</p> \r\n<p>Many people want to know how they can help their body fight cancer by eating certain foods or taking vitamins or supplements. But, there are no studies that prove that any special diet, food, vitamin, mineral, dietary supplement, herb, or combination of these can slow cancer, cure it, or keep it from coming back. In fact, some of these products can cause other problems by changing how your cancer treatment works.\r\n</p> \r\n<p><img src=\"/images/documents/4ba0dc33-fb69-4977-b86f-f80e2960dbac/eatinghints_pg2_07.jpg\" class=\"left\" align=\"left\" border=\"0\" alt=\"\">Talk with your doctor, nurse, or dietitian before going on a special diet or taking any supplements. To avoid problems, be sure to follow their advice.</p> \r\n \r\n<p>For more information about complementary and alternative therapies, see <em><a href=\"/cancertopics/thinking-about-CAM\">Thinking About Complementary &amp; Alternative Medicine: A Guide for People With Cancer</a> <a href=\"#footnote4\"><span class=\"blacktext\"><sup>4</sup></span></a></em>. You can get this book free from the National Cancer Institute. Call 1-800-4-CANCER (1-800-422-6237) or order online at <a href=\"http://www.cancer.gov/publications\">http://www.cancer.gov/publications</a>.</p> \r\n \r\n<div class=\"callout-box\">Talk with your doctor before going on a special diet or taking any supplements. Some vitamins and supplements can change how your cancer treatment works.</div> \r\n \r\n<p><a href=\"#top\" class=\"backtotop-link\"><img src=\"/images/backtotop_red.gif\" alt=\"Back to Top\" border=\"0\">Back to Top</a></p> \r\n \r\n<p class=\"header-A\"><a name=\"10\"></a>A special note for caregivers</p> \r\n \r\n<ul> \r\n<li><strong>Do not be surprised or upset if your loved one&rsquo;s tastes change from day to day.</strong> \r\nThere may be days when he or she does not want a favorite food or says it tastes bad now.</li> \r\n<li><strong>Keep food within easy reach.</strong> This way, your loved one can have a snack when he or she is ready to eat. You might put a snack-pack of applesauce or pudding (along with a spoon) on the bedside table. Or try keeping a bag of cut-up carrots on the refrigerator shelf.</li> \r\n<li><img src=\"/images/documents/4ba0dc33-fb69-4977-b86f-f80e2960dbac/eatinghints_pg2_08.jpg\" class=\"right\" align=\"right\" border=\"0\" alt=\"\"><strong>Offer gentle support.</strong> This is much more helpful than pushing your loved one to eat. Suggest that he or she drinks plenty of clear and full liquids when he or she has no appetite. For ideas, see the lists of <a href=\"/cancertopics/eatinghints/page7#1\">clear liquids</a> <a href=\"#footnote2\"><span class=\"blacktext\"><sup>2</sup></span></a> and <a href=\"/cancertopics/eatinghints/page7#2\">full-liquid foods</a> <a href=\"#footnote5\"><span class=\"blacktext\"><sup>5</sup></span></a>.</li> \r\n<li><strong>Talk with your loved one about ways to manage eating problems.</strong> Doing this together can help you both feel more in control.</li> \r\n</ul> \r\n \r\n<p>For more information about being a caregiver, see <em><a href=\"/cancertopics/when-someone-you-love-is-treated\">When Someone You Love Is Being Treated for Cancer</a> <a href=\"#footnote6\"><span class=\"blacktext\"><sup>6</sup></span></a></em>. You can get this book free from the National Cancer Institute. Call 1-800-4-CANCER (1-800-422-6237) or order online at <a href=\"http://www.cancer.gov/publications\">http://www.cancer.gov/publications</a>.</p>\t\t</td> \r\n\t</tr> \r\n</table> \r\n<BR><BR><a name=\"Table of Links\"></a><h2>Table of Links</h2><P><table border=\"0\" cellspacing=\"2\" cellpadding=\"0\"> \r\n<tr><td valign=\"top\"><a name=\"footnote1\"></a><b><sup>1</sup></b></td><td valign=\"top\">http://www.cancer.gov/cancertopics/eatinghints/page8</td></tr> \r\n<tr><td valign=\"top\"><a name=\"footnote2\"></a><b><sup>2</sup></b></td><td valign=\"top\">http://www.cancer.gov/cancertopics/eatinghints/page7#1</td></tr> \r\n<tr><td valign=\"top\"><a name=\"footnote3\"></a><b><sup>3</sup></b></td><td valign=\"top\">http://www.cancer.gov/cancertopics/chemotherapy-and-you</td></tr> \r\n<tr><td valign=\"top\"><a name=\"footnote4\"></a><b><sup>4</sup></b></td><td valign=\"top\">http://www.cancer.gov/cancertopics/thinking-about-CAM</td></tr> \r\n<tr><td valign=\"top\"><a name=\"footnote5\"></a><b><sup>5</sup></b></td><td valign=\"top\">http://www.cancer.gov/cancertopics/eatinghints/page7#2</td></tr> \r\n<tr><td valign=\"top\"><a name=\"footnote6\"></a><b><sup>6</sup></b></td><td valign=\"top\">http://www.cancer.gov/cancertopics/when-someone-you-love-is-treated</td></tr> \r\n</table> \r\n</td> \r\n\t\t\t\t<!-----------------------> \r\n\t\t\t\t\r\n\t\t\t\t<td valign=\"top\"><img src=\"/images/spacer.gif\" width=\"10\" height=\"1\" alt=\"\" border=\"0\"></td> \r\n\t\t\t</tr> \r\n\t\t</table> "
    }
  }, 
  {
    "pk": "f35632b6076c11dfa56d001641e25144", 
    "model": "careplan.templatecareplanitem", 
    "fields": {
      "category": [
        1
      ], 
      "tags": [], 
      "name": "Dietary Goals", 
      "parent": null, 
      "description": "dietary goals"
    }
  }, 
  {
    "pk": "f35632b7076c11dfa56d001641e25144", 
    "model": "careplan.templatecareplanitem", 
    "fields": {
      "category": [
        1
      ], 
      "tags": [], 
      "name": "Disease Management", 
      "parent": null, 
      "description": "Disease management care goal"
    }
  }, 
  {
    "pk": "f35632b8076c11dfa56d001641e25144", 
    "model": "careplan.templatecareplanitem", 
    "fields": {
      "category": [
        2, 
        10
      ], 
      "tags": [], 
      "name": "Drug-induced neuropathy", 
      "parent": "f35632ca076c11dfa56d001641e25144", 
      "description": "Increased risk of falls and burns.  should "
    }
  }, 
  {
    "pk": "f35632b9076c11dfa56d001641e25144", 
    "model": "careplan.templatecareplanitem", 
    "fields": {
      "category": [
        9
      ], 
      "tags": [], 
      "name": "Fear of recurrence", 
      "parent": "f35632ad076c11dfa56d001641e25144", 
      "description": "Social work"
    }
  }, 
  {
    "pk": "be944876079c11dfa56d001641e25144", 
    "model": "careplan.templatecareplanitem", 
    "fields": {
      "category": [
        1
      ], 
      "tags": [], 
      "name": "Fitness", 
      "parent": null, 
      "description": "Fitness care goals"
    }
  }, 
  {
    "pk": "f35632bf076c11dfa56d001641e25144", 
    "model": "careplan.templatecareplanitem", 
    "fields": {
      "category": [
        1
      ], 
      "tags": [], 
      "name": "Home Care", 
      "parent": null, 
      "description": "Home based care plan"
    }
  }, 
  {
    "pk": "f35632c0076c11dfa56d001641e25144", 
    "model": "careplan.templatecareplanitem", 
    "fields": {
      "category": [], 
      "tags": [], 
      "name": "Imaging", 
      "parent": "f35632ba076c11dfa56d001641e25144", 
      "description": "Imaging for investigations"
    }
  }, 
  {
    "pk": "fe5784a011a611dfa56d001641e25144", 
    "model": "careplan.templatecareplanitem", 
    "fields": {
      "category": [
        10
      ], 
      "tags": [], 
      "name": "Infections/Fever", 
      "parent": "f35632ca076c11dfa56d001641e25144", 
      "description": "<h2> \r\n            Infection\r\n            </h2> \r\n \r\n        \r\n                <p> \r\n\t\t\t\t<strong> \r\n                    This section has been reviewed and approved by the <a onclick=\"javascript:switchdiv(20464)\" href=\"/vgn-ext-templating/v/index.jsp?vgnextoid=befa03e8448d9010VgnVCM100000f2730ad1RCRD&sectionId=20464&vgnextrefresh=1\" id=\"href20464\">Cancer.Net Editorial Board</a>,\r\n \r\n    \r\n                <span class=\"body_text\"> \r\n                    <B>4/09</B><br/><br/> \r\n                </span> \r\n \r\n    </strong></p> \r\n\t\r\n         \r\n                            <div id = \"38588\"> \r\n \r\n                            \r\n                                <p><p>An infection occurs when harmful bacteria, viruses, or fungi (such as yeast) invade the body and the immune system is not able to destroy them quickly enough. People with cancer are more likely to develop infections because both cancer and cancer treatments can weaken your immune system.</p> \r\n \r\n<p><b>The immune system</b></p> \r\n \r\n<p>The immune system fights harmful organisms (bacteria, viruses, and fungi) that try to invade the body. The immune system includes the skin, the spleen, the lymph nodes, and the bone marrow (a spongy, fatty tissue found inside larger bones). It also includes leukocytes, the infection-fighting white blood cells (WBCs) that are made inside the bone marrow. If not enough WBCs are present, a condition called leukopenia results, and the body is less able to fight an infection. Some WBCs, called neutrophils, are able to destroy harmful bacteria. A low level of neutrophils, called <a href=\"/vgn-ext-templating/v/index.jsp?vgnextoid=97e341eca8daa010VgnVCM100000ed730ad1RCRD&vgnextchannel=5c47ea97a56d9010VgnVCM100000f2730ad1RCRD\" alt=\"neutropenia\">neutropenia</a>, can increase the risk of dangerous bacterial infections.</p> \r\n \r\n<p><b>Causes</b></p> \r\n \r\n<p>Cancer and cancer treatment can interfere with the functioning of the immune system in several ways:</p> \r\n \r\n<ul> \r\n<li>Because the immune system is busy fighting the cancer, it is less able to protect against other infections at the same time.<br> \r\n<br> \r\n</li> \r\n \r\n<li>Lack of sleep, stress, poor diet, and other side effects of cancer and cancer treatment may weaken the immune system.<br> \r\n<br> \r\n</li> \r\n \r\n<li>Chemotherapy may cause the bone marrow and other parts of the immune system to malfunction, lowering the production of WBCs.<br> \r\n<br> \r\n</li> \r\n \r\n<li>Radiation therapy can also affect the bone marrow, especially if given to extensive areas of the body or to bones in the pelvis, legs, chest, or abdomen.<br> \r\n<br> \r\n</li> \r\n \r\n<li>Cancers that affect the bone marrow directly (including leukemia or lymphoma) or cancers that metastasize (spread) to the bone (such breast or lung cancers) can crowd normal bone marrow cells, lowering WBC production.</li> \r\n</ul> \r\n \r\n<p><b>Signs and symptoms</b></p> \r\n \r\n<p>People with cancer and neutropenia or a low WBC count are at risk for having a minor infection become serious. Infections can start almost anywhere, but common places include the mouth, skin, lungs, urinary tract, rectum, and genital areas (such as the vagina). Talk to your doctor right away if you experience any of the following signs of infection:</p> \r\n \r\n<ul> \r\n<li>A fever (temperature of 100.5\u00b0F or higher)<br> \r\n<br> \r\n</li> \r\n \r\n<li>Chills or sweating<br> \r\n<br> \r\n</li> \r\n \r\n<li>Sore throat or sores in the mouth<br> \r\n<br> \r\n</li> \r\n \r\n<li>Abdominal pain<br> \r\n<br> \r\n</li> \r\n \r\n<li>Pain or burning when urinating or frequent urination<br> \r\n<br> \r\n</li> \r\n \r\n<li>Diarrhea or sores around the anus<br> \r\n<br> \r\n</li> \r\n \r\n<li>A cough or shortness of breath<br> \r\n<br> \r\n</li> \r\n \r\n<li>Any redness, swelling, or pain, particularly around a cut or wound<br> \r\n<br> \r\n</li> \r\n \r\n<li>Unusual vaginal discharge or itching</li> \r\n</ul> \r\n \r\n<p><b>Treatment</b></p> \r\n \r\n<p>If a person has neutropenia or their overall WBC count is low, the doctor may decide to treat the conditions with medications, such as filgrastim (Neupogen), pegfilgrastim (Neulasta), or sargramostim (Leukine or Prokine) to encourage the body to make more neutrophils or other types of WBCs to reduce the risk of an infection. Learn more about <a href=\"/vgn-ext-templating/v/index.jsp?vgnextoid=e2215adc8851b010VgnVCM100000ed730ad1RCRD&vgnextchannel=505a03e8448d9010VgnVCM100000f2730ad1RCRD\" alt=\"ASCO\u2019s recommendations for white blood cell growth factors\">ASCO\u2019s recommendations for white blood cell growth factors</a>.</p> \r\n \r\n<p>If an infection occurs, patients may be treated with antibiotics or antifungal medications. If neutropenia and a fever develop together (called neutropenic fever), patients may need to be hospitalized in order to receive intravenous (IV) antibiotics. Patients at high risk for developing an infection, because of neutropenia or because of chemotherapy or radiation therapy, may be treated with prophylactic (preventive) antibiotics or antifungal medications.</p> \r\n \r\n<p><b>Tips for preventing infections</b></p> \r\n \r\n<p>In addition to receiving treatment from your doctor, the following suggestions can help prevent infections:</p> \r\n \r\n<ul> \r\n<li>Get plenty of rest and eat a well-balanced diet.<br> \r\n<br> \r\n</li> \r\n \r\n<li>Try to avoid crowded places and contact with people who are ill.<br> \r\n<br> \r\n</li> \r\n \r\n<li>Do not share food, drink cups, utensils, or other personal items, such as toothbrushes.<br> \r\n<br> \r\n</li> \r\n \r\n<li>Wash your hands frequently, especially after using the bathroom or before eating.<br> \r\n<br> \r\n</li> \r\n \r\n<li>Shower or bathe daily and use lotion to prevent your skin from becoming dry and cracked.<br> \r\n<br> \r\n</li> \r\n \r\n<li>Be careful using sharp objects, such as scissors or knives, and use an electric shaver to avoid cuts.<br> \r\n<br> \r\n</li> \r\n \r\n<li>Do not eat raw foods, including meats, shellfish, and eggs, and avoid or carefully wash raw fruits and vegetables.<br> \r\n<br> \r\n</li> \r\n \r\n<li>Do not change cat litter or handle animal waste.<br> \r\n<br> \r\n</li> \r\n \r\n<li>Use gloves for gardening and housework, especially while cleaning.<br> \r\n<br> \r\n</li> \r\n \r\n<li>Clean your teeth and gums with a soft toothbrush and, if your doctor or dentist recommends one, use a mouthwash to prevent infections.</li> \r\n</ul> \r\n \r\n<p><i><b>More Information</b></i></p> \r\n \r\n<p><a href=\"/vgn-ext-templating/v/index.jsp?vgnextoid=5c47ea97a56d9010VgnVCM100000f2730ad1RCRD\" alt=\"Managing Side Effects\">Managing Side Effects</a></p></p> \r\n \r\n                            \r\n                                <br><br> \r\n                                <span class=\"body_text\">Last Updated: April 27, 2009</span><br/><br/> \r\n                            \r\n \r\n                        \r\n \r\n                            </div> "
    }
  }, 
  {
    "pk": "f35632c2076c11dfa56d001641e25144", 
    "model": "careplan.templatecareplanitem", 
    "fields": {
      "category": [
        2
      ], 
      "tags": [], 
      "name": "Instructions", 
      "parent": "f35632bf076c11dfa56d001641e25144", 
      "description": "Instructions from patient"
    }
  }, 
  {
    "pk": "f35632ba076c11dfa56d001641e25144", 
    "model": "careplan.templatecareplanitem", 
    "fields": {
      "category": [], 
      "tags": [], 
      "name": "Investigations", 
      "parent": "f35632b7076c11dfa56d001641e25144", 
      "description": "Investigations/observations on patient"
    }
  }, 
  {
    "pk": "f35632bb076c11dfa56d001641e25144", 
    "model": "careplan.templatecareplanitem", 
    "fields": {
      "category": [
        5
      ], 
      "tags": [], 
      "name": "Labs", 
      "parent": "f35632ba076c11dfa56d001641e25144", 
      "description": "Laboraory visits\r\n(week after nadir visit)"
    }
  }, 
  {
    "pk": "f35632bc076c11dfa56d001641e25144", 
    "model": "careplan.templatecareplanitem", 
    "fields": {
      "category": [
        1
      ], 
      "tags": [], 
      "name": "Lifestyle Management", 
      "parent": null, 
      "description": "asfdsdf"
    }
  }, 
  {
    "pk": "f35632bd076c11dfa56d001641e25144", 
    "model": "careplan.templatecareplanitem", 
    "fields": {
      "category": [
        4
      ], 
      "tags": [], 
      "name": "Logistics", 
      "parent": "f35632ae076c11dfa56d001641e25144", 
      "description": "logistics around appointments"
    }
  }, 
  {
    "pk": "f35632be076c11dfa56d001641e25144", 
    "model": "careplan.templatecareplanitem", 
    "fields": {
      "category": [
        1, 
        7
      ], 
      "tags": [], 
      "name": "Maintain Weight", 
      "parent": "f35632b6076c11dfa56d001641e25144", 
      "description": "maintain curent weight"
    }
  }, 
  {
    "pk": "f35632c9076c11dfa56d001641e25144", 
    "model": "careplan.templatecareplanitem", 
    "fields": {
      "category": [
        3
      ], 
      "tags": [], 
      "name": "Medical Side Effect Management", 
      "parent": "f35632c1076c11dfa56d001641e25144", 
      "description": "Managing side effects"
    }
  }, 
  {
    "pk": "f35632c1076c11dfa56d001641e25144", 
    "model": "careplan.templatecareplanitem", 
    "fields": {
      "category": [
        3
      ], 
      "tags": [], 
      "name": "Medication Management", 
      "parent": "f35632b7076c11dfa56d001641e25144", 
      "description": "Management of all aspects of medication"
    }
  }, 
  {
    "pk": "4652298a118011dfa56d001641e25144", 
    "model": "careplan.templatecareplanitem", 
    "fields": {
      "category": [
        10
      ], 
      "tags": [], 
      "name": "Pain Management", 
      "parent": "f35632ca076c11dfa56d001641e25144", 
      "description": "<h2> \r\n\t\t\t\t\tPain - ASCO curriculum\r\n\t\t\t\t</h2> \r\n    \r\n\t\t\t\t\t<br> \r\n\t\t\t\t\t<span class=\"body_text\">Last Updated: September 11, 2009</span><br/> \r\n\t\t\t\t\r\n \r\n \r\n\t\t\t\t<p> \r\n\t\t\t\t<strong> \r\n\t\t\t\t\tThis section has been reviewed and approved by the <a onclick=\"javascript:switchdiv(20464)\" \"vgn-ext-templating/v/index.jsp?vgnextoid/id=href20464 =\"\">Cancer.Net Editorial Board</a>,\r\n\t\t\t\t\r\n \r\n\t\r\n\t\t\t\t&nbsp;09/09\r\n \r\n\t</strong></p> \r\n \r\n \r\n\t\t\t<p> \r\n\t\t\t\t\r\n\t\t\t</p> \r\n \r\n \r\n\t\t\t\r\n\t\t\t\t\t\t<p> \r\n\t\t\t\t\t\t<p>Pain is a common symptom in people with cancer. At the time of diagnosis, 30% to 40% of people experience pain. If the cancer has spread, 65% to 85% of people experience pain, and up to 95% of cancer pain can be treated successfully. Pain can make other aspects of cancer seem worse, such as fatigue, weakness, shortness of breath, nausea, constipation, sleep disturbances, depression, anxiety, and mental confusion.</p> \r\n \r\n<p>However, not all people with cancer benefit from pain relief strategies because they don\u2019t share the symptoms with their health care team or have worries about the medications used to relieve pain. It is important to communicate with your doctor and nurses about your pain so they can develop a plan to relieve it.</p> \r\n \r\n<p><b>Causes</b></p> \r\n \r\n<p>Pain can come from the tumor itself or may be a result of cancer treatment.</p> \r\n \r\n<p><b>The tumor.</b> If a tumor grows and spreads to the bones or other organs, it can put pressure on nerves and damage them, causing pain. If cancer spreads or grows around the spinal cord, it can cause a compression of the spinal cord, which can lead to severe pain or paralysis if not treated.</p> \r\n \r\n<p><b>Surgery.</b> It is normal to experience pain from cancer surgery. Most pain goes away after a while, but some people may have persistent pain for months or years from permanent damage to the nerves.</p> \r\n \r\n<p><b>Radiation therapy.</b> Pain may develop after radiation therapy and go away on its own. It can also develop months or years after treatment, especially after radiation therapy to the chest, breast, or spinal cord.</p> \r\n \r\n<p><b>Chemotherapy.</b> Some chemotherapy can cause pain along with numbness in the fingers and toes. Usually this pain goes away when treatment is finished, but sometimes the damage is permanent. <a \"vgn-ext-templating/v/index.jsp?vgnextoid/alt=Peripheral neuropathy =\"\">Learn more about peripheral neuropathy</a>.</p> \r\n \r\n<p><b>Diagnosis</b></p> \r\n \r\n<p>You know your own pain best. The doctor's job in managing pain is to listen to you, believe you, offer a solution, and keep repeating this process as long as the pain lasts. Your doctor may ask the following questions about your pain:</p> \r\n \r\n<ul> \r\n<li>Where it hurts<br> \r\n<br> \r\n</li> \r\n \r\n<li>When the pain stops and starts<br> \r\n<br> \r\n</li> \r\n \r\n<li>How long it has been there<br> \r\n<br> \r\n</li> \r\n \r\n<li>How intense the pain is</li> \r\n</ul> \r\n \r\n<p>The doctor may also ask you to describe the pain using a scale from 1 to 10 or offer words that help describe the pain, such as burning, stabbing, or throbbing.</p> \r\n \r\n<p><b>Managing pain</b></p> \r\n \r\n<p>Doctors can treat pain in several ways:</p> \r\n \r\n<ul> \r\n<li>Fixing the source of pain, such as treating the tumor or reducing inflammation<br> \r\n<br> \r\n</li> \r\n \r\n<li>Changing the perception of pain, usually with pain-killing medications<br> \r\n<br> \r\n</li> \r\n \r\n<li>Interfering with pain signals sent to the brain, through spinal treatments or nerve blocks</li> \r\n</ul> \r\n \r\n<p>Depending on the source of the pain and the person's health, there are many different combinations of medications and ways to give them. Most doctors know how to manage most pain, most of the time. Sometimes, pain and palliative care specialists (specialists who care for the physical, spiritual, psychological, and social needs of a person with cancer) are available as a resource to help patients manage more intense pain.</p> \r\n \r\n<p><b>Pain medications</b></p> \r\n \r\n<p>ASCO recommends the use of the <a \"http://www.who.int/cancer/palliative/painladder/en/\" targer=\"_new\">pain treatment ladder</a> developed by the World Health Organization (WHO). Using this system, mild to moderate pain is treated with mild painkillers (analgesics), and if the pain increases to moderate or severe, it is treated with opioid drugs, such as morphine. Pain medicines can be given in different ways, depending on the drug and the patient's overall condition:</p> \r\n \r\n<ul> \r\n<li>By mouth (oral)<br> \r\n<br> \r\n</li> \r\n \r\n<li>Under the tongue or inside the cheek<br> \r\n<br> \r\n</li> \r\n \r\n<li>Under the skin<br> \r\n<br> \r\n</li> \r\n \r\n<li>Into the veins (intravenous or IV)<br> \r\n<br> \r\n</li> \r\n \r\n<li>Into the spine or area around the spine<br> \r\n<br> \r\n</li> \r\n \r\n<li>By rectum</li> \r\n</ul> \r\n \r\n<p>Often doctors will give patients a device where they can control the release of medicine into their own body, called patient-controlled analgesia (PCA). Pain medications are often given around the clock, with appropriate \"rescue\" doses for pain that surges suddenly through regular pain medications (called breakthrough pain).</p> \r\n \r\n<p><b>Side effects</b></p> \r\n \r\n<p>Pain medication, especially opioids, can cause <a \"vgn-ext-templating/v/index.jsp?vgnextoid/alt=constipation =\"\">constipation</a>, <a \"vgn-ext-templating/v/index.jsp?vgnextoid/alt=nausea =\"\">nausea</a>, <a \"vgn-ext-templating/v/index.jsp?vgnextoid/alt=sleepiness =\"\">sleepiness</a>, <a \"vgn-ext-templating/v/index.jsp?vgnextoid/alt=confusion =\"\">confusion</a>, or hallucinations. Many side effects can be prevented (such as constipation) or treated with other medications. In some situations, a doctor may switch to another drug to minimize these side effects.</p> \r\n \r\n<p><b>Managing pain without medication</b></p> \r\n \r\n<p>Many people have found that other methods besides medication help control pain. Your doctor may be able to help you manage pain using more than one method. Make sure you share with your doctor what methods have previously worked for you.</p> \r\n \r\n<ul> \r\n<li>Physical therapy or occupational therapy can help you use devices, such as prostheses, splints, or braces to help ease pain.<br> \r\n<br> \r\n</li> \r\n \r\n<li>Relaxation, distraction, hypnosis, or biofeedback (a method where people use their minds to control a response from their body, such as heart rate)<br> \r\n<br> \r\n</li> \r\n \r\n<li>Nutritional support<br> \r\n<br> \r\n</li> \r\n \r\n<li>Acupuncture</li> \r\n</ul> \r\n \r\n<p>Your doctor or a pain specialist can help you learn more about these methods for controlling pain.</p> \r\n \r\n<p><i><b>More Information</b></i></p> \r\n \r\n<p><a \"vgn-ext-templating/v/index.jsp?vgnextoid/alt=managing and treating cancer pain =\"\">Managing and Treating Cancer Pain</a></p> \r\n \r\n<p><a \"vgn-ext-templating/v/index.jsp?vgnextoid/alt=Managing Side Effects =\"\">Managing Side Effects</a></p> \r\n \r\n<p><b>Additional Resources</b></p> \r\n \r\n<p>Lance Armstrong Foundation: <a \"http://www.livestrong.org/site/c.khLXK1PxHmF/b.2660619/k.8284/Chronic_Pain.htm\" target=\"_new\">Chronic Pain</a></p> \r\n \r\n<a \"http://www.cancersymptoms.org/pain/key.shtml\" target=\"_NEW\">Cancersymptoms.org: Pain</a> \r\n\t\t\t\t\t\t</p> "
    }
  }, 
  {
    "pk": "f35632c3076c11dfa56d001641e25144", 
    "model": "careplan.templatecareplanitem", 
    "fields": {
      "category": [
        6
      ], 
      "tags": [], 
      "name": "PE", 
      "parent": "f35632cb076c11dfa56d001641e25144", 
      "description": "pe"
    }
  }, 
  {
    "pk": "f35632c4076c11dfa56d001641e25144", 
    "model": "careplan.templatecareplanitem", 
    "fields": {
      "category": [
        1, 
        3
      ], 
      "tags": [], 
      "name": "Pharmacy Refills", 
      "parent": "f35632ac076c11dfa56d001641e25144", 
      "description": "Refilling medications at pharmacy"
    }
  }, 
  {
    "pk": "f35632c6076c11dfa56d001641e25144", 
    "model": "careplan.templatecareplanitem", 
    "fields": {
      "category": [], 
      "tags": [], 
      "name": "Reason to call", 
      "parent": "f35632bf076c11dfa56d001641e25144", 
      "description": "reason to call"
    }
  }, 
  {
    "pk": "f35632c7076c11dfa56d001641e25144", 
    "model": "careplan.templatecareplanitem", 
    "fields": {
      "category": [
        1
      ], 
      "tags": [], 
      "name": "Scheduling", 
      "parent": "f35632ae076c11dfa56d001641e25144", 
      "description": "Appointment Scheduling care goals"
    }
  }, 
  {
    "pk": "f35632c8076c11dfa56d001641e25144", 
    "model": "careplan.templatecareplanitem", 
    "fields": {
      "category": [
        6
      ], 
      "tags": [], 
      "name": "Shortness of breath", 
      "parent": "f35632cb076c11dfa56d001641e25144", 
      "description": "shortness of breath"
    }
  }, 
  {
    "pk": "f35632ca076c11dfa56d001641e25144", 
    "model": "careplan.templatecareplanitem", 
    "fields": {
      "category": [
        2
      ], 
      "tags": [], 
      "name": "Side effect prevention", 
      "parent": "f35632bc076c11dfa56d001641e25144", 
      "description": "Pre-emptive management of side effects by lifestyle changes."
    }
  }, 
  {
    "pk": "f35632c5076c11dfa56d001641e25144", 
    "model": "careplan.templatecareplanitem", 
    "fields": {
      "category": [
        2
      ], 
      "tags": [], 
      "name": "Skin Problems", 
      "parent": "f35632ca076c11dfa56d001641e25144", 
      "description": "<h2> \r\n            Skin Problems - ASCO curriculum\r\n            </h2> \r\n \r\n        \r\n                <p> \r\n\t\t\t\t<strong> \r\n                    This section has been reviewed and approved by the <a onclick=\"javascript:switchdiv(20464)\" href=\"/vgn-ext-templating/v/index.jsp?vgnextoid=befa03e8448d9010VgnVCM100000f2730ad1RCRD&sectionId=20464&vgnextrefresh=1\" id=\"href20464\">Cancer.Net Editorial Board</a>,\r\n \r\n    \r\n                <span class=\"body_text\"> \r\n                    <B>9/09</B><br/><br/> \r\n                </span> \r\n \r\n    </strong></p> \r\n<p>People with cancer can have sores, rash, and other skin problems caused by cancer, cancer treatments, or being hospitalized. Skin problems can be especially difficult for a person to cope with because they can cause such visible changes to his or her body.</p> \r\n \r\n<p>Skin problems can be acute (occurs briefly, then goes away) or chronic (remains over time). The best way to manage skin problems is by preventing them, if possible. For this reason, it is important to let your doctor and nurse know as soon as you have any sores, wounds, pain, rash, or other problems with your skin and nails so that treatment can begin right away.</p> \r\n \r\n<p>With most skin problems, the doctor must decide if healing the wound is a realistic goal. If it is not, then containing it and keeping the patient as comfortable and pain-free as possible becomes the goal.</p> \r\n \r\n<p>Some common skin problems experienced by people with cancer are listed here:</p> \r\n \r\n<p><b>Chemotherapy extravasation.</b> This is the term used to describe chemotherapy that has leaked out of a vein. The drugs can damage the skin where the intravenous (IV) tube was placed or the tissue around the area where it touches, causing pain or burning. Pain or burning during chemotherapy may not be normal, and you should tell the nurse or doctor right away. If an extravasation occurs during treatment, the infusion should be stopped and the wound cleaned. The nurses and doctors will care for the wound and instruct you on how to care for it at home.</p> \r\n \r\n<p><b>Radiation-induced treatment skin problems.</b> When radiation treatment kills cancer cells, it also kills some healthy cells. When it kills cells on the skin, it can cause the skin to peel. Damage to the skin from radiation treatment can start after one or two weeks of treatment and usually resolves a few weeks after treatment is finished. If skin damage from radiation treatment becomes a problem, the doctor may change the dose or schedule of treatments.</p> \r\n \r\n<p><b>Necrotic wound.</b> This is a wound with dead skin or tissue around it. A necrotic wound cannot heal if the dead tissue is still present. A process called debridement, which removes the dead tissue, is the first step in treating this type of wound. Debridement may involve surgery, enzymes or gel, or other methods recommended by your doctor.</p> \r\n \r\n<p><b>Pressure ulcers (bed sores).</b> Pressure ulcers are sores that form where there is constant pressure on one area of the body. They often form on the heels of the feet or the sacrum (tailbone). Ulcers are less likely to form on parts of the body where there is a thicker layer of fat.</p> \r\n \r\n<p>For patients who are confined to a bed, an air or water mattress overlay may help prevent ulcers. Low-air-loss beds or air-fluidized beds may also help. For pressure ulcers that are not expected to heal, the doctor or nurse can provide comfort and pain control and prevent the ulcers from getting worse.</p> \r\n \r\n<p><b>Malignant wounds.</b> These injuries form when cancer breaks the skin and causes a wound. A malignant wound can be caused by cancer from another part of the body or from skin cancer. These wounds may have a foul odor, bleed, and can be very painful.</p> \r\n \r\n<p>Malignant wounds carry a high risk of infection. They may also leak a large amount of fluid or blood. The odor from a malignant wound can be overpowering and can be managed by placing an odor absorber in the room, such as cat litter, charcoal, or by introducing another odor, such as a burning candle, vanilla, vinegar, or coffee. (Fragrances and perfumes can be irritating to the patients, and these methods should be avoided).</p> \r\n \r\n<p><b>Pruritus (itching).</b> Pruritus in people with cancer is most often caused by leukemia, lymphoma, myeloma, or other cancers. Kidney or liver failure, thyroid problems, a drug reaction or allergic reaction, dry skin, hives, and other skin infections can also cause itching.</p> \r\n \r\n<p>Pruritus that is caused by an irritant, such as a drug, can be treated by stopping the use of that drug. Moisturizers, antihistamines, steroid medications, and cooling or painkilling creams or gels may also help relieve itching.</p> \r\n \r\n<p><b>Cancer treatments.</b> Some types of cancer treatments called targeted therapies (treatments that target faulty genes or proteins that contribute to cancer growth and development), may cause an acne-like rash and other skin problems. Learn more about <a href=\"/vgn-ext-templating/v/index.jsp?vgnextoid=81dd2daf1034b010VgnVCM100000ed730ad1RCRD&vgnextchannel=5c47ea97a56d9010VgnVCM100000f2730ad1RCRD\" alt=\"skin reactions to targeted treatments\">skin reactions to targeted treatments</a>.</p> "
    }
  }, 
  {
    "pk": "f35632cb076c11dfa56d001641e25144", 
    "model": "careplan.templatecareplanitem", 
    "fields": {
      "category": [
        6
      ], 
      "tags": [], 
      "name": "Symptoms", 
      "parent": "f35632b7076c11dfa56d001641e25144", 
      "description": "Common symptoms to watch out for with this patient disease/problem profile"
    }
  }, 
  {
    "pk": "f35632cc076c11dfa56d001641e25144", 
    "model": "careplan.templatecareplanitem", 
    "fields": {
      "category": [
        1, 
        3
      ], 
      "tags": [], 
      "name": "Taking Meds Correctly", 
      "parent": "f35632ac076c11dfa56d001641e25144", 
      "description": "Time and route"
    }
  }, 
  {
    "pk": "f35632cd076c11dfa56d001641e25144", 
    "model": "careplan.templatecareplanitem", 
    "fields": {
      "category": [
        1, 
        8
      ], 
      "tags": [], 
      "name": "Weight Training", 
      "parent": "be944876079c11dfa56d001641e25144", 
      "description": "Weight training"
    }
  }, 
  {
    "pk": 21, 
    "model": "admin.logentry", 
    "fields": {
      "action_flag": 1, 
      "action_time": "2010-02-04 11:04:37", 
      "object_repr": "Infections/Fever", 
      "object_id": "fe5784a011a611dfa56d001641e25144", 
      "change_message": "", 
      "user": 2, 
      "content_type": 40
    }
  }, 
  {
    "pk": 20, 
    "model": "admin.logentry", 
    "fields": {
      "action_flag": 2, 
      "action_time": "2010-02-04 11:00:30", 
      "object_repr": "(Case 6d1ebece11a411dfa56d001641e25144) Patient is running a fever", 
      "object_id": "6d1ebece11a411dfa56d001641e25144", 
      "change_message": "Changed assigned_to and next_action.", 
      "user": 2, 
      "content_type": 16
    }
  }, 
  {
    "pk": 19, 
    "model": "admin.logentry", 
    "fields": {
      "action_flag": 1, 
      "action_time": "2010-02-04 10:41:46", 
      "object_repr": "CaregiverLink object", 
      "object_id": "cd056b2211a311dfa56d001641e25144", 
      "change_message": "", 
      "user": 2, 
      "content_type": 31
    }
  }, 
  {
    "pk": 18, 
    "model": "admin.logentry", 
    "fields": {
      "action_flag": 1, 
      "action_time": "2010-02-04 10:41:44", 
      "object_repr": "Relative", 
      "object_id": "cc10439a11a311dfa56d001641e25144", 
      "change_message": "", 
      "user": 2, 
      "content_type": 30
    }
  }, 
  {
    "pk": 17, 
    "model": "admin.logentry", 
    "fields": {
      "action_flag": 1, 
      "action_time": "2010-02-04 10:41:16", 
      "object_repr": "Alyssa Ogawa - nurse-triage", 
      "object_id": "bb8fad3011a311dfa56d001641e25144", 
      "change_message": "", 
      "user": 2, 
      "content_type": 29
    }
  }, 
  {
    "pk": 16, 
    "model": "admin.logentry", 
    "fields": {
      "action_flag": 2, 
      "action_time": "2010-02-04 10:41:01", 
      "object_repr": "Christine Chapel - nurse-triage", 
      "object_id": "93142e5811a311dfa56d001641e25144", 
      "change_message": "Changed role.", 
      "user": 2, 
      "content_type": 29
    }
  }, 
  {
    "pk": 15, 
    "model": "admin.logentry", 
    "fields": {
      "action_flag": 1, 
      "action_time": "2010-02-04 10:40:40", 
      "object_repr": "James Wilson - oncologist", 
      "object_id": "a5fcf87411a311dfa56d001641e25144", 
      "change_message": "", 
      "user": 2, 
      "content_type": 29
    }
  }, 
  {
    "pk": 14, 
    "model": "admin.logentry", 
    "fields": {
      "action_flag": 1, 
      "action_time": "2010-02-04 10:40:38", 
      "object_repr": "oncologist", 
      "object_id": "a479f24011a311dfa56d001641e25144", 
      "change_message": "", 
      "user": 2, 
      "content_type": 28
    }
  }, 
  {
    "pk": 13, 
    "model": "admin.logentry", 
    "fields": {
      "action_flag": 1, 
      "action_time": "2010-02-04 10:40:23", 
      "object_repr": "Gregory House - pcp", 
      "object_id": "9b9295f611a311dfa56d001641e25144", 
      "change_message": "", 
      "user": 2, 
      "content_type": 29
    }
  }, 
  {
    "pk": 12, 
    "model": "admin.logentry", 
    "fields": {
      "action_flag": 1, 
      "action_time": "2010-02-04 10:40:08", 
      "object_repr": "Christine Chapel - pcp", 
      "object_id": "93142e5811a311dfa56d001641e25144", 
      "change_message": "", 
      "user": 2, 
      "content_type": 29
    }
  }, 
  {
    "pk": 11, 
    "model": "admin.logentry", 
    "fields": {
      "action_flag": 2, 
      "action_time": "2010-02-04 10:39:39", 
      "object_repr": "Careteam for kara_thrace", 
      "object_id": "a73102aa11a111dfa56d001641e25144", 
      "change_message": "Added provider link \"Gregory House - pcp\". Added caregiver link \"CaregiverLink object\".", 
      "user": 2, 
      "content_type": 33
    }
  }, 
  {
    "pk": 10, 
    "model": "admin.logentry", 
    "fields": {
      "action_flag": 1, 
      "action_time": "2010-02-04 10:39:34", 
      "object_repr": "Neighbor", 
      "object_id": "7ecb83d811a311dfa56d001641e25144", 
      "change_message": "", 
      "user": 2, 
      "content_type": 30
    }
  }, 
  {
    "pk": 9, 
    "model": "admin.logentry", 
    "fields": {
      "action_flag": 1, 
      "action_time": "2010-02-04 10:31:06", 
      "object_repr": "nurse-triage", 
      "object_id": "4feeedb211a211dfa56d001641e25144", 
      "change_message": "", 
      "user": 2, 
      "content_type": 28
    }
  }, 
  {
    "pk": 8, 
    "model": "admin.logentry", 
    "fields": {
      "action_flag": 1, 
      "action_time": "2010-02-04 10:30:42", 
      "object_repr": "pcp", 
      "object_id": "418ef32f11a211dfa56d001641e25144", 
      "change_message": "", 
      "user": 2, 
      "content_type": 28
    }
  }, 
  {
    "pk": 7, 
    "model": "admin.logentry", 
    "fields": {
      "action_flag": 1, 
      "action_time": "2010-02-04 10:26:23", 
      "object_repr": "Careteam for kara_thrace", 
      "object_id": "a73102aa11a111dfa56d001641e25144", 
      "change_message": "", 
      "user": 2, 
      "content_type": 33
    }
  }, 
  {
    "pk": 6, 
    "model": "admin.logentry", 
    "fields": {
      "action_flag": 1, 
      "action_time": "2010-02-04 10:26:13", 
      "object_repr": "Careteam for pat_patient", 
      "object_id": "a13628da11a111dfa56d001641e25144", 
      "change_message": "", 
      "user": 2, 
      "content_type": 33
    }
  }
]
