[{"pk": 133, "model": "auth.permission", "fields": {"codename": "add_logentry", "name": "Can add log entry", "content_type": 45}}, {"pk": 134, "model": "auth.permission", "fields": {"codename": "change_logentry", "name": "Can change log entry", "content_type": 45}}, {"pk": 135, "model": "auth.permission", "fields": {"codename": "delete_logentry", "name": "Can delete log entry", "content_type": 45}}, {"pk": 88, "model": "auth.permission", "fields": {"codename": "add_caregiverlink", "name": "Can add caregiver link", "content_type": 30}}, {"pk": 85, "model": "auth.permission", "fields": {"codename": "add_carerelationship", "name": "Can add care relationship", "content_type": 29}}, {"pk": 94, "model": "auth.permission", "fields": {"codename": "add_careteam", "name": "Can add care team", "content_type": 32}}, {"pk": 91, "model": "auth.permission", "fields": {"codename": "add_careteamcaselink", "name": "Can add care team case link", "content_type": 31}}, {"pk": 76, "model": "auth.permission", "fields": {"codename": "add_caseprofile", "name": "Can add case profile", "content_type": 26}}, {"pk": 82, "model": "auth.permission", "fields": {"codename": "add_providerlink", "name": "Can add provider link", "content_type": 28}}, {"pk": 79, "model": "auth.permission", "fields": {"codename": "add_providerrole", "name": "Can add provider role", "content_type": 27}}, {"pk": 89, "model": "auth.permission", "fields": {"codename": "change_caregiverlink", "name": "Can change caregiver link", "content_type": 30}}, {"pk": 86, "model": "auth.permission", "fields": {"codename": "change_carerelationship", "name": "Can change care relationship", "content_type": 29}}, {"pk": 95, "model": "auth.permission", "fields": {"codename": "change_careteam", "name": "Can change care team", "content_type": 32}}, {"pk": 92, "model": "auth.permission", "fields": {"codename": "change_careteamcaselink", "name": "Can change care team case link", "content_type": 31}}, {"pk": 77, "model": "auth.permission", "fields": {"codename": "change_caseprofile", "name": "Can change case profile", "content_type": 26}}, {"pk": 83, "model": "auth.permission", "fields": {"codename": "change_providerlink", "name": "Can change provider link", "content_type": 28}}, {"pk": 80, "model": "auth.permission", "fields": {"codename": "change_providerrole", "name": "Can change provider role", "content_type": 27}}, {"pk": 90, "model": "auth.permission", "fields": {"codename": "delete_caregiverlink", "name": "Can delete caregiver link", "content_type": 30}}, {"pk": 87, "model": "auth.permission", "fields": {"codename": "delete_carerelationship", "name": "Can delete care relationship", "content_type": 29}}, {"pk": 96, "model": "auth.permission", "fields": {"codename": "delete_careteam", "name": "Can delete care team", "content_type": 32}}, {"pk": 93, "model": "auth.permission", "fields": {"codename": "delete_careteamcaselink", "name": "Can delete care team case link", "content_type": 31}}, {"pk": 78, "model": "auth.permission", "fields": {"codename": "delete_caseprofile", "name": "Can delete case profile", "content_type": 26}}, {"pk": 84, "model": "auth.permission", "fields": {"codename": "delete_providerlink", "name": "Can delete provider link", "content_type": 28}}, {"pk": 81, "model": "auth.permission", "fields": {"codename": "delete_providerrole", "name": "Can delete provider role", "content_type": 27}}, {"pk": 4, "model": "auth.permission", "fields": {"codename": "add_group", "name": "Can add group", "content_type": 2}}, {"pk": 10, "model": "auth.permission", "fields": {"codename": "add_message", "name": "Can add message", "content_type": 4}}, {"pk": 1, "model": "auth.permission", "fields": {"codename": "add_permission", "name": "Can add permission", "content_type": 1}}, {"pk": 7, "model": "auth.permission", "fields": {"codename": "add_user", "name": "Can add user", "content_type": 3}}, {"pk": 5, "model": "auth.permission", "fields": {"codename": "change_group", "name": "Can change group", "content_type": 2}}, {"pk": 11, "model": "auth.permission", "fields": {"codename": "change_message", "name": "Can change message", "content_type": 4}}, {"pk": 2, "model": "auth.permission", "fields": {"codename": "change_permission", "name": "Can change permission", "content_type": 1}}, {"pk": 8, "model": "auth.permission", "fields": {"codename": "change_user", "name": "Can change user", "content_type": 3}}, {"pk": 6, "model": "auth.permission", "fields": {"codename": "delete_group", "name": "Can delete group", "content_type": 2}}, {"pk": 12, "model": "auth.permission", "fields": {"codename": "delete_message", "name": "Can delete message", "content_type": 4}}, {"pk": 3, "model": "auth.permission", "fields": {"codename": "delete_permission", "name": "Can delete permission", "content_type": 1}}, {"pk": 9, "model": "auth.permission", "fields": {"codename": "delete_user", "name": "Can delete user", "content_type": 3}}, {"pk": 124, "model": "auth.permission", "fields": {"codename": "add_careplan", "name": "Can add Care Plan Instance", "content_type": 42}}, {"pk": 118, "model": "auth.permission", "fields": {"codename": "add_careplancaselink", "name": "Can add care plan case link", "content_type": 40}}, {"pk": 121, "model": "auth.permission", "fields": {"codename": "add_careplanitem", "name": "Can add Care Plan Instance Item", "content_type": 41}}, {"pk": 109, "model": "auth.permission", "fields": {"codename": "add_careplanitemlink", "name": "Can add care plan item link", "content_type": 37}}, {"pk": 97, "model": "auth.permission", "fields": {"codename": "add_plancategory", "name": "Can add Plan Category", "content_type": 33}}, {"pk": 103, "model": "auth.permission", "fields": {"codename": "add_planrule", "name": "Can add Plan Rule", "content_type": 35}}, {"pk": 100, "model": "auth.permission", "fields": {"codename": "add_plantag", "name": "Can add Plan Tag Metadata", "content_type": 34}}, {"pk": 112, "model": "auth.permission", "fields": {"codename": "add_templatecareplan", "name": "Can add Template Care Plan", "content_type": 38}}, {"pk": 115, "model": "auth.permission", "fields": {"codename": "add_templatecareplanitem", "name": "Can add Template Care Plan Item", "content_type": 39}}, {"pk": 106, "model": "auth.permission", "fields": {"codename": "add_templatecareplanitemlink", "name": "Can add template care plan item link", "content_type": 36}}, {"pk": 125, "model": "auth.permission", "fields": {"codename": "change_careplan", "name": "Can change Care Plan Instance", "content_type": 42}}, {"pk": 119, "model": "auth.permission", "fields": {"codename": "change_careplancaselink", "name": "Can change care plan case link", "content_type": 40}}, {"pk": 122, "model": "auth.permission", "fields": {"codename": "change_careplanitem", "name": "Can change Care Plan Instance Item", "content_type": 41}}, {"pk": 110, "model": "auth.permission", "fields": {"codename": "change_careplanitemlink", "name": "Can change care plan item link", "content_type": 37}}, {"pk": 98, "model": "auth.permission", "fields": {"codename": "change_plancategory", "name": "Can change Plan Category", "content_type": 33}}, {"pk": 104, "model": "auth.permission", "fields": {"codename": "change_planrule", "name": "Can change Plan Rule", "content_type": 35}}, {"pk": 101, "model": "auth.permission", "fields": {"codename": "change_plantag", "name": "Can change Plan Tag Metadata", "content_type": 34}}, {"pk": 113, "model": "auth.permission", "fields": {"codename": "change_templatecareplan", "name": "Can change Template Care Plan", "content_type": 38}}, {"pk": 116, "model": "auth.permission", "fields": {"codename": "change_templatecareplanitem", "name": "Can change Template Care Plan Item", "content_type": 39}}, {"pk": 107, "model": "auth.permission", "fields": {"codename": "change_templatecareplanitemlink", "name": "Can change template care plan item link", "content_type": 36}}, {"pk": 126, "model": "auth.permission", "fields": {"codename": "delete_careplan", "name": "Can delete Care Plan Instance", "content_type": 42}}, {"pk": 120, "model": "auth.permission", "fields": {"codename": "delete_careplancaselink", "name": "Can delete care plan case link", "content_type": 40}}, {"pk": 123, "model": "auth.permission", "fields": {"codename": "delete_careplanitem", "name": "Can delete Care Plan Instance Item", "content_type": 41}}, {"pk": 111, "model": "auth.permission", "fields": {"codename": "delete_careplanitemlink", "name": "Can delete care plan item link", "content_type": 37}}, {"pk": 99, "model": "auth.permission", "fields": {"codename": "delete_plancategory", "name": "Can delete Plan Category", "content_type": 33}}, {"pk": 105, "model": "auth.permission", "fields": {"codename": "delete_planrule", "name": "Can delete Plan Rule", "content_type": 35}}, {"pk": 102, "model": "auth.permission", "fields": {"codename": "delete_plantag", "name": "Can delete Plan Tag Metadata", "content_type": 34}}, {"pk": 114, "model": "auth.permission", "fields": {"codename": "delete_templatecareplan", "name": "Can delete Template Care Plan", "content_type": 38}}, {"pk": 117, "model": "auth.permission", "fields": {"codename": "delete_templatecareplanitem", "name": "Can delete Template Care Plan Item", "content_type": 39}}, {"pk": 108, "model": "auth.permission", "fields": {"codename": "delete_templatecareplanitemlink", "name": "Can delete template care plan item link", "content_type": 36}}, {"pk": 43, "model": "auth.permission", "fields": {"codename": "add_case", "name": "Can add Case", "content_type": 15}}, {"pk": 25, "model": "auth.permission", "fields": {"codename": "add_caseaction", "name": "Can add Case Action Type", "content_type": 9}}, {"pk": 37, "model": "auth.permission", "fields": {"codename": "add_caseevent", "name": "Can add Case Event", "content_type": 13}}, {"pk": 40, "model": "auth.permission", "fields": {"codename": "add_casetag", "name": "Can add case tag", "content_type": 14}}, {"pk": 22, "model": "auth.permission", "fields": {"codename": "add_category", "name": "Can add Category Type", "content_type": 8}}, {"pk": 34, "model": "auth.permission", "fields": {"codename": "add_eventactivity", "name": "Can add Case Event Activity Type", "content_type": 12}}, {"pk": 46, "model": "auth.permission", "fields": {"codename": "add_filter", "name": "Can add Case Filter", "content_type": 16}}, {"pk": 49, "model": "auth.permission", "fields": {"codename": "add_gridcolumn", "name": "Can add grid column", "content_type": 17}}, {"pk": 55, "model": "auth.permission", "fields": {"codename": "add_gridorder", "name": "Can add Grid column display ordering", "content_type": 19}}, {"pk": 58, "model": "auth.permission", "fields": {"codename": "add_gridpreference", "name": "Can add Filter Grid Display Preference", "content_type": 20}}, {"pk": 52, "model": "auth.permission", "fields": {"codename": "add_gridsort", "name": "Can add Grid column sort ordering", "content_type": 18}}, {"pk": 61, "model": "auth.permission", "fields": {"codename": "add_message", "name": "Can add message", "content_type": 21}}, {"pk": 28, "model": "auth.permission", "fields": {"codename": "add_priority", "name": "Can add Priority Type", "content_type": 10}}, {"pk": 31, "model": "auth.permission", "fields": {"codename": "add_status", "name": "Can add Case Status Type", "content_type": 11}}, {"pk": 44, "model": "auth.permission", "fields": {"codename": "change_case", "name": "Can change Case", "content_type": 15}}, {"pk": 26, "model": "auth.permission", "fields": {"codename": "change_caseaction", "name": "Can change Case Action Type", "content_type": 9}}, {"pk": 38, "model": "auth.permission", "fields": {"codename": "change_caseevent", "name": "Can change Case Event", "content_type": 13}}, {"pk": 41, "model": "auth.permission", "fields": {"codename": "change_casetag", "name": "Can change case tag", "content_type": 14}}, {"pk": 23, "model": "auth.permission", "fields": {"codename": "change_category", "name": "Can change Category Type", "content_type": 8}}, {"pk": 35, "model": "auth.permission", "fields": {"codename": "change_eventactivity", "name": "Can change Case Event Activity Type", "content_type": 12}}, {"pk": 47, "model": "auth.permission", "fields": {"codename": "change_filter", "name": "Can change Case Filter", "content_type": 16}}, {"pk": 50, "model": "auth.permission", "fields": {"codename": "change_gridcolumn", "name": "Can change grid column", "content_type": 17}}, {"pk": 56, "model": "auth.permission", "fields": {"codename": "change_gridorder", "name": "Can change Grid column display ordering", "content_type": 19}}, {"pk": 59, "model": "auth.permission", "fields": {"codename": "change_gridpreference", "name": "Can change Filter Grid Display Preference", "content_type": 20}}, {"pk": 53, "model": "auth.permission", "fields": {"codename": "change_gridsort", "name": "Can change Grid column sort ordering", "content_type": 18}}, {"pk": 62, "model": "auth.permission", "fields": {"codename": "change_message", "name": "Can change message", "content_type": 21}}, {"pk": 29, "model": "auth.permission", "fields": {"codename": "change_priority", "name": "Can change Priority Type", "content_type": 10}}, {"pk": 32, "model": "auth.permission", "fields": {"codename": "change_status", "name": "Can change Case Status Type", "content_type": 11}}, {"pk": 45, "model": "auth.permission", "fields": {"codename": "delete_case", "name": "Can delete Case", "content_type": 15}}, {"pk": 27, "model": "auth.permission", "fields": {"codename": "delete_caseaction", "name": "Can delete Case Action Type", "content_type": 9}}, {"pk": 39, "model": "auth.permission", "fields": {"codename": "delete_caseevent", "name": "Can delete Case Event", "content_type": 13}}, {"pk": 42, "model": "auth.permission", "fields": {"codename": "delete_casetag", "name": "Can delete case tag", "content_type": 14}}, {"pk": 24, "model": "auth.permission", "fields": {"codename": "delete_category", "name": "Can delete Category Type", "content_type": 8}}, {"pk": 36, "model": "auth.permission", "fields": {"codename": "delete_eventactivity", "name": "Can delete Case Event Activity Type", "content_type": 12}}, {"pk": 48, "model": "auth.permission", "fields": {"codename": "delete_filter", "name": "Can delete Case Filter", "content_type": 16}}, {"pk": 51, "model": "auth.permission", "fields": {"codename": "delete_gridcolumn", "name": "Can delete grid column", "content_type": 17}}, {"pk": 57, "model": "auth.permission", "fields": {"codename": "delete_gridorder", "name": "Can delete Grid column display ordering", "content_type": 19}}, {"pk": 60, "model": "auth.permission", "fields": {"codename": "delete_gridpreference", "name": "Can delete Filter Grid Display Preference", "content_type": 20}}, {"pk": 54, "model": "auth.permission", "fields": {"codename": "delete_gridsort", "name": "Can delete Grid column sort ordering", "content_type": 18}}, {"pk": 63, "model": "auth.permission", "fields": {"codename": "delete_message", "name": "Can delete message", "content_type": 21}}, {"pk": 30, "model": "auth.permission", "fields": {"codename": "delete_priority", "name": "Can delete Priority Type", "content_type": 10}}, {"pk": 33, "model": "auth.permission", "fields": {"codename": "delete_status", "name": "Can delete Case Status Type", "content_type": 11}}, {"pk": 13, "model": "auth.permission", "fields": {"codename": "add_contenttype", "name": "Can add content type", "content_type": 5}}, {"pk": 14, "model": "auth.permission", "fields": {"codename": "change_contenttype", "name": "Can change content type", "content_type": 5}}, {"pk": 15, "model": "auth.permission", "fields": {"codename": "delete_contenttype", "name": "Can delete content type", "content_type": 5}}, {"pk": 67, "model": "auth.permission", "fields": {"codename": "add_identifiertype", "name": "Can add identifier type", "content_type": 23}}, {"pk": 73, "model": "auth.permission", "fields": {"codename": "add_patient", "name": "Can add patient", "content_type": 25}}, {"pk": 70, "model": "auth.permission", "fields": {"codename": "add_patientidentifier", "name": "Can add patient identifier", "content_type": 24}}, {"pk": 68, "model": "auth.permission", "fields": {"codename": "change_identifiertype", "name": "Can change identifier type", "content_type": 23}}, {"pk": 74, "model": "auth.permission", "fields": {"codename": "change_patient", "name": "Can change patient", "content_type": 25}}, {"pk": 71, "model": "auth.permission", "fields": {"codename": "change_patientidentifier", "name": "Can change patient identifier", "content_type": 24}}, {"pk": 69, "model": "auth.permission", "fields": {"codename": "delete_identifiertype", "name": "Can delete identifier type", "content_type": 23}}, {"pk": 75, "model": "auth.permission", "fields": {"codename": "delete_patient", "name": "Can delete patient", "content_type": 25}}, {"pk": 72, "model": "auth.permission", "fields": {"codename": "delete_patientidentifier", "name": "Can delete patient identifier", "content_type": 24}}, {"pk": 64, "model": "auth.permission", "fields": {"codename": "add_provider", "name": "Can add provider", "content_type": 22}}, {"pk": 65, "model": "auth.permission", "fields": {"codename": "change_provider", "name": "Can change provider", "content_type": 22}}, {"pk": 66, "model": "auth.permission", "fields": {"codename": "delete_provider", "name": "Can delete provider", "content_type": 22}}, {"pk": 127, "model": "auth.permission", "fields": {"codename": "add_revision", "name": "Can add revision", "content_type": 43}}, {"pk": 130, "model": "auth.permission", "fields": {"codename": "add_version", "name": "Can add version", "content_type": 44}}, {"pk": 128, "model": "auth.permission", "fields": {"codename": "change_revision", "name": "Can change revision", "content_type": 43}}, {"pk": 131, "model": "auth.permission", "fields": {"codename": "change_version", "name": "Can change version", "content_type": 44}}, {"pk": 129, "model": "auth.permission", "fields": {"codename": "delete_revision", "name": "Can delete revision", "content_type": 43}}, {"pk": 132, "model": "auth.permission", "fields": {"codename": "delete_version", "name": "Can delete version", "content_type": 44}}, {"pk": 16, "model": "auth.permission", "fields": {"codename": "add_session", "name": "Can add session", "content_type": 6}}, {"pk": 17, "model": "auth.permission", "fields": {"codename": "change_session", "name": "Can change session", "content_type": 6}}, {"pk": 18, "model": "auth.permission", "fields": {"codename": "delete_session", "name": "Can delete session", "content_type": 6}}, {"pk": 19, "model": "auth.permission", "fields": {"codename": "add_site", "name": "Can add site", "content_type": 7}}, {"pk": 20, "model": "auth.permission", "fields": {"codename": "change_site", "name": "Can change site", "content_type": 7}}, {"pk": 21, "model": "auth.permission", "fields": {"codename": "delete_site", "name": "Can delete site", "content_type": 7}}, {"pk": 1, "model": "auth.user", "fields": {"username": "ashand-reflexive", "first_name": "ashand", "last_name": "reflexive", "is_active": 0, "is_superuser": 0, "is_staff": 0, "last_login": "2009-11-13 14:19:26", "groups": [], "user_permissions": [], "password": "sha1$54813$6eccf50b0d2f62449bd9507f322d51aff19d3dbf", "email": "ashand-reflexive@dimagi.com", "date_joined": "2009-11-13 14:19:26"}}, {"pk": 2, "model": "auth.user", "fields": {"username": "ashand-system", "first_name": "ASHand", "last_name": "System", "is_active": 0, "is_superuser": 0, "is_staff": 0, "last_login": "2009-11-13 14:19:26", "groups": [], "user_permissions": [], "password": "sha1$54813$6eccf50b0d2f62449bd9507f322d51aff19d3dbf", "email": "ashand-system@dimagi.com", "date_joined": "2009-11-13 14:19:26"}}, {"pk": 3, "model": "auth.user", "fields": {"username": "dimagi", "first_name": "dimagi", "last_name": "ashand", "is_active": 1, "is_superuser": 1, "is_staff": 1, "last_login": "2009-11-13 14:19:26", "groups": [], "user_permissions": [], "password": "sha1$54813$6eccf50b0d2f62449bd9507f322d51aff19d3dbf", "email": "ashand@dimagi.com", "date_joined": "2009-11-13 14:19:26"}}, {"pk": 4, "model": "auth.user", "fields": {"username": "leonard_mccoy", "first_name": "Leonard", "last_name": "McCoy", "is_active": 1, "is_superuser": 0, "is_staff": 0, "last_login": "2010-02-24 00:46:20", "groups": [], "user_permissions": [], "password": "sha1$977c6$9c99b862e7e64a4125a0826535b73d7eaac0e006", "email": "Leonard_McCoy@ashand.com", "date_joined": "2010-02-24 00:33:43"}}, {"pk": 5, "model": "auth.user", "fields": {"username": "beverly_crusher", "first_name": "Beverly", "last_name": "Crusher", "is_active": 1, "is_superuser": 0, "is_staff": 0, "last_login": "2010-02-24 00:33:43", "groups": [], "user_permissions": [], "password": "sha1$48151$4140dc7163306d7d4154b4054458e53a541184e2", "email": "Beverly_Crusher@ashand.com", "date_joined": "2010-02-24 00:33:43"}}, {"pk": 6, "model": "auth.user", "fields": {"username": "julian_bashir", "first_name": "Julian", "last_name": "Bashir", "is_active": 1, "is_superuser": 0, "is_staff": 0, "last_login": "2010-02-24 00:33:43", "groups": [], "user_permissions": [], "password": "sha1$36c84$2ea2655201049cd7e1929bd315badc8c51dc3557", "email": "Julian_Bashir@ashand.com", "date_joined": "2010-02-24 00:33:43"}}, {"pk": 7, "model": "auth.user", "fields": {"username": "katherine_pulaski", "first_name": "Katherine", "last_name": "Pulaski", "is_active": 1, "is_superuser": 0, "is_staff": 0, "last_login": "2010-02-24 00:33:43", "groups": [], "user_permissions": [], "password": "sha1$06897$71b7b185fde9f2cc98dabe2c714570c1f6a9e0f2", "email": "Katherine_Pulaski@ashand.com", "date_joined": "2010-02-24 00:33:43"}}, {"pk": 8, "model": "auth.user", "fields": {"username": "thomas_paris", "first_name": "Thomas", "last_name": "Paris", "is_active": 1, "is_superuser": 0, "is_staff": 0, "last_login": "2010-02-24 00:33:43", "groups": [], "user_permissions": [], "password": "sha1$791cf$c59cbd04333aea4b2068bf2e49049b7ce7322354", "email": "Thomas_Paris@ashand.com", "date_joined": "2010-02-24 00:33:43"}}, {"pk": 9, "model": "auth.user", "fields": {"username": "alyssa_ogawa", "first_name": "Alyssa", "last_name": "Ogawa", "is_active": 1, "is_superuser": 0, "is_staff": 0, "last_login": "2010-02-24 00:33:43", "groups": [], "user_permissions": [], "password": "sha1$f143f$b1534957e09ded5f3c370388130eb4b8f5af11a9", "email": "Alyssa_Ogawa@ashand.com", "date_joined": "2010-02-24 00:33:43"}}, {"pk": 10, "model": "auth.user", "fields": {"username": "christine_chapel", "first_name": "Christine", "last_name": "Chapel", "is_active": 1, "is_superuser": 0, "is_staff": 0, "last_login": "2010-02-24 00:33:43", "groups": [], "user_permissions": [], "password": "sha1$d48a3$0a8b27043089ffee2f0923d305db1f32cac84f36", "email": "Christine_Chapel@ashand.com", "date_joined": "2010-02-24 00:33:43"}}, {"pk": 11, "model": "auth.user", "fields": {"username": "carol_hathaway", "first_name": "Carol", "last_name": "Hathaway", "is_active": 1, "is_superuser": 0, "is_staff": 0, "last_login": "2010-02-24 00:33:43", "groups": [], "user_permissions": [], "password": "sha1$32cbb$b175b3946a9e5248d7e5faa87af33b4412749b99", "email": "Carol_Hathaway@ashand.com", "date_joined": "2010-02-24 00:33:43"}}, {"pk": 12, "model": "auth.user", "fields": {"username": "john_zoidberg", "first_name": "John", "last_name": "Zoidberg", "is_active": 1, "is_superuser": 0, "is_staff": 0, "last_login": "2010-02-24 00:33:43", "groups": [], "user_permissions": [], "password": "sha1$2e6bb$0ecb7e1e312f7f8b2e5ce4a25306dc91089f762d", "email": "John_Zoidberg@ashand.com", "date_joined": "2010-02-24 00:33:43"}}, {"pk": 13, "model": "auth.user", "fields": {"username": "sherman_cottle", "first_name": "Sherman", "last_name": "Cottle", "is_active": 1, "is_superuser": 0, "is_staff": 0, "last_login": "2010-02-24 00:33:43", "groups": [], "user_permissions": [], "password": "sha1$08d0d$fdcece73982dc0adf5c48663b5e9c8e40c49d134", "email": "Sherman_Cottle@ashand.com", "date_joined": "2010-02-24 00:33:43"}}, {"pk": 14, "model": "auth.user", "fields": {"username": "mark_sloan", "first_name": "Mark", "last_name": "Sloan", "is_active": 1, "is_superuser": 0, "is_staff": 0, "last_login": "2010-02-24 00:33:43", "groups": [], "user_permissions": [], "password": "sha1$13190$f84aa3b59d084adcdef8278a87bf16fb5df9ebbb", "email": "Mark_Sloan@ashand.com", "date_joined": "2010-02-24 00:33:43"}}, {"pk": 15, "model": "auth.user", "fields": {"username": "pat_patient", "first_name": "Pat", "last_name": "Patient", "is_active": 1, "is_superuser": 0, "is_staff": 0, "last_login": "2010-02-24 00:33:43", "groups": [], "user_permissions": [], "password": "sha1$2870b$9e059fff27a05d1ad423b91c59067eec1900d3a8", "email": "Pat_Patient@ashand.com", "date_joined": "2010-02-24 00:33:43"}}, {"pk": 16, "model": "auth.user", "fields": {"username": "dorothy_day", "first_name": "Dorothy", "last_name": "Day", "is_active": 1, "is_superuser": 0, "is_staff": 0, "last_login": "2010-02-24 00:45:36", "groups": [], "user_permissions": [], "password": "sha1$c1c62$71bef7748bea9be87391fd26267dc2f1415deff2", "email": "Dorothy_Day@ashand.com", "date_joined": "2010-02-24 00:33:43"}}, {"pk": 17, "model": "auth.user", "fields": {"username": "william_adama", "first_name": "William", "last_name": "Adama", "is_active": 1, "is_superuser": 0, "is_staff": 0, "last_login": "2010-02-24 00:33:43", "groups": [], "user_permissions": [], "password": "sha1$dde49$16531909e0b448f37932e00106c60b4043c3366e", "email": "William_Adama@ashand.com", "date_joined": "2010-02-24 00:33:43"}}, {"pk": 18, "model": "auth.user", "fields": {"username": "lee_adama", "first_name": "Lee", "last_name": "Adama", "is_active": 1, "is_superuser": 0, "is_staff": 0, "last_login": "2010-02-24 00:33:43", "groups": [], "user_permissions": [], "password": "sha1$2e2f9$e74fcff5cafe02c2362f9d3b9aafc188524b12b8", "email": "Lee_Adama@ashand.com", "date_joined": "2010-02-24 00:33:43"}}, {"pk": 19, "model": "auth.user", "fields": {"username": "kara_thrace", "first_name": "Kara", "last_name": "Thrace", "is_active": 1, "is_superuser": 0, "is_staff": 0, "last_login": "2010-02-24 00:33:43", "groups": [], "user_permissions": [], "password": "sha1$ee048$fcbfc1260715dbed3aaa55ee0fcc280c398a9e5b", "email": "Kara_Thrace@ashand.com", "date_joined": "2010-02-24 00:33:43"}}, {"pk": 20, "model": "auth.user", "fields": {"username": "samuel_anders", "first_name": "Samuel", "last_name": "Anders", "is_active": 1, "is_superuser": 0, "is_staff": 0, "last_login": "2010-02-24 00:33:43", "groups": [], "user_permissions": [], "password": "sha1$0f5e4$29eb767c9da71049c98f6bf776ee5404c8035e2f", "email": "Samuel_Anders@ashand.com", "date_joined": "2010-02-24 00:33:43"}}, {"pk": 21, "model": "auth.user", "fields": {"username": "sharon_valerii", "first_name": "Sharon", "last_name": "Valerii", "is_active": 1, "is_superuser": 0, "is_staff": 0, "last_login": "2010-02-24 00:33:43", "groups": [], "user_permissions": [], "password": "sha1$1c1f8$7e8cb0ce74643222c33ff1540f69018d49a7898f", "email": "Sharon_Valerii@ashand.com", "date_joined": "2010-02-24 00:33:43"}}, {"pk": 22, "model": "auth.user", "fields": {"username": "karl_agathon", "first_name": "Karl", "last_name": "Agathon", "is_active": 1, "is_superuser": 0, "is_staff": 0, "last_login": "2010-02-24 00:33:43", "groups": [], "user_permissions": [], "password": "sha1$113e5$6ffe01bd79b75fad0eb55496e5454bc7d452a6f7", "email": "Karl_Agathon@ashand.com", "date_joined": "2010-02-24 00:33:43"}}, {"pk": 23, "model": "auth.user", "fields": {"username": "gaius_baltar", "first_name": "Gaius", "last_name": "Baltar", "is_active": 1, "is_superuser": 0, "is_staff": 0, "last_login": "2010-02-24 00:33:43", "groups": [], "user_permissions": [], "password": "sha1$bb1c6$8fbea0b8f8d7718240ce22c57c0d313998bf19bc", "email": "Gaius_Baltar@ashand.com", "date_joined": "2010-02-24 00:33:43"}}, {"pk": 24, "model": "auth.user", "fields": {"username": "danna_biers", "first_name": "D'Anna", "last_name": "Biers", "is_active": 1, "is_superuser": 0, "is_staff": 0, "last_login": "2010-02-24 00:33:43", "groups": [], "user_permissions": [], "password": "sha1$a46e8$b1f5decfbb1f081bbe6ebe0162b5b84a3a626fd8", "email": "D'Anna_Biers@ashand.com", "date_joined": "2010-02-24 00:33:43"}}, {"pk": 25, "model": "auth.user", "fields": {"username": "laura_roslin", "first_name": "Laura", "last_name": "Roslin", "is_active": 1, "is_superuser": 0, "is_staff": 0, "last_login": "2010-02-24 00:33:43", "groups": [], "user_permissions": [], "password": "sha1$26fbc$433b1b723229428d40b28f36147762321d4d893f", "email": "Laura_Roslin@ashand.com", "date_joined": "2010-02-24 00:33:43"}}, {"pk": 26, "model": "auth.user", "fields": {"username": "tory_foster", "first_name": "Tory", "last_name": "Foster", "is_active": 1, "is_superuser": 0, "is_staff": 0, "last_login": "2010-02-24 00:33:43", "groups": [], "user_permissions": [], "password": "sha1$9c75a$bce073e96d674ebfe5caa32821f49522a4b04fa1", "email": "Tory_Foster@ashand.com", "date_joined": "2010-02-24 00:33:43"}}, {"pk": 27, "model": "auth.user", "fields": {"username": "jean-luc_picard", "first_name": "Jean-luc", "last_name": "Picard", "is_active": 1, "is_superuser": 0, "is_staff": 0, "last_login": "2010-02-24 00:33:43", "groups": [], "user_permissions": [], "password": "sha1$2a0a7$c2246adfce76b4381a75d4d4c4cd72c3f6d633bf", "email": "Jean-luc_Picard@ashand.com", "date_joined": "2010-02-24 00:33:43"}}, {"pk": 28, "model": "auth.user", "fields": {"username": "william_riker", "first_name": "William", "last_name": "Riker", "is_active": 1, "is_superuser": 0, "is_staff": 0, "last_login": "2010-02-24 00:33:43", "groups": [], "user_permissions": [], "password": "sha1$2f584$454bbe55e9bd6c441f11fcf54d26fd493fa5d9ec", "email": "William_Riker@ashand.com", "date_joined": "2010-02-24 00:33:43"}}, {"pk": 29, "model": "auth.user", "fields": {"username": "deanna_troi", "first_name": "Deanna", "last_name": "Troi", "is_active": 1, "is_superuser": 0, "is_staff": 0, "last_login": "2010-02-24 00:33:43", "groups": [], "user_permissions": [], "password": "sha1$9f057$a9a67ed6ec159cee54f6e5214c1f284cc049829f", "email": "Deanna_Troi@ashand.com", "date_joined": "2010-02-24 00:33:43"}}, {"pk": 30, "model": "auth.user", "fields": {"username": "benjamin_sisko", "first_name": "Benjamin", "last_name": "Sisko", "is_active": 1, "is_superuser": 0, "is_staff": 0, "last_login": "2010-02-24 00:33:43", "groups": [], "user_permissions": [], "password": "sha1$2ecd1$5c9b1151b887e76c8255b183eaa2f80bed0aafee", "email": "Benjamin_Sisko@ashand.com", "date_joined": "2010-02-24 00:33:43"}}, {"pk": 31, "model": "auth.user", "fields": {"username": "jake_sisko", "first_name": "Jake", "last_name": "Sisko", "is_active": 1, "is_superuser": 0, "is_staff": 0, "last_login": "2010-02-24 00:33:43", "groups": [], "user_permissions": [], "password": "sha1$a8694$18ef35f32bac780f370dea69b9e376e77b20b7f0", "email": "Jake_Sisko@ashand.com", "date_joined": "2010-02-24 00:33:43"}}, {"pk": 32, "model": "auth.user", "fields": {"username": "joseph_sisko", "first_name": "Joseph", "last_name": "Sisko", "is_active": 1, "is_superuser": 0, "is_staff": 0, "last_login": "2010-02-24 00:33:43", "groups": [], "user_permissions": [], "password": "sha1$c9ff8$73f449791437da313e6e65d4e90f233615d11c10", "email": "Joseph_Sisko@ashand.com", "date_joined": "2010-02-24 00:33:43"}}, {"pk": 33, "model": "auth.user", "fields": {"username": "kassidy_yates", "first_name": "Kassidy", "last_name": "Yates", "is_active": 1, "is_superuser": 0, "is_staff": 0, "last_login": "2010-02-24 00:33:44", "groups": [], "user_permissions": [], "password": "sha1$e1671$5e22cda4e730d5a1acbfdd072e3a5a0e219f52c5", "email": "Kassidy_Yates@ashand.com", "date_joined": "2010-02-24 00:33:44"}}, {"pk": 34, "model": "auth.user", "fields": {"username": "jadzia_dax", "first_name": "Jadzia", "last_name": "Dax", "is_active": 1, "is_superuser": 0, "is_staff": 0, "last_login": "2010-02-24 00:33:44", "groups": [], "user_permissions": [], "password": "sha1$ff7f1$293bc974d40f559772d7e3fe3156101ff5eec7b1", "email": "Jadzia_Dax@ashand.com", "date_joined": "2010-02-24 00:33:44"}}, {"pk": 35, "model": "auth.user", "fields": {"username": "ezri_dax", "first_name": "Ezri", "last_name": "Dax", "is_active": 1, "is_superuser": 0, "is_staff": 0, "last_login": "2010-02-24 00:33:44", "groups": [], "user_permissions": [], "password": "sha1$f17d6$1f9ce540707074a64b4cec41c7e512f822d4c736", "email": "Ezri_Dax@ashand.com", "date_joined": "2010-02-24 00:33:44"}}, {"pk": 36, "model": "auth.user", "fields": {"username": "curzon_dax", "first_name": "Curzon", "last_name": "Dax", "is_active": 1, "is_superuser": 0, "is_staff": 0, "last_login": "2010-02-24 00:33:44", "groups": [], "user_permissions": [], "password": "sha1$739f0$9226e9f988130e2f13edae9a70789adbdb8d6689", "email": "Curzon_Dax@ashand.com", "date_joined": "2010-02-24 00:33:44"}}, {"pk": 37, "model": "auth.user", "fields": {"username": "molly_obrien", "first_name": "Molly", "last_name": "O'Brien", "is_active": 1, "is_superuser": 0, "is_staff": 0, "last_login": "2010-02-24 00:33:44", "groups": [], "user_permissions": [], "password": "sha1$cd811$f46bf365ccbb943db3ec6ebd98826d5395a708b3", "email": "Molly_O'Brien@ashand.com", "date_joined": "2010-02-24 00:33:44"}}, {"pk": 38, "model": "auth.user", "fields": {"username": "miles_obrien", "first_name": "Miles", "last_name": "O'Brien", "is_active": 1, "is_superuser": 0, "is_staff": 0, "last_login": "2010-02-24 00:33:44", "groups": [], "user_permissions": [], "password": "sha1$064c9$e974ba750b53d8c07d72d35cbf3d41ee097e0e66", "email": "Miles_O'Brien@ashand.com", "date_joined": "2010-02-24 00:33:44"}}, {"pk": 40, "model": "contenttypes.contenttype", "fields": {"model": "careplancaselink", "name": "care plan case link", "app_label": "careplan"}}, {"pk": 42, "model": "contenttypes.contenttype", "fields": {"model": "careplan", "name": "Care Plan Instance", "app_label": "careplan"}}, {"pk": 41, "model": "contenttypes.contenttype", "fields": {"model": "careplanitem", "name": "Care Plan Instance Item", "app_label": "careplan"}}, {"pk": 37, "model": "contenttypes.contenttype", "fields": {"model": "careplanitemlink", "name": "care plan item link", "app_label": "careplan"}}, {"pk": 29, "model": "contenttypes.contenttype", "fields": {"model": "carerelationship", "name": "care relationship", "app_label": "ashandapp"}}, {"pk": 32, "model": "contenttypes.contenttype", "fields": {"model": "careteam", "name": "care team", "app_label": "ashandapp"}}, {"pk": 31, "model": "contenttypes.contenttype", "fields": {"model": "careteamcaselink", "name": "care team case link", "app_label": "ashandapp"}}, {"pk": 30, "model": "contenttypes.contenttype", "fields": {"model": "caregiverlink", "name": "caregiver link", "app_label": "ashandapp"}}, {"pk": 15, "model": "contenttypes.contenttype", "fields": {"model": "case", "name": "Case", "app_label": "casetracker"}}, {"pk": 9, "model": "contenttypes.contenttype", "fields": {"model": "caseaction", "name": "Case Action Type", "app_label": "casetracker"}}, {"pk": 13, "model": "contenttypes.contenttype", "fields": {"model": "caseevent", "name": "Case Event", "app_label": "casetracker"}}, {"pk": 12, "model": "contenttypes.contenttype", "fields": {"model": "eventactivity", "name": "Case Event Activity Type", "app_label": "casetracker"}}, {"pk": 16, "model": "contenttypes.contenttype", "fields": {"model": "filter", "name": "Case Filter", "app_label": "casetracker"}}, {"pk": 26, "model": "contenttypes.contenttype", "fields": {"model": "caseprofile", "name": "case profile", "app_label": "ashandapp"}}, {"pk": 11, "model": "contenttypes.contenttype", "fields": {"model": "status", "name": "Case Status Type", "app_label": "casetracker"}}, {"pk": 14, "model": "contenttypes.contenttype", "fields": {"model": "casetag", "name": "case tag", "app_label": "casetracker"}}, {"pk": 8, "model": "contenttypes.contenttype", "fields": {"model": "category", "name": "Category Type", "app_label": "casetracker"}}, {"pk": 5, "model": "contenttypes.contenttype", "fields": {"model": "contenttype", "name": "content type", "app_label": "contenttypes"}}, {"pk": 20, "model": "contenttypes.contenttype", "fields": {"model": "gridpreference", "name": "Filter Grid Display Preference", "app_label": "casetracker"}}, {"pk": 17, "model": "contenttypes.contenttype", "fields": {"model": "gridcolumn", "name": "grid column", "app_label": "casetracker"}}, {"pk": 19, "model": "contenttypes.contenttype", "fields": {"model": "gridorder", "name": "Grid column display ordering", "app_label": "casetracker"}}, {"pk": 18, "model": "contenttypes.contenttype", "fields": {"model": "gridsort", "name": "Grid column sort ordering", "app_label": "casetracker"}}, {"pk": 2, "model": "contenttypes.contenttype", "fields": {"model": "group", "name": "group", "app_label": "auth"}}, {"pk": 23, "model": "contenttypes.contenttype", "fields": {"model": "identifiertype", "name": "identifier type", "app_label": "patient"}}, {"pk": 45, "model": "contenttypes.contenttype", "fields": {"model": "logentry", "name": "log entry", "app_label": "admin"}}, {"pk": 4, "model": "contenttypes.contenttype", "fields": {"model": "message", "name": "message", "app_label": "auth"}}, {"pk": 21, "model": "contenttypes.contenttype", "fields": {"model": "message", "name": "message", "app_label": "casetracker"}}, {"pk": 25, "model": "contenttypes.contenttype", "fields": {"model": "patient", "name": "patient", "app_label": "patient"}}, {"pk": 24, "model": "contenttypes.contenttype", "fields": {"model": "patientidentifier", "name": "patient identifier", "app_label": "patient"}}, {"pk": 1, "model": "contenttypes.contenttype", "fields": {"model": "permission", "name": "permission", "app_label": "auth"}}, {"pk": 33, "model": "contenttypes.contenttype", "fields": {"model": "plancategory", "name": "Plan Category", "app_label": "careplan"}}, {"pk": 35, "model": "contenttypes.contenttype", "fields": {"model": "planrule", "name": "Plan Rule", "app_label": "careplan"}}, {"pk": 34, "model": "contenttypes.contenttype", "fields": {"model": "plantag", "name": "Plan Tag Metadata", "app_label": "careplan"}}, {"pk": 10, "model": "contenttypes.contenttype", "fields": {"model": "priority", "name": "Priority Type", "app_label": "casetracker"}}, {"pk": 22, "model": "contenttypes.contenttype", "fields": {"model": "provider", "name": "provider", "app_label": "provider"}}, {"pk": 28, "model": "contenttypes.contenttype", "fields": {"model": "providerlink", "name": "provider link", "app_label": "ashandapp"}}, {"pk": 27, "model": "contenttypes.contenttype", "fields": {"model": "providerrole", "name": "provider role", "app_label": "ashandapp"}}, {"pk": 43, "model": "contenttypes.contenttype", "fields": {"model": "revision", "name": "revision", "app_label": "reversion"}}, {"pk": 6, "model": "contenttypes.contenttype", "fields": {"model": "session", "name": "session", "app_label": "sessions"}}, {"pk": 7, "model": "contenttypes.contenttype", "fields": {"model": "site", "name": "site", "app_label": "sites"}}, {"pk": 38, "model": "contenttypes.contenttype", "fields": {"model": "templatecareplan", "name": "Template Care Plan", "app_label": "careplan"}}, {"pk": 39, "model": "contenttypes.contenttype", "fields": {"model": "templatecareplanitem", "name": "Template Care Plan Item", "app_label": "careplan"}}, {"pk": 36, "model": "contenttypes.contenttype", "fields": {"model": "templatecareplanitemlink", "name": "template care plan item link", "app_label": "careplan"}}, {"pk": 3, "model": "contenttypes.contenttype", "fields": {"model": "user", "name": "user", "app_label": "auth"}}, {"pk": 44, "model": "contenttypes.contenttype", "fields": {"model": "version", "name": "version", "app_label": "reversion"}}, {"pk": "6f5986a2ef57ef6ab29f7bb7bd2327a7", "model": "sessions.session", "fields": {"expire_date": "2010-03-10 00:46:20", "session_data": "gAJ9cQEoVRJfYXV0aF91c2VyX2JhY2tlbmRxAlUpZGphbmdvLmNvbnRyaWIuYXV0aC5iYWNrZW5k\ncy5Nb2RlbEJhY2tlbmRxA1UNX2F1dGhfdXNlcl9pZHEEigEEdS5mYzRkMTdiOWI5NjE0ZjNhZTJk\nZTRkOGQ2MTE2ZDlhNg==\n"}}, {"pk": "6782cb5d237c486dc2376c99189b551d", "model": "sessions.session", "fields": {"expire_date": "2010-03-10 00:46:14", "session_data": "gAJ9cQEuYjE5ZTFhNzUxMGU5ZDAwNTUxNjA4ZTdiZjYyNzMzOGM=\n"}}, {"pk": 1, "model": "sites.site", "fields": {"domain": "example.com", "name": "example.com"}}, {"pk": 1, "model": "casetracker.category", "fields": {"category": "Question", "handler_class": "QuestionHandler", "plural": "Questions", "handler_module": "ashandapp.CategoryHandler", "default_status": null}}, {"pk": 2, "model": "casetracker.category", "fields": {"category": "Issue", "handler_class": "IssueHandler", "plural": "Issues", "handler_module": "ashandapp.CategoryHandler", "default_status": null}}, {"pk": 3, "model": "casetracker.category", "fields": {"category": "Medication", "handler_class": null, "plural": "medications", "handler_module": null, "default_status": null}}, {"pk": 4, "model": "casetracker.category", "fields": {"category": "Appointment", "handler_class": null, "plural": "appointments", "handler_module": null, "default_status": null}}, {"pk": 5, "model": "casetracker.category", "fields": {"category": "Instruction", "handler_class": null, "plural": "instructions", "handler_module": null, "default_status": null}}, {"pk": 6, "model": "casetracker.category", "fields": {"category": "HomeVisit", "handler_class": null, "plural": "home visits", "handler_module": null, "default_status": null}}, {"pk": 7, "model": "casetracker.category", "fields": {"category": "HomeMonitoring", "handler_class": "HomeMonitoringHandler", "plural": "Home Measurement", "handler_module": "ashandapp.CategoryHandler", "default_status": null}}, {"pk": 8, "model": "casetracker.category", "fields": {"category": "System", "handler_class": "SystemCaseHandler", "plural": "System Cases", "handler_module": "ashandapp.CategoryHandler", "default_status": null}}, {"pk": 1, "model": "casetracker.caseaction", "fields": {"description": "Resolve"}}, {"pk": 2, "model": "casetracker.caseaction", "fields": {"description": "Close"}}, {"pk": 3, "model": "casetracker.caseaction", "fields": {"description": "Follow Up"}}, {"pk": 4, "model": "casetracker.caseaction", "fields": {"description": "Assign"}}, {"pk": 5, "model": "casetracker.caseaction", "fields": {"description": "Escalate"}}, {"pk": 6, "model": "casetracker.caseaction", "fields": {"description": "Query"}}, {"pk": 7, "model": "casetracker.caseaction", "fields": {"description": "Triage"}}, {"pk": 1, "model": "casetracker.priority", "fields": {"default": 0, "magnitude": 1, "description": "Critical"}}, {"pk": 2, "model": "casetracker.priority", "fields": {"default": 0, "magnitude": 2, "description": "Warning"}}, {"pk": 3, "model": "casetracker.priority", "fields": {"default": 0, "magnitude": 3, "description": "Moderate"}}, {"pk": 4, "model": "casetracker.priority", "fields": {"default": 1, "magnitude": 4, "description": "Normal"}}, {"pk": 5, "model": "casetracker.priority", "fields": {"default": 0, "magnitude": 5, "description": "Informative"}}, {"pk": 6, "model": "casetracker.priority", "fields": {"default": 0, "magnitude": 6, "description": "Informative"}}, {"pk": 7, "model": "casetracker.priority", "fields": {"default": 0, "magnitude": 7, "description": "System Message"}}, {"pk": 1, "model": "casetracker.status", "fields": {"category": 1, "state_class": "state-open", "description": "Active/Open (default)"}}, {"pk": 2, "model": "casetracker.status", "fields": {"category": 1, "state_class": "state-new", "description": "New"}}, {"pk": 3, "model": "casetracker.status", "fields": {"category": 1, "state_class": "state-closed", "description": "Closed (default)"}}, {"pk": 4, "model": "casetracker.status", "fields": {"category": 1, "state_class": "state-resolved", "description": "Resolved (default)"}}, {"pk": 5, "model": "casetracker.status", "fields": {"category": 2, "state_class": "state-open", "description": "Active/Open (default)"}}, {"pk": 6, "model": "casetracker.status", "fields": {"category": 2, "state_class": "state-new", "description": "New"}}, {"pk": 7, "model": "casetracker.status", "fields": {"category": 2, "state_class": "state-closed", "description": "Closed (default)"}}, {"pk": 8, "model": "casetracker.status", "fields": {"category": 2, "state_class": "state-resolved", "description": "Resolved (default)"}}, {"pk": 9, "model": "casetracker.status", "fields": {"category": 3, "state_class": "state-open", "description": "Active/Open (default)"}}, {"pk": 10, "model": "casetracker.status", "fields": {"category": 3, "state_class": "state-new", "description": "New"}}, {"pk": 11, "model": "casetracker.status", "fields": {"category": 3, "state_class": "state-closed", "description": "Closed (default)"}}, {"pk": 12, "model": "casetracker.status", "fields": {"category": 3, "state_class": "state-resolved", "description": "Resolved (default)"}}, {"pk": 13, "model": "casetracker.status", "fields": {"category": 4, "state_class": "state-open", "description": "Active/Open (default)"}}, {"pk": 14, "model": "casetracker.status", "fields": {"category": 4, "state_class": "state-new", "description": "New"}}, {"pk": 15, "model": "casetracker.status", "fields": {"category": 4, "state_class": "state-closed", "description": "Closed (default)"}}, {"pk": 16, "model": "casetracker.status", "fields": {"category": 4, "state_class": "state-resolved", "description": "Resolved (default)"}}, {"pk": 17, "model": "casetracker.status", "fields": {"category": 5, "state_class": "state-open", "description": "Active/Open (default)"}}, {"pk": 18, "model": "casetracker.status", "fields": {"category": 5, "state_class": "state-new", "description": "New"}}, {"pk": 19, "model": "casetracker.status", "fields": {"category": 5, "state_class": "state-closed", "description": "Closed (default)"}}, {"pk": 20, "model": "casetracker.status", "fields": {"category": 5, "state_class": "state-resolved", "description": "Resolved (default)"}}, {"pk": 21, "model": "casetracker.status", "fields": {"category": 6, "state_class": "state-open", "description": "Active/Open (default)"}}, {"pk": 22, "model": "casetracker.status", "fields": {"category": 6, "state_class": "state-new", "description": "New"}}, {"pk": 23, "model": "casetracker.status", "fields": {"category": 6, "state_class": "state-closed", "description": "Closed (default)"}}, {"pk": 24, "model": "casetracker.status", "fields": {"category": 6, "state_class": "state-resolved", "description": "Resolved (default)"}}, {"pk": 25, "model": "casetracker.status", "fields": {"category": 7, "state_class": "state-open", "description": "Active/Open (default)"}}, {"pk": 26, "model": "casetracker.status", "fields": {"category": 7, "state_class": "state-new", "description": "New"}}, {"pk": 27, "model": "casetracker.status", "fields": {"category": 7, "state_class": "state-closed", "description": "Closed (default)"}}, {"pk": 28, "model": "casetracker.status", "fields": {"category": 7, "state_class": "state-resolved", "description": "Resolved (default)"}}, {"pk": 29, "model": "casetracker.status", "fields": {"category": 8, "state_class": "state-open", "description": "Active/Open (default)"}}, {"pk": 30, "model": "casetracker.status", "fields": {"category": 8, "state_class": "state-new", "description": "New"}}, {"pk": 31, "model": "casetracker.status", "fields": {"category": 8, "state_class": "state-closed", "description": "Closed (default)"}}, {"pk": 32, "model": "casetracker.status", "fields": {"category": 8, "state_class": "state-resolved", "description": "Resolved (default)"}}, {"pk": 1, "model": "casetracker.eventactivity", "fields": {"category": 2, "phrasing": "edited", "name": "Edit Case", "event_class": "event-edit", "summary": "Edit a case"}}, {"pk": 2, "model": "casetracker.eventactivity", "fields": {"category": 2, "phrasing": "emailed", "name": "Email", "event_class": "event-custom", "summary": "email on an issue"}}, {"pk": 3, "model": "casetracker.eventactivity", "fields": {"category": 2, "phrasing": "called", "name": "Phone Call", "event_class": "event-custom", "summary": "Make a phone call"}}, {"pk": 4, "model": "casetracker.eventactivity", "fields": {"category": 2, "phrasing": "text messaged", "name": "SMS", "event_class": "event-custom", "summary": "Send an SMS"}}, {"pk": 5, "model": "casetracker.eventactivity", "fields": {"category": 1, "phrasing": "text messaged", "name": "SMS", "event_class": "event-custom", "summary": "Send an SMS"}}, {"pk": 6, "model": "casetracker.eventactivity", "fields": {"category": 1, "phrasing": "called", "name": "Phone Call", "event_class": "event-custom", "summary": "Make a phone call"}}, {"pk": 7, "model": "casetracker.eventactivity", "fields": {"category": 1, "phrasing": "opened", "name": "New Case", "event_class": "event-open", "summary": "Created a new case"}}, {"pk": 8, "model": "casetracker.eventactivity", "fields": {"category": 2, "phrasing": "opened", "name": "New Case", "event_class": "event-open", "summary": "Created a new case"}}, {"pk": 9, "model": "casetracker.eventactivity", "fields": {"category": 1, "phrasing": "edited", "name": "Edit Case", "event_class": "event-edit", "summary": "Edit a case"}}, {"pk": 10, "model": "casetracker.eventactivity", "fields": {"category": 1, "phrasing": "viewed", "name": "View Case", "event_class": "event-view", "summary": "View a case"}}, {"pk": 11, "model": "casetracker.eventactivity", "fields": {"category": 2, "phrasing": "viewed", "name": "View Case", "event_class": "event-view", "summary": "View a case"}}, {"pk": 12, "model": "casetracker.eventactivity", "fields": {"category": 1, "phrasing": "answered", "name": "Answer Question (Resolve)", "event_class": "event-resolve", "summary": "Answer question to resolve a case"}}, {"pk": 13, "model": "casetracker.eventactivity", "fields": {"category": 2, "phrasing": "resolved", "name": "Resolve Case", "event_class": "event-resolve", "summary": "Resolve a case"}}, {"pk": 14, "model": "casetracker.eventactivity", "fields": {"category": 1, "phrasing": "closed", "name": "Close Case", "event_class": "event-close", "summary": "Close a case"}}, {"pk": 15, "model": "casetracker.eventactivity", "fields": {"category": 2, "phrasing": "closed", "name": "Close Case", "event_class": "event-close", "summary": "Close a case"}}, {"pk": 16, "model": "casetracker.eventactivity", "fields": {"category": 1, "phrasing": "reopened", "name": "Reopen Case", "event_class": "event-reopen", "summary": "Reopen a case"}}, {"pk": 17, "model": "casetracker.eventactivity", "fields": {"category": 2, "phrasing": "reopened", "name": "Reopen Case", "event_class": "event-reopen", "summary": "Reopen a case"}}, {"pk": 18, "model": "casetracker.eventactivity", "fields": {"category": 1, "phrasing": "commented", "name": "Comment", "event_class": "event-comment", "summary": "Comment"}}, {"pk": 19, "model": "casetracker.eventactivity", "fields": {"category": 2, "phrasing": "commented", "name": "Comment", "event_class": "event-comment", "summary": "comment"}}, {"pk": 20, "model": "casetracker.eventactivity", "fields": {"category": 8, "phrasing": "[system event]", "name": "Active System Event", "event_class": "event-open", "summary": "Default active/open system event"}}, {"pk": 21, "model": "casetracker.eventactivity", "fields": {"category": 8, "phrasing": "edited", "name": "Edit Event Information", "event_class": "event-edit", "summary": "(reserved, a system event should never be modified outright)"}}, {"pk": 22, "model": "casetracker.eventactivity", "fields": {"category": 8, "phrasing": "resolved", "name": "Resolve System Event", "event_class": "event-resolve", "summary": "Default system case resolution (acknowledgement)"}}, {"pk": 23, "model": "casetracker.eventactivity", "fields": {"category": 8, "phrasing": "closed", "name": "Close System Event", "event_class": "event-close", "summary": "Default close for system event"}}, {"pk": 24, "model": "casetracker.eventactivity", "fields": {"category": 4, "phrasing": "appointment", "name": "Upcoming Appointment", "event_class": "event-open", "summary": "An active case that signifies an appointment that is scheduled in th efuture"}}, {"pk": 25, "model": "casetracker.eventactivity", "fields": {"category": 4, "phrasing": "", "name": "Reschedule", "event_class": "event-edit", "summary": "Reschedule an appointment"}}, {"pk": 26, "model": "casetracker.eventactivity", "fields": {"category": 4, "phrasing": "completed", "name": "Completed", "event_class": "event-resolve", "summary": "A completed appointment"}}, {"pk": 27, "model": "casetracker.eventactivity", "fields": {"category": 4, "phrasing": "closed", "name": "Completed/Closed", "event_class": "event-close", "summary": "Close a completed appointment"}}, {"pk": 28, "model": "casetracker.eventactivity", "fields": {"category": 4, "phrasing": "commented", "name": "Comment", "event_class": "event-comment", "summary": "comment on an appointment case"}}, {"pk": 29, "model": "casetracker.eventactivity", "fields": {"category": 8, "phrasing": "commented", "name": "System Comment", "event_class": "event-comment", "summary": "Comment/update on a system case"}}, {"pk": 30, "model": "casetracker.eventactivity", "fields": {"category": 7, "phrasing": "home monitor", "name": "Home Monitoring Event", "event_class": "event-open", "summary": "A case requiring follow up generated from the home monitoring device based upon some rule"}}, {"pk": 31, "model": "casetracker.eventactivity", "fields": {"category": 7, "phrasing": "edited", "name": "Home Monitor Modify", "event_class": "event-edit", "summary": "Modify the case for a home monitoring event"}}, {"pk": 32, "model": "casetracker.eventactivity", "fields": {"category": 7, "phrasing": "commented", "name": "Home Monitor Comment", "event_class": "event-comment", "summary": "comment on a home monitoring event"}}, {"pk": 33, "model": "casetracker.eventactivity", "fields": {"category": 7, "phrasing": "resolved", "name": "Home Monitoring Resolve", "event_class": "event-resolve", "summary": "Resolve a Home Monitoring Event"}}, {"pk": 34, "model": "casetracker.eventactivity", "fields": {"category": 7, "phrasing": "closed", "name": "Home Monitor Close", "event_class": "event-close", "summary": "Close a home monitoirng event"}}, {"pk": "2c3bdb5f210611dfa56d001641e25144", "model": "casetracker.caseevent", "fields": {"case": "2c3bdb5e210611dfa56d001641e25144", "notes": "New case created by ashand system", "created_date": "2010-02-24 05:33:44", "created_by": 2, "activity": 20}}, {"pk": "2c3bdb65210611dfa56d001641e25144", "model": "casetracker.caseevent", "fields": {"case": "2c3bdb64210611dfa56d001641e25144", "notes": "New case created by ashand system", "created_date": "2010-02-24 05:33:44", "created_by": 2, "activity": 20}}, {"pk": "2c3bdb6b210611dfa56d001641e25144", "model": "casetracker.caseevent", "fields": {"case": "2c3bdb6a210611dfa56d001641e25144", "notes": "New case created by ashand system", "created_date": "2010-02-24 05:33:44", "created_by": 2, "activity": 20}}, {"pk": "2c3bdb70210611dfa56d001641e25144", "model": "casetracker.caseevent", "fields": {"case": "2c3bdb6f210611dfa56d001641e25144", "notes": "New case created by ashand system", "created_date": "2010-02-24 05:33:44", "created_by": 2, "activity": 20}}, {"pk": "2c3bdb78210611dfa56d001641e25144", "model": "casetracker.caseevent", "fields": {"case": "2c3bdb77210611dfa56d001641e25144", "notes": "New case created by ashand system", "created_date": "2010-02-24 05:33:44", "created_by": 2, "activity": 20}}, {"pk": "2c3bdb7e210611dfa56d001641e25144", "model": "casetracker.caseevent", "fields": {"case": "2c3bdb7d210611dfa56d001641e25144", "notes": "New case created by ashand system", "created_date": "2010-02-24 05:33:44", "created_by": 2, "activity": 20}}, {"pk": "2c3bdb84210611dfa56d001641e25144", "model": "casetracker.caseevent", "fields": {"case": "2c3bdb83210611dfa56d001641e25144", "notes": "New case created by ashand system", "created_date": "2010-02-24 05:33:44", "created_by": 2, "activity": 20}}, {"pk": "2c3bdb8a210611dfa56d001641e25144", "model": "casetracker.caseevent", "fields": {"case": "2c3bdb89210611dfa56d001641e25144", "notes": "New case created by ashand system", "created_date": "2010-02-24 05:33:44", "created_by": 2, "activity": 20}}, {"pk": "2c3bdb8f210611dfa56d001641e25144", "model": "casetracker.caseevent", "fields": {"case": "2c3bdb8e210611dfa56d001641e25144", "notes": "New case created by ashand system", "created_date": "2010-02-24 05:33:44", "created_by": 2, "activity": 20}}, {"pk": "2c3bdb97210611dfa56d001641e25144", "model": "casetracker.caseevent", "fields": {"case": "2c3bdb96210611dfa56d001641e25144", "notes": "New case created by ashand system", "created_date": "2010-02-24 05:33:44", "created_by": 2, "activity": 20}}, {"pk": "2c3bdb9d210611dfa56d001641e25144", "model": "casetracker.caseevent", "fields": {"case": "2c3bdb9c210611dfa56d001641e25144", "notes": "New case created by ashand system", "created_date": "2010-02-24 05:33:44", "created_by": 2, "activity": 20}}, {"pk": "2c3bdba3210611dfa56d001641e25144", "model": "casetracker.caseevent", "fields": {"case": "2c3bdba2210611dfa56d001641e25144", "notes": "New case created by ashand system", "created_date": "2010-02-24 05:33:44", "created_by": 2, "activity": 20}}, {"pk": "2c3bdba9210611dfa56d001641e25144", "model": "casetracker.caseevent", "fields": {"case": "2c3bdba8210611dfa56d001641e25144", "notes": "New case created by ashand system", "created_date": "2010-02-24 05:33:44", "created_by": 2, "activity": 20}}, {"pk": "2c3bdbaf210611dfa56d001641e25144", "model": "casetracker.caseevent", "fields": {"case": "2c3bdbae210611dfa56d001641e25144", "notes": "New case created by ashand system", "created_date": "2010-02-24 05:33:44", "created_by": 2, "activity": 20}}, {"pk": "2c3bdbb4210611dfa56d001641e25144", "model": "casetracker.caseevent", "fields": {"case": "2c3bdbb3210611dfa56d001641e25144", "notes": "New case created by ashand system", "created_date": "2010-02-24 05:33:44", "created_by": 2, "activity": 20}}, {"pk": "2c3bdbbc210611dfa56d001641e25144", "model": "casetracker.caseevent", "fields": {"case": "2c3bdbbb210611dfa56d001641e25144", "notes": "New case created by ashand system", "created_date": "2010-02-24 05:33:44", "created_by": 2, "activity": 20}}, {"pk": "2c3bdbc2210611dfa56d001641e25144", "model": "casetracker.caseevent", "fields": {"case": "2c3bdbc1210611dfa56d001641e25144", "notes": "New case created by ashand system", "created_date": "2010-02-24 05:33:44", "created_by": 2, "activity": 20}}, {"pk": "2c3bdbc8210611dfa56d001641e25144", "model": "casetracker.caseevent", "fields": {"case": "2c3bdbc7210611dfa56d001641e25144", "notes": "New case created by ashand system", "created_date": "2010-02-24 05:33:44", "created_by": 2, "activity": 20}}, {"pk": "2c3bdbce210611dfa56d001641e25144", "model": "casetracker.caseevent", "fields": {"case": "2c3bdbcd210611dfa56d001641e25144", "notes": "New case created by ashand system", "created_date": "2010-02-24 05:33:44", "created_by": 2, "activity": 20}}, {"pk": "2c3bdbd4210611dfa56d001641e25144", "model": "casetracker.caseevent", "fields": {"case": "2c3bdbd3210611dfa56d001641e25144", "notes": "New case created by ashand system", "created_date": "2010-02-24 05:33:44", "created_by": 2, "activity": 20}}, {"pk": "2c3bdbd9210611dfa56d001641e25144", "model": "casetracker.caseevent", "fields": {"case": "2c3bdbd8210611dfa56d001641e25144", "notes": "New case created by ashand system", "created_date": "2010-02-24 05:33:44", "created_by": 2, "activity": 20}}, {"pk": "2c3bdbe1210611dfa56d001641e25144", "model": "casetracker.caseevent", "fields": {"case": "2c3bdbe0210611dfa56d001641e25144", "notes": "New case created by ashand system", "created_date": "2010-02-24 05:33:44", "created_by": 2, "activity": 20}}, {"pk": "2c3bdbe7210611dfa56d001641e25144", "model": "casetracker.caseevent", "fields": {"case": "2c3bdbe6210611dfa56d001641e25144", "notes": "New case created by ashand system", "created_date": "2010-02-24 05:33:44", "created_by": 2, "activity": 20}}, {"pk": "2c3bdbed210611dfa56d001641e25144", "model": "casetracker.caseevent", "fields": {"case": "2c3bdbec210611dfa56d001641e25144", "notes": "New case created by ashand system", "created_date": "2010-02-24 05:33:44", "created_by": 2, "activity": 20}}, {"pk": "2c3bdbf3210611dfa56d001641e25144", "model": "casetracker.caseevent", "fields": {"case": "2c3bdbf2210611dfa56d001641e25144", "notes": "New case created by ashand system", "created_date": "2010-02-24 05:33:44", "created_by": 2, "activity": 20}}, {"pk": "2c3bdbf8210611dfa56d001641e25144", "model": "casetracker.caseevent", "fields": {"case": "2c3bdbf7210611dfa56d001641e25144", "notes": "New case created by ashand system", "created_date": "2010-02-24 05:33:44", "created_by": 2, "activity": 20}}, {"pk": "2b8b7a6b210611dfa56d001641e25144", "model": "casetracker.caseevent", "fields": {"case": "2b8b7a6a210611dfa56d001641e25144", "notes": "New case created by ashand system", "created_date": "2010-02-24 05:33:43", "created_by": 2, "activity": 20}}, {"pk": "2b8b7a70210611dfa56d001641e25144", "model": "casetracker.caseevent", "fields": {"case": "2b8b7a6f210611dfa56d001641e25144", "notes": "New case created by ashand system", "created_date": "2010-02-24 05:33:43", "created_by": 2, "activity": 20}}, {"pk": "2b8b7a78210611dfa56d001641e25144", "model": "casetracker.caseevent", "fields": {"case": "2b8b7a77210611dfa56d001641e25144", "notes": "New case created by ashand system", "created_date": "2010-02-24 05:33:43", "created_by": 2, "activity": 20}}, {"pk": "2b8b7a7d210611dfa56d001641e25144", "model": "casetracker.caseevent", "fields": {"case": "2b8b7a7c210611dfa56d001641e25144", "notes": "New case created by ashand system", "created_date": "2010-02-24 05:33:43", "created_by": 2, "activity": 20}}, {"pk": "2b8b7a85210611dfa56d001641e25144", "model": "casetracker.caseevent", "fields": {"case": "2b8b7a84210611dfa56d001641e25144", "notes": "New case created by ashand system", "created_date": "2010-02-24 05:33:43", "created_by": 2, "activity": 20}}, {"pk": "2b8b7a8a210611dfa56d001641e25144", "model": "casetracker.caseevent", "fields": {"case": "2b8b7a89210611dfa56d001641e25144", "notes": "New case created by ashand system", "created_date": "2010-02-24 05:33:43", "created_by": 2, "activity": 20}}, {"pk": "2b8b7a92210611dfa56d001641e25144", "model": "casetracker.caseevent", "fields": {"case": "2b8b7a91210611dfa56d001641e25144", "notes": "New case created by ashand system", "created_date": "2010-02-24 05:33:43", "created_by": 2, "activity": 20}}, {"pk": "2b8b7a98210611dfa56d001641e25144", "model": "casetracker.caseevent", "fields": {"case": "2b8b7a97210611dfa56d001641e25144", "notes": "New case created by ashand system", "created_date": "2010-02-24 05:33:43", "created_by": 2, "activity": 20}}, {"pk": "2b8b7a9e210611dfa56d001641e25144", "model": "casetracker.caseevent", "fields": {"case": "2b8b7a9d210611dfa56d001641e25144", "notes": "New case created by ashand system", "created_date": "2010-02-24 05:33:43", "created_by": 2, "activity": 20}}, {"pk": "2b8b7aa4210611dfa56d001641e25144", "model": "casetracker.caseevent", "fields": {"case": "2b8b7aa3210611dfa56d001641e25144", "notes": "New case created by ashand system", "created_date": "2010-02-24 05:33:43", "created_by": 2, "activity": 20}}, {"pk": "2b8b7aa9210611dfa56d001641e25144", "model": "casetracker.caseevent", "fields": {"case": "2b8b7aa8210611dfa56d001641e25144", "notes": "New case created by ashand system", "created_date": "2010-02-24 05:33:43", "created_by": 2, "activity": 20}}, {"pk": "2b8b7ab1210611dfa56d001641e25144", "model": "casetracker.caseevent", "fields": {"case": "2b8b7ab0210611dfa56d001641e25144", "notes": "New case created by ashand system", "created_date": "2010-02-24 05:33:43", "created_by": 2, "activity": 20}}, {"pk": "2b8b7ab7210611dfa56d001641e25144", "model": "casetracker.caseevent", "fields": {"case": "2b8b7ab6210611dfa56d001641e25144", "notes": "New case created by ashand system", "created_date": "2010-02-24 05:33:43", "created_by": 2, "activity": 20}}, {"pk": "2b8b7abd210611dfa56d001641e25144", "model": "casetracker.caseevent", "fields": {"case": "2b8b7abc210611dfa56d001641e25144", "notes": "New case created by ashand system", "created_date": "2010-02-24 05:33:43", "created_by": 2, "activity": 20}}, {"pk": "2b8b7ac3210611dfa56d001641e25144", "model": "casetracker.caseevent", "fields": {"case": "2b8b7ac2210611dfa56d001641e25144", "notes": "New case created by ashand system", "created_date": "2010-02-24 05:33:43", "created_by": 2, "activity": 20}}, {"pk": "2b8b7ac9210611dfa56d001641e25144", "model": "casetracker.caseevent", "fields": {"case": "2b8b7ac8210611dfa56d001641e25144", "notes": "New case created by ashand system", "created_date": "2010-02-24 05:33:43", "created_by": 2, "activity": 20}}, {"pk": "2b8b7ace210611dfa56d001641e25144", "model": "casetracker.caseevent", "fields": {"case": "2b8b7acd210611dfa56d001641e25144", "notes": "New case created by ashand system", "created_date": "2010-02-24 05:33:43", "created_by": 2, "activity": 20}}, {"pk": "2b8b7ad6210611dfa56d001641e25144", "model": "casetracker.caseevent", "fields": {"case": "2b8b7ad5210611dfa56d001641e25144", "notes": "New case created by ashand system", "created_date": "2010-02-24 05:33:43", "created_by": 2, "activity": 20}}, {"pk": "2b8b7adc210611dfa56d001641e25144", "model": "casetracker.caseevent", "fields": {"case": "2b8b7adb210611dfa56d001641e25144", "notes": "New case created by ashand system", "created_date": "2010-02-24 05:33:43", "created_by": 2, "activity": 20}}, {"pk": "2b8b7ae2210611dfa56d001641e25144", "model": "casetracker.caseevent", "fields": {"case": "2b8b7ae1210611dfa56d001641e25144", "notes": "New case created by ashand system", "created_date": "2010-02-24 05:33:43", "created_by": 2, "activity": 20}}, {"pk": "2b8b7ae8210611dfa56d001641e25144", "model": "casetracker.caseevent", "fields": {"case": "2b8b7ae7210611dfa56d001641e25144", "notes": "New case created by ashand system", "created_date": "2010-02-24 05:33:43", "created_by": 2, "activity": 20}}, {"pk": "2b8b7aed210611dfa56d001641e25144", "model": "casetracker.caseevent", "fields": {"case": "2b8b7aec210611dfa56d001641e25144", "notes": "New case created by ashand system", "created_date": "2010-02-24 05:33:43", "created_by": 2, "activity": 20}}, {"pk": "2b8b7af5210611dfa56d001641e25144", "model": "casetracker.caseevent", "fields": {"case": "2b8b7af4210611dfa56d001641e25144", "notes": "New case created by ashand system", "created_date": "2010-02-24 05:33:43", "created_by": 2, "activity": 20}}, {"pk": "2b8b7afb210611dfa56d001641e25144", "model": "casetracker.caseevent", "fields": {"case": "2b8b7afa210611dfa56d001641e25144", "notes": "New case created by ashand system", "created_date": "2010-02-24 05:33:43", "created_by": 2, "activity": 20}}, {"pk": "2b8b7b01210611dfa56d001641e25144", "model": "casetracker.caseevent", "fields": {"case": "2b8b7b00210611dfa56d001641e25144", "notes": "New case created by ashand system", "created_date": "2010-02-24 05:33:43", "created_by": 2, "activity": 20}}, {"pk": "2b8b7b06210611dfa56d001641e25144", "model": "casetracker.caseevent", "fields": {"case": "2b8b7b05210611dfa56d001641e25144", "notes": "New case created by ashand system", "created_date": "2010-02-24 05:33:43", "created_by": 2, "activity": 20}}, {"pk": "2b8b7b0e210611dfa56d001641e25144", "model": "casetracker.caseevent", "fields": {"case": "2b8b7b0d210611dfa56d001641e25144", "notes": "New case created by ashand system", "created_date": "2010-02-24 05:33:43", "created_by": 2, "activity": 20}}, {"pk": "2b8b7b14210611dfa56d001641e25144", "model": "casetracker.caseevent", "fields": {"case": "2b8b7b13210611dfa56d001641e25144", "notes": "New case created by ashand system", "created_date": "2010-02-24 05:33:43", "created_by": 2, "activity": 20}}, {"pk": "2b8b7b1a210611dfa56d001641e25144", "model": "casetracker.caseevent", "fields": {"case": "2b8b7b19210611dfa56d001641e25144", "notes": "New case created by ashand system", "created_date": "2010-02-24 05:33:43", "created_by": 2, "activity": 20}}, {"pk": "2b8b7b20210611dfa56d001641e25144", "model": "casetracker.caseevent", "fields": {"case": "2b8b7b1f210611dfa56d001641e25144", "notes": "New case created by ashand system", "created_date": "2010-02-24 05:33:43", "created_by": 2, "activity": 20}}, {"pk": "2b8b7b26210611dfa56d001641e25144", "model": "casetracker.caseevent", "fields": {"case": "2b8b7b25210611dfa56d001641e25144", "notes": "New case created by ashand system", "created_date": "2010-02-24 05:33:43", "created_by": 2, "activity": 20}}, {"pk": "2b8b7b2b210611dfa56d001641e25144", "model": "casetracker.caseevent", "fields": {"case": "2b8b7b2a210611dfa56d001641e25144", "notes": "New case created by ashand system", "created_date": "2010-02-24 05:33:43", "created_by": 2, "activity": 20}}, {"pk": "2b8b7b33210611dfa56d001641e25144", "model": "casetracker.caseevent", "fields": {"case": "2b8b7b32210611dfa56d001641e25144", "notes": "New case created by ashand system", "created_date": "2010-02-24 05:33:43", "created_by": 2, "activity": 20}}, {"pk": "2b8b7b38210611dfa56d001641e25144", "model": "casetracker.caseevent", "fields": {"case": "2b8b7b37210611dfa56d001641e25144", "notes": "New case created by ashand system", "created_date": "2010-02-24 05:33:43", "created_by": 2, "activity": 20}}, {"pk": "2b8b7b40210611dfa56d001641e25144", "model": "casetracker.caseevent", "fields": {"case": "2b8b7b3f210611dfa56d001641e25144", "notes": "New case created by ashand system", "created_date": "2010-02-24 05:33:43", "created_by": 2, "activity": 20}}, {"pk": "2b8b7b46210611dfa56d001641e25144", "model": "casetracker.caseevent", "fields": {"case": "2b8b7b45210611dfa56d001641e25144", "notes": "New case created by ashand system", "created_date": "2010-02-24 05:33:43", "created_by": 2, "activity": 20}}, {"pk": 1, "model": "casetracker.casetag", "fields": {"case": "2b8b7a6a210611dfa56d001641e25144", "object_uuid": "2b8b7a67210611dfa56d001641e25144", "object_type": 28}}, {"pk": 2, "model": "casetracker.casetag", "fields": {"case": "2b8b7a6f210611dfa56d001641e25144", "object_uuid": "2b8b7a6d210611dfa56d001641e25144", "object_type": 30}}, {"pk": 3, "model": "casetracker.casetag", "fields": {"case": "2b8b7a77210611dfa56d001641e25144", "object_uuid": "2b8b7a74210611dfa56d001641e25144", "object_type": 28}}, {"pk": 4, "model": "casetracker.casetag", "fields": {"case": "2b8b7a7c210611dfa56d001641e25144", "object_uuid": "2b8b7a7a210611dfa56d001641e25144", "object_type": 30}}, {"pk": 5, "model": "casetracker.casetag", "fields": {"case": "2b8b7a84210611dfa56d001641e25144", "object_uuid": "2b8b7a81210611dfa56d001641e25144", "object_type": 28}}, {"pk": 6, "model": "casetracker.casetag", "fields": {"case": "2b8b7a89210611dfa56d001641e25144", "object_uuid": "2b8b7a87210611dfa56d001641e25144", "object_type": 30}}, {"pk": 7, "model": "casetracker.casetag", "fields": {"case": "2b8b7a91210611dfa56d001641e25144", "object_uuid": "2b8b7a8e210611dfa56d001641e25144", "object_type": 28}}, {"pk": 8, "model": "casetracker.casetag", "fields": {"case": "2b8b7a97210611dfa56d001641e25144", "object_uuid": "2b8b7a94210611dfa56d001641e25144", "object_type": 28}}, {"pk": 9, "model": "casetracker.casetag", "fields": {"case": "2b8b7a9d210611dfa56d001641e25144", "object_uuid": "2b8b7a9a210611dfa56d001641e25144", "object_type": 28}}, {"pk": 10, "model": "casetracker.casetag", "fields": {"case": "2b8b7aa3210611dfa56d001641e25144", "object_uuid": "2b8b7aa0210611dfa56d001641e25144", "object_type": 28}}, {"pk": 11, "model": "casetracker.casetag", "fields": {"case": "2b8b7aa8210611dfa56d001641e25144", "object_uuid": "2b8b7aa6210611dfa56d001641e25144", "object_type": 30}}, {"pk": 12, "model": "casetracker.casetag", "fields": {"case": "2b8b7ab0210611dfa56d001641e25144", "object_uuid": "2b8b7aad210611dfa56d001641e25144", "object_type": 28}}, {"pk": 13, "model": "casetracker.casetag", "fields": {"case": "2b8b7ab6210611dfa56d001641e25144", "object_uuid": "2b8b7ab3210611dfa56d001641e25144", "object_type": 28}}, {"pk": 14, "model": "casetracker.casetag", "fields": {"case": "2b8b7abc210611dfa56d001641e25144", "object_uuid": "2b8b7ab9210611dfa56d001641e25144", "object_type": 28}}, {"pk": 15, "model": "casetracker.casetag", "fields": {"case": "2b8b7ac2210611dfa56d001641e25144", "object_uuid": "2b8b7abf210611dfa56d001641e25144", "object_type": 28}}, {"pk": 16, "model": "casetracker.casetag", "fields": {"case": "2b8b7ac8210611dfa56d001641e25144", "object_uuid": "2b8b7ac5210611dfa56d001641e25144", "object_type": 28}}, {"pk": 17, "model": "casetracker.casetag", "fields": {"case": "2b8b7acd210611dfa56d001641e25144", "object_uuid": "2b8b7acb210611dfa56d001641e25144", "object_type": 30}}, {"pk": 18, "model": "casetracker.casetag", "fields": {"case": "2b8b7ad5210611dfa56d001641e25144", "object_uuid": "2b8b7ad2210611dfa56d001641e25144", "object_type": 28}}, {"pk": 19, "model": "casetracker.casetag", "fields": {"case": "2b8b7adb210611dfa56d001641e25144", "object_uuid": "2b8b7ad8210611dfa56d001641e25144", "object_type": 28}}, {"pk": 20, "model": "casetracker.casetag", "fields": {"case": "2b8b7ae1210611dfa56d001641e25144", "object_uuid": "2b8b7ade210611dfa56d001641e25144", "object_type": 28}}, {"pk": 21, "model": "casetracker.casetag", "fields": {"case": "2b8b7ae7210611dfa56d001641e25144", "object_uuid": "2b8b7ae4210611dfa56d001641e25144", "object_type": 28}}, {"pk": 22, "model": "casetracker.casetag", "fields": {"case": "2b8b7aec210611dfa56d001641e25144", "object_uuid": "2b8b7aea210611dfa56d001641e25144", "object_type": 30}}, {"pk": 23, "model": "casetracker.casetag", "fields": {"case": "2b8b7af4210611dfa56d001641e25144", "object_uuid": "2b8b7af1210611dfa56d001641e25144", "object_type": 28}}, {"pk": 24, "model": "casetracker.casetag", "fields": {"case": "2b8b7afa210611dfa56d001641e25144", "object_uuid": "2b8b7af7210611dfa56d001641e25144", "object_type": 28}}, {"pk": 25, "model": "casetracker.casetag", "fields": {"case": "2b8b7b00210611dfa56d001641e25144", "object_uuid": "2b8b7afd210611dfa56d001641e25144", "object_type": 28}}, {"pk": 26, "model": "casetracker.casetag", "fields": {"case": "2b8b7b05210611dfa56d001641e25144", "object_uuid": "2b8b7b03210611dfa56d001641e25144", "object_type": 30}}, {"pk": 27, "model": "casetracker.casetag", "fields": {"case": "2b8b7b0d210611dfa56d001641e25144", "object_uuid": "2b8b7b0a210611dfa56d001641e25144", "object_type": 28}}, {"pk": 28, "model": "casetracker.casetag", "fields": {"case": "2b8b7b13210611dfa56d001641e25144", "object_uuid": "2b8b7b10210611dfa56d001641e25144", "object_type": 28}}, {"pk": 29, "model": "casetracker.casetag", "fields": {"case": "2b8b7b19210611dfa56d001641e25144", "object_uuid": "2b8b7b16210611dfa56d001641e25144", "object_type": 28}}, {"pk": 30, "model": "casetracker.casetag", "fields": {"case": "2b8b7b1f210611dfa56d001641e25144", "object_uuid": "2b8b7b1c210611dfa56d001641e25144", "object_type": 28}}, {"pk": 31, "model": "casetracker.casetag", "fields": {"case": "2b8b7b25210611dfa56d001641e25144", "object_uuid": "2b8b7b22210611dfa56d001641e25144", "object_type": 28}}, {"pk": 32, "model": "casetracker.casetag", "fields": {"case": "2b8b7b2a210611dfa56d001641e25144", "object_uuid": "2b8b7b28210611dfa56d001641e25144", "object_type": 30}}, {"pk": 33, "model": "casetracker.casetag", "fields": {"case": "2b8b7b32210611dfa56d001641e25144", "object_uuid": "2b8b7b2f210611dfa56d001641e25144", "object_type": 28}}, {"pk": 34, "model": "casetracker.casetag", "fields": {"case": "2b8b7b37210611dfa56d001641e25144", "object_uuid": "2b8b7b35210611dfa56d001641e25144", "object_type": 30}}, {"pk": 35, "model": "casetracker.casetag", "fields": {"case": "2b8b7b3f210611dfa56d001641e25144", "object_uuid": "2b8b7b3c210611dfa56d001641e25144", "object_type": 28}}, {"pk": 36, "model": "casetracker.casetag", "fields": {"case": "2b8b7b45210611dfa56d001641e25144", "object_uuid": "2b8b7b42210611dfa56d001641e25144", "object_type": 28}}, {"pk": 37, "model": "casetracker.casetag", "fields": {"case": "2c3bdb5e210611dfa56d001641e25144", "object_uuid": "2c3bdb5b210611dfa56d001641e25144", "object_type": 28}}, {"pk": 38, "model": "casetracker.casetag", "fields": {"case": "2c3bdb64210611dfa56d001641e25144", "object_uuid": "2c3bdb61210611dfa56d001641e25144", "object_type": 28}}, {"pk": 39, "model": "casetracker.casetag", "fields": {"case": "2c3bdb6a210611dfa56d001641e25144", "object_uuid": "2c3bdb67210611dfa56d001641e25144", "object_type": 28}}, {"pk": 40, "model": "casetracker.casetag", "fields": {"case": "2c3bdb6f210611dfa56d001641e25144", "object_uuid": "2c3bdb6d210611dfa56d001641e25144", "object_type": 30}}, {"pk": 41, "model": "casetracker.casetag", "fields": {"case": "2c3bdb77210611dfa56d001641e25144", "object_uuid": "2c3bdb74210611dfa56d001641e25144", "object_type": 28}}, {"pk": 42, "model": "casetracker.casetag", "fields": {"case": "2c3bdb7d210611dfa56d001641e25144", "object_uuid": "2c3bdb7a210611dfa56d001641e25144", "object_type": 28}}, {"pk": 43, "model": "casetracker.casetag", "fields": {"case": "2c3bdb83210611dfa56d001641e25144", "object_uuid": "2c3bdb80210611dfa56d001641e25144", "object_type": 28}}, {"pk": 44, "model": "casetracker.casetag", "fields": {"case": "2c3bdb89210611dfa56d001641e25144", "object_uuid": "2c3bdb86210611dfa56d001641e25144", "object_type": 28}}, {"pk": 45, "model": "casetracker.casetag", "fields": {"case": "2c3bdb8e210611dfa56d001641e25144", "object_uuid": "2c3bdb8c210611dfa56d001641e25144", "object_type": 30}}, {"pk": 46, "model": "casetracker.casetag", "fields": {"case": "2c3bdb96210611dfa56d001641e25144", "object_uuid": "2c3bdb93210611dfa56d001641e25144", "object_type": 28}}, {"pk": 47, "model": "casetracker.casetag", "fields": {"case": "2c3bdb9c210611dfa56d001641e25144", "object_uuid": "2c3bdb99210611dfa56d001641e25144", "object_type": 28}}, {"pk": 48, "model": "casetracker.casetag", "fields": {"case": "2c3bdba2210611dfa56d001641e25144", "object_uuid": "2c3bdb9f210611dfa56d001641e25144", "object_type": 28}}, {"pk": 49, "model": "casetracker.casetag", "fields": {"case": "2c3bdba8210611dfa56d001641e25144", "object_uuid": "2c3bdba5210611dfa56d001641e25144", "object_type": 28}}, {"pk": 50, "model": "casetracker.casetag", "fields": {"case": "2c3bdbae210611dfa56d001641e25144", "object_uuid": "2c3bdbab210611dfa56d001641e25144", "object_type": 28}}, {"pk": 51, "model": "casetracker.casetag", "fields": {"case": "2c3bdbb3210611dfa56d001641e25144", "object_uuid": "2c3bdbb1210611dfa56d001641e25144", "object_type": 30}}, {"pk": 52, "model": "casetracker.casetag", "fields": {"case": "2c3bdbbb210611dfa56d001641e25144", "object_uuid": "2c3bdbb8210611dfa56d001641e25144", "object_type": 28}}, {"pk": 53, "model": "casetracker.casetag", "fields": {"case": "2c3bdbc1210611dfa56d001641e25144", "object_uuid": "2c3bdbbe210611dfa56d001641e25144", "object_type": 28}}, {"pk": 54, "model": "casetracker.casetag", "fields": {"case": "2c3bdbc7210611dfa56d001641e25144", "object_uuid": "2c3bdbc4210611dfa56d001641e25144", "object_type": 28}}, {"pk": 55, "model": "casetracker.casetag", "fields": {"case": "2c3bdbcd210611dfa56d001641e25144", "object_uuid": "2c3bdbca210611dfa56d001641e25144", "object_type": 28}}, {"pk": 56, "model": "casetracker.casetag", "fields": {"case": "2c3bdbd3210611dfa56d001641e25144", "object_uuid": "2c3bdbd0210611dfa56d001641e25144", "object_type": 28}}, {"pk": 57, "model": "casetracker.casetag", "fields": {"case": "2c3bdbd8210611dfa56d001641e25144", "object_uuid": "2c3bdbd6210611dfa56d001641e25144", "object_type": 30}}, {"pk": 58, "model": "casetracker.casetag", "fields": {"case": "2c3bdbe0210611dfa56d001641e25144", "object_uuid": "2c3bdbdd210611dfa56d001641e25144", "object_type": 28}}, {"pk": 59, "model": "casetracker.casetag", "fields": {"case": "2c3bdbe6210611dfa56d001641e25144", "object_uuid": "2c3bdbe3210611dfa56d001641e25144", "object_type": 28}}, {"pk": 60, "model": "casetracker.casetag", "fields": {"case": "2c3bdbec210611dfa56d001641e25144", "object_uuid": "2c3bdbe9210611dfa56d001641e25144", "object_type": 28}}, {"pk": 61, "model": "casetracker.casetag", "fields": {"case": "2c3bdbf2210611dfa56d001641e25144", "object_uuid": "2c3bdbef210611dfa56d001641e25144", "object_type": 28}}, {"pk": 62, "model": "casetracker.casetag", "fields": {"case": "2c3bdbf7210611dfa56d001641e25144", "object_uuid": "2c3bdbf5210611dfa56d001641e25144", "object_type": 30}}, {"pk": "2c3bdb5e210611dfa56d001641e25144", "model": "casetracker.case", "fields": {"category": 8, "status": 29, "next_action": null, "description": "Beverly Crusher added as provider to Joseph Sisko's careteam", "parent_case": null, "opened_date": "2010-02-24 05:33:44", "assigned_to": 5, "body": "You have accepted the invitation to join this care team.", "closed_date": null, "resolved_date": null, "priority": 6, "next_action_date": null, "orig_description": null, "resolved_by": null, "opened_by": 2, "last_edit_date": "2010-02-24 05:33:44", "closed_by": null, "assigned_date": null, "last_edit_by": 2}}, {"pk": "2c3bdb64210611dfa56d001641e25144", "model": "casetracker.case", "fields": {"category": 8, "status": 29, "next_action": null, "description": "Christine Chapel added as provider to Joseph Sisko's careteam", "parent_case": null, "opened_date": "2010-02-24 05:33:44", "assigned_to": 10, "body": "You have accepted the invitation to join this care team.", "closed_date": null, "resolved_date": null, "priority": 6, "next_action_date": null, "orig_description": null, "resolved_by": null, "opened_by": 2, "last_edit_date": "2010-02-24 05:33:44", "closed_by": null, "assigned_date": null, "last_edit_by": 2}}, {"pk": "2c3bdb6a210611dfa56d001641e25144", "model": "casetracker.case", "fields": {"category": 8, "status": 29, "next_action": null, "description": "Carol Hathaway added as provider to Joseph Sisko's careteam", "parent_case": null, "opened_date": "2010-02-24 05:33:44", "assigned_to": 11, "body": "You have accepted the invitation to join this care team.", "closed_date": null, "resolved_date": null, "priority": 6, "next_action_date": null, "orig_description": null, "resolved_by": null, "opened_by": 2, "last_edit_date": "2010-02-24 05:33:44", "closed_by": null, "assigned_date": null, "last_edit_by": 2}}, {"pk": "2c3bdb6f210611dfa56d001641e25144", "model": "casetracker.case", "fields": {"category": 8, "status": 29, "next_action": null, "description": "Jake Sisko added as caregiver to Joseph Sisko's careteam", "parent_case": null, "opened_date": "2010-02-24 05:33:44", "assigned_to": 31, "body": "You have accepted the invitation to join this care team.", "closed_date": null, "resolved_date": null, "priority": 6, "next_action_date": null, "orig_description": null, "resolved_by": null, "opened_by": 2, "last_edit_date": "2010-02-24 05:33:44", "closed_by": null, "assigned_date": null, "last_edit_by": 2}}, {"pk": "2c3bdb77210611dfa56d001641e25144", "model": "casetracker.case", "fields": {"category": 8, "status": 29, "next_action": null, "description": "Thomas Paris added as provider to Kassidy Yates's careteam", "parent_case": null, "opened_date": "2010-02-24 05:33:44", "assigned_to": 8, "body": "You have accepted the invitation to join this care team.", "closed_date": null, "resolved_date": null, "priority": 6, "next_action_date": null, "orig_description": null, "resolved_by": null, "opened_by": 2, "last_edit_date": "2010-02-24 05:33:44", "closed_by": null, "assigned_date": null, "last_edit_by": 2}}, {"pk": "2c3bdb7d210611dfa56d001641e25144", "model": "casetracker.case", "fields": {"category": 8, "status": 29, "next_action": null, "description": "Leonard McCoy added as provider to Kassidy Yates's careteam", "parent_case": null, "opened_date": "2010-02-24 05:33:44", "assigned_to": 4, "body": "You have accepted the invitation to join this care team.", "closed_date": null, "resolved_date": null, "priority": 6, "next_action_date": null, "orig_description": null, "resolved_by": null, "opened_by": 2, "last_edit_date": "2010-02-24 05:33:44", "closed_by": null, "assigned_date": null, "last_edit_by": 2}}, {"pk": "2c3bdb83210611dfa56d001641e25144", "model": "casetracker.case", "fields": {"category": 8, "status": 29, "next_action": null, "description": "Katherine Pulaski added as provider to Kassidy Yates's careteam", "parent_case": null, "opened_date": "2010-02-24 05:33:44", "assigned_to": 7, "body": "You have accepted the invitation to join this care team.", "closed_date": null, "resolved_date": null, "priority": 6, "next_action_date": null, "orig_description": null, "resolved_by": null, "opened_by": 2, "last_edit_date": "2010-02-24 05:33:44", "closed_by": null, "assigned_date": null, "last_edit_by": 2}}, {"pk": "2c3bdb89210611dfa56d001641e25144", "model": "casetracker.case", "fields": {"category": 8, "status": 29, "next_action": null, "description": "Sherman Cottle added as provider to Kassidy Yates's careteam", "parent_case": null, "opened_date": "2010-02-24 05:33:44", "assigned_to": 13, "body": "You have accepted the invitation to join this care team.", "closed_date": null, "resolved_date": null, "priority": 6, "next_action_date": null, "orig_description": null, "resolved_by": null, "opened_by": 2, "last_edit_date": "2010-02-24 05:33:44", "closed_by": null, "assigned_date": null, "last_edit_by": 2}}, {"pk": "2c3bdb8e210611dfa56d001641e25144", "model": "casetracker.case", "fields": {"category": 8, "status": 29, "next_action": null, "description": "Jake Sisko added as caregiver to Kassidy Yates's careteam", "parent_case": null, "opened_date": "2010-02-24 05:33:44", "assigned_to": 31, "body": "You have accepted the invitation to join this care team.", "closed_date": null, "resolved_date": null, "priority": 6, "next_action_date": null, "orig_description": null, "resolved_by": null, "opened_by": 2, "last_edit_date": "2010-02-24 05:33:44", "closed_by": null, "assigned_date": null, "last_edit_by": 2}}, {"pk": "2c3bdb96210611dfa56d001641e25144", "model": "casetracker.case", "fields": {"category": 8, "status": 29, "next_action": null, "description": "Carol Hathaway added as provider to Jadzia Dax's careteam", "parent_case": null, "opened_date": "2010-02-24 05:33:44", "assigned_to": 11, "body": "You have accepted the invitation to join this care team.", "closed_date": null, "resolved_date": null, "priority": 6, "next_action_date": null, "orig_description": null, "resolved_by": null, "opened_by": 2, "last_edit_date": "2010-02-24 05:33:44", "closed_by": null, "assigned_date": null, "last_edit_by": 2}}, {"pk": "2c3bdb9c210611dfa56d001641e25144", "model": "casetracker.case", "fields": {"category": 8, "status": 29, "next_action": null, "description": "Leonard McCoy added as provider to Jadzia Dax's careteam", "parent_case": null, "opened_date": "2010-02-24 05:33:44", "assigned_to": 4, "body": "You have accepted the invitation to join this care team.", "closed_date": null, "resolved_date": null, "priority": 6, "next_action_date": null, "orig_description": null, "resolved_by": null, "opened_by": 2, "last_edit_date": "2010-02-24 05:33:44", "closed_by": null, "assigned_date": null, "last_edit_by": 2}}, {"pk": "2c3bdba2210611dfa56d001641e25144", "model": "casetracker.case", "fields": {"category": 8, "status": 29, "next_action": null, "description": "Katherine Pulaski added as provider to Jadzia Dax's careteam", "parent_case": null, "opened_date": "2010-02-24 05:33:44", "assigned_to": 7, "body": "You have accepted the invitation to join this care team.", "closed_date": null, "resolved_date": null, "priority": 6, "next_action_date": null, "orig_description": null, "resolved_by": null, "opened_by": 2, "last_edit_date": "2010-02-24 05:33:44", "closed_by": null, "assigned_date": null, "last_edit_by": 2}}, {"pk": "2c3bdba8210611dfa56d001641e25144", "model": "casetracker.case", "fields": {"category": 8, "status": 29, "next_action": null, "description": "Alyssa Ogawa added as provider to Jadzia Dax's careteam", "parent_case": null, "opened_date": "2010-02-24 05:33:44", "assigned_to": 9, "body": "You have accepted the invitation to join this care team.", "closed_date": null, "resolved_date": null, "priority": 6, "next_action_date": null, "orig_description": null, "resolved_by": null, "opened_by": 2, "last_edit_date": "2010-02-24 05:33:44", "closed_by": null, "assigned_date": null, "last_edit_by": 2}}, {"pk": "2c3bdbae210611dfa56d001641e25144", "model": "casetracker.case", "fields": {"category": 8, "status": 29, "next_action": null, "description": "Christine Chapel added as provider to Jadzia Dax's careteam", "parent_case": null, "opened_date": "2010-02-24 05:33:44", "assigned_to": 10, "body": "You have accepted the invitation to join this care team.", "closed_date": null, "resolved_date": null, "priority": 6, "next_action_date": null, "orig_description": null, "resolved_by": null, "opened_by": 2, "last_edit_date": "2010-02-24 05:33:44", "closed_by": null, "assigned_date": null, "last_edit_by": 2}}, {"pk": "2c3bdbb3210611dfa56d001641e25144", "model": "casetracker.case", "fields": {"category": 8, "status": 29, "next_action": null, "description": "Ezri Dax added as caregiver to Jadzia Dax's careteam", "parent_case": null, "opened_date": "2010-02-24 05:33:44", "assigned_to": 35, "body": "You have accepted the invitation to join this care team.", "closed_date": null, "resolved_date": null, "priority": 6, "next_action_date": null, "orig_description": null, "resolved_by": null, "opened_by": 2, "last_edit_date": "2010-02-24 05:33:44", "closed_by": null, "assigned_date": null, "last_edit_by": 2}}, {"pk": "2c3bdbbb210611dfa56d001641e25144", "model": "casetracker.case", "fields": {"category": 8, "status": 29, "next_action": null, "description": "Christine Chapel added as provider to Curzon Dax's careteam", "parent_case": null, "opened_date": "2010-02-24 05:33:44", "assigned_to": 10, "body": "You have accepted the invitation to join this care team.", "closed_date": null, "resolved_date": null, "priority": 6, "next_action_date": null, "orig_description": null, "resolved_by": null, "opened_by": 2, "last_edit_date": "2010-02-24 05:33:44", "closed_by": null, "assigned_date": null, "last_edit_by": 2}}, {"pk": "2c3bdbc1210611dfa56d001641e25144", "model": "casetracker.case", "fields": {"category": 8, "status": 29, "next_action": null, "description": "Alyssa Ogawa added as provider to Curzon Dax's careteam", "parent_case": null, "opened_date": "2010-02-24 05:33:44", "assigned_to": 9, "body": "You have accepted the invitation to join this care team.", "closed_date": null, "resolved_date": null, "priority": 6, "next_action_date": null, "orig_description": null, "resolved_by": null, "opened_by": 2, "last_edit_date": "2010-02-24 05:33:44", "closed_by": null, "assigned_date": null, "last_edit_by": 2}}, {"pk": "2c3bdbc7210611dfa56d001641e25144", "model": "casetracker.case", "fields": {"category": 8, "status": 29, "next_action": null, "description": "Katherine Pulaski added as provider to Curzon Dax's careteam", "parent_case": null, "opened_date": "2010-02-24 05:33:44", "assigned_to": 7, "body": "You have accepted the invitation to join this care team.", "closed_date": null, "resolved_date": null, "priority": 6, "next_action_date": null, "orig_description": null, "resolved_by": null, "opened_by": 2, "last_edit_date": "2010-02-24 05:33:44", "closed_by": null, "assigned_date": null, "last_edit_by": 2}}, {"pk": "2c3bdbcd210611dfa56d001641e25144", "model": "casetracker.case", "fields": {"category": 8, "status": 29, "next_action": null, "description": "Carol Hathaway added as provider to Curzon Dax's careteam", "parent_case": null, "opened_date": "2010-02-24 05:33:44", "assigned_to": 11, "body": "You have accepted the invitation to join this care team.", "closed_date": null, "resolved_date": null, "priority": 6, "next_action_date": null, "orig_description": null, "resolved_by": null, "opened_by": 2, "last_edit_date": "2010-02-24 05:33:44", "closed_by": null, "assigned_date": null, "last_edit_by": 2}}, {"pk": "2c3bdbd3210611dfa56d001641e25144", "model": "casetracker.case", "fields": {"category": 8, "status": 29, "next_action": null, "description": "Julian Bashir added as provider to Curzon Dax's careteam", "parent_case": null, "opened_date": "2010-02-24 05:33:44", "assigned_to": 6, "body": "You have accepted the invitation to join this care team.", "closed_date": null, "resolved_date": null, "priority": 6, "next_action_date": null, "orig_description": null, "resolved_by": null, "opened_by": 2, "last_edit_date": "2010-02-24 05:33:44", "closed_by": null, "assigned_date": null, "last_edit_by": 2}}, {"pk": "2c3bdbd8210611dfa56d001641e25144", "model": "casetracker.case", "fields": {"category": 8, "status": 29, "next_action": null, "description": "Ezri Dax added as caregiver to Curzon Dax's careteam", "parent_case": null, "opened_date": "2010-02-24 05:33:44", "assigned_to": 35, "body": "You have accepted the invitation to join this care team.", "closed_date": null, "resolved_date": null, "priority": 6, "next_action_date": null, "orig_description": null, "resolved_by": null, "opened_by": 2, "last_edit_date": "2010-02-24 05:33:44", "closed_by": null, "assigned_date": null, "last_edit_by": 2}}, {"pk": "2c3bdbe0210611dfa56d001641e25144", "model": "casetracker.case", "fields": {"category": 8, "status": 29, "next_action": null, "description": "Thomas Paris added as provider to Molly O'Brien's careteam", "parent_case": null, "opened_date": "2010-02-24 05:33:44", "assigned_to": 8, "body": "You have accepted the invitation to join this care team.", "closed_date": null, "resolved_date": null, "priority": 6, "next_action_date": null, "orig_description": null, "resolved_by": null, "opened_by": 2, "last_edit_date": "2010-02-24 05:33:44", "closed_by": null, "assigned_date": null, "last_edit_by": 2}}, {"pk": "2c3bdbe6210611dfa56d001641e25144", "model": "casetracker.case", "fields": {"category": 8, "status": 29, "next_action": null, "description": "Katherine Pulaski added as provider to Molly O'Brien's careteam", "parent_case": null, "opened_date": "2010-02-24 05:33:44", "assigned_to": 7, "body": "You have accepted the invitation to join this care team.", "closed_date": null, "resolved_date": null, "priority": 6, "next_action_date": null, "orig_description": null, "resolved_by": null, "opened_by": 2, "last_edit_date": "2010-02-24 05:33:44", "closed_by": null, "assigned_date": null, "last_edit_by": 2}}, {"pk": "2c3bdbec210611dfa56d001641e25144", "model": "casetracker.case", "fields": {"category": 8, "status": 29, "next_action": null, "description": "Julian Bashir added as provider to Molly O'Brien's careteam", "parent_case": null, "opened_date": "2010-02-24 05:33:44", "assigned_to": 6, "body": "You have accepted the invitation to join this care team.", "closed_date": null, "resolved_date": null, "priority": 6, "next_action_date": null, "orig_description": null, "resolved_by": null, "opened_by": 2, "last_edit_date": "2010-02-24 05:33:44", "closed_by": null, "assigned_date": null, "last_edit_by": 2}}, {"pk": "2c3bdbf2210611dfa56d001641e25144", "model": "casetracker.case", "fields": {"category": 8, "status": 29, "next_action": null, "description": "Carol Hathaway added as provider to Molly O'Brien's careteam", "parent_case": null, "opened_date": "2010-02-24 05:33:44", "assigned_to": 11, "body": "You have accepted the invitation to join this care team.", "closed_date": null, "resolved_date": null, "priority": 6, "next_action_date": null, "orig_description": null, "resolved_by": null, "opened_by": 2, "last_edit_date": "2010-02-24 05:33:44", "closed_by": null, "assigned_date": null, "last_edit_by": 2}}, {"pk": "2c3bdbf7210611dfa56d001641e25144", "model": "casetracker.case", "fields": {"category": 8, "status": 29, "next_action": null, "description": "Miles O'Brien added as caregiver to Molly O'Brien's careteam", "parent_case": null, "opened_date": "2010-02-24 05:33:44", "assigned_to": 38, "body": "You have accepted the invitation to join this care team.", "closed_date": null, "resolved_date": null, "priority": 6, "next_action_date": null, "orig_description": null, "resolved_by": null, "opened_by": 2, "last_edit_date": "2010-02-24 05:33:44", "closed_by": null, "assigned_date": null, "last_edit_by": 2}}, {"pk": "2b8b7a6a210611dfa56d001641e25144", "model": "casetracker.case", "fields": {"category": 8, "status": 29, "next_action": null, "description": "Christine Chapel added as provider to Pat Patient's careteam", "parent_case": null, "opened_date": "2010-02-24 05:33:43", "assigned_to": 10, "body": "You have accepted the invitation to join this care team.", "closed_date": null, "resolved_date": null, "priority": 6, "next_action_date": null, "orig_description": null, "resolved_by": null, "opened_by": 2, "last_edit_date": "2010-02-24 05:33:43", "closed_by": null, "assigned_date": null, "last_edit_by": 2}}, {"pk": "2b8b7a6f210611dfa56d001641e25144", "model": "casetracker.case", "fields": {"category": 8, "status": 29, "next_action": null, "description": "Dorothy Day added as caregiver to Pat Patient's careteam", "parent_case": null, "opened_date": "2010-02-24 05:33:43", "assigned_to": 16, "body": "You have accepted the invitation to join this care team.", "closed_date": null, "resolved_date": null, "priority": 6, "next_action_date": null, "orig_description": null, "resolved_by": null, "opened_by": 2, "last_edit_date": "2010-02-24 05:33:43", "closed_by": null, "assigned_date": null, "last_edit_by": 2}}, {"pk": "2b8b7a77210611dfa56d001641e25144", "model": "casetracker.case", "fields": {"category": 8, "status": 29, "next_action": null, "description": "Christine Chapel added as provider to William Adama's careteam", "parent_case": null, "opened_date": "2010-02-24 05:33:43", "assigned_to": 10, "body": "You have accepted the invitation to join this care team.", "closed_date": null, "resolved_date": null, "priority": 6, "next_action_date": null, "orig_description": null, "resolved_by": null, "opened_by": 2, "last_edit_date": "2010-02-24 05:33:43", "closed_by": null, "assigned_date": null, "last_edit_by": 2}}, {"pk": "2b8b7a7c210611dfa56d001641e25144", "model": "casetracker.case", "fields": {"category": 8, "status": 29, "next_action": null, "description": "Lee Adama added as caregiver to William Adama's careteam", "parent_case": null, "opened_date": "2010-02-24 05:33:43", "assigned_to": 18, "body": "You have accepted the invitation to join this care team.", "closed_date": null, "resolved_date": null, "priority": 6, "next_action_date": null, "orig_description": null, "resolved_by": null, "opened_by": 2, "last_edit_date": "2010-02-24 05:33:43", "closed_by": null, "assigned_date": null, "last_edit_by": 2}}, {"pk": "2b8b7a84210611dfa56d001641e25144", "model": "casetracker.case", "fields": {"category": 8, "status": 29, "next_action": null, "description": "Carol Hathaway added as provider to Kara Thrace's careteam", "parent_case": null, "opened_date": "2010-02-24 05:33:43", "assigned_to": 11, "body": "You have accepted the invitation to join this care team.", "closed_date": null, "resolved_date": null, "priority": 6, "next_action_date": null, "orig_description": null, "resolved_by": null, "opened_by": 2, "last_edit_date": "2010-02-24 05:33:43", "closed_by": null, "assigned_date": null, "last_edit_by": 2}}, {"pk": "2b8b7a89210611dfa56d001641e25144", "model": "casetracker.case", "fields": {"category": 8, "status": 29, "next_action": null, "description": "Samuel Anders added as caregiver to Kara Thrace's careteam", "parent_case": null, "opened_date": "2010-02-24 05:33:43", "assigned_to": 20, "body": "You have accepted the invitation to join this care team.", "closed_date": null, "resolved_date": null, "priority": 6, "next_action_date": null, "orig_description": null, "resolved_by": null, "opened_by": 2, "last_edit_date": "2010-02-24 05:33:43", "closed_by": null, "assigned_date": null, "last_edit_by": 2}}, {"pk": "2b8b7a91210611dfa56d001641e25144", "model": "casetracker.case", "fields": {"category": 8, "status": 29, "next_action": null, "description": "Thomas Paris added as provider to Sharon Valerii's careteam", "parent_case": null, "opened_date": "2010-02-24 05:33:43", "assigned_to": 8, "body": "You have accepted the invitation to join this care team.", "closed_date": null, "resolved_date": null, "priority": 6, "next_action_date": null, "orig_description": null, "resolved_by": null, "opened_by": 2, "last_edit_date": "2010-02-24 05:33:43", "closed_by": null, "assigned_date": null, "last_edit_by": 2}}, {"pk": "2b8b7a97210611dfa56d001641e25144", "model": "casetracker.case", "fields": {"category": 8, "status": 29, "next_action": null, "description": "Mark Sloan added as provider to Sharon Valerii's careteam", "parent_case": null, "opened_date": "2010-02-24 05:33:43", "assigned_to": 14, "body": "You have accepted the invitation to join this care team.", "closed_date": null, "resolved_date": null, "priority": 6, "next_action_date": null, "orig_description": null, "resolved_by": null, "opened_by": 2, "last_edit_date": "2010-02-24 05:33:43", "closed_by": null, "assigned_date": null, "last_edit_by": 2}}, {"pk": "2b8b7a9d210611dfa56d001641e25144", "model": "casetracker.case", "fields": {"category": 8, "status": 29, "next_action": null, "description": "John Zoidberg added as provider to Sharon Valerii's careteam", "parent_case": null, "opened_date": "2010-02-24 05:33:43", "assigned_to": 12, "body": "You have accepted the invitation to join this care team.", "closed_date": null, "resolved_date": null, "priority": 6, "next_action_date": null, "orig_description": null, "resolved_by": null, "opened_by": 2, "last_edit_date": "2010-02-24 05:33:43", "closed_by": null, "assigned_date": null, "last_edit_by": 2}}, {"pk": "2b8b7aa3210611dfa56d001641e25144", "model": "casetracker.case", "fields": {"category": 8, "status": 29, "next_action": null, "description": "Alyssa Ogawa added as provider to Sharon Valerii's careteam", "parent_case": null, "opened_date": "2010-02-24 05:33:43", "assigned_to": 9, "body": "You have accepted the invitation to join this care team.", "closed_date": null, "resolved_date": null, "priority": 6, "next_action_date": null, "orig_description": null, "resolved_by": null, "opened_by": 2, "last_edit_date": "2010-02-24 05:33:43", "closed_by": null, "assigned_date": null, "last_edit_by": 2}}, {"pk": "2b8b7aa8210611dfa56d001641e25144", "model": "casetracker.case", "fields": {"category": 8, "status": 29, "next_action": null, "description": "Karl Agathon added as caregiver to Sharon Valerii's careteam", "parent_case": null, "opened_date": "2010-02-24 05:33:43", "assigned_to": 22, "body": "You have accepted the invitation to join this care team.", "closed_date": null, "resolved_date": null, "priority": 6, "next_action_date": null, "orig_description": null, "resolved_by": null, "opened_by": 2, "last_edit_date": "2010-02-24 05:33:43", "closed_by": null, "assigned_date": null, "last_edit_by": 2}}, {"pk": "2b8b7ab0210611dfa56d001641e25144", "model": "casetracker.case", "fields": {"category": 8, "status": 29, "next_action": null, "description": "Carol Hathaway added as provider to Gaius Baltar's careteam", "parent_case": null, "opened_date": "2010-02-24 05:33:43", "assigned_to": 11, "body": "You have accepted the invitation to join this care team.", "closed_date": null, "resolved_date": null, "priority": 6, "next_action_date": null, "orig_description": null, "resolved_by": null, "opened_by": 2, "last_edit_date": "2010-02-24 05:33:43", "closed_by": null, "assigned_date": null, "last_edit_by": 2}}, {"pk": "2b8b7ab6210611dfa56d001641e25144", "model": "casetracker.case", "fields": {"category": 8, "status": 29, "next_action": null, "description": "Katherine Pulaski added as provider to Gaius Baltar's careteam", "parent_case": null, "opened_date": "2010-02-24 05:33:43", "assigned_to": 7, "body": "You have accepted the invitation to join this care team.", "closed_date": null, "resolved_date": null, "priority": 6, "next_action_date": null, "orig_description": null, "resolved_by": null, "opened_by": 2, "last_edit_date": "2010-02-24 05:33:43", "closed_by": null, "assigned_date": null, "last_edit_by": 2}}, {"pk": "2b8b7abc210611dfa56d001641e25144", "model": "casetracker.case", "fields": {"category": 8, "status": 29, "next_action": null, "description": "Thomas Paris added as provider to Gaius Baltar's careteam", "parent_case": null, "opened_date": "2010-02-24 05:33:43", "assigned_to": 8, "body": "You have accepted the invitation to join this care team.", "closed_date": null, "resolved_date": null, "priority": 6, "next_action_date": null, "orig_description": null, "resolved_by": null, "opened_by": 2, "last_edit_date": "2010-02-24 05:33:43", "closed_by": null, "assigned_date": null, "last_edit_by": 2}}, {"pk": "2b8b7ac2210611dfa56d001641e25144", "model": "casetracker.case", "fields": {"category": 8, "status": 29, "next_action": null, "description": "Mark Sloan added as provider to Gaius Baltar's careteam", "parent_case": null, "opened_date": "2010-02-24 05:33:43", "assigned_to": 14, "body": "You have accepted the invitation to join this care team.", "closed_date": null, "resolved_date": null, "priority": 6, "next_action_date": null, "orig_description": null, "resolved_by": null, "opened_by": 2, "last_edit_date": "2010-02-24 05:33:43", "closed_by": null, "assigned_date": null, "last_edit_by": 2}}, {"pk": "2b8b7ac8210611dfa56d001641e25144", "model": "casetracker.case", "fields": {"category": 8, "status": 29, "next_action": null, "description": "Beverly Crusher added as provider to Gaius Baltar's careteam", "parent_case": null, "opened_date": "2010-02-24 05:33:43", "assigned_to": 5, "body": "You have accepted the invitation to join this care team.", "closed_date": null, "resolved_date": null, "priority": 6, "next_action_date": null, "orig_description": null, "resolved_by": null, "opened_by": 2, "last_edit_date": "2010-02-24 05:33:43", "closed_by": null, "assigned_date": null, "last_edit_by": 2}}, {"pk": "2b8b7acd210611dfa56d001641e25144", "model": "casetracker.case", "fields": {"category": 8, "status": 29, "next_action": null, "description": "D'Anna Biers added as caregiver to Gaius Baltar's careteam", "parent_case": null, "opened_date": "2010-02-24 05:33:43", "assigned_to": 24, "body": "You have accepted the invitation to join this care team.", "closed_date": null, "resolved_date": null, "priority": 6, "next_action_date": null, "orig_description": null, "resolved_by": null, "opened_by": 2, "last_edit_date": "2010-02-24 05:33:43", "closed_by": null, "assigned_date": null, "last_edit_by": 2}}, {"pk": "2b8b7ad5210611dfa56d001641e25144", "model": "casetracker.case", "fields": {"category": 8, "status": 29, "next_action": null, "description": "Carol Hathaway added as provider to Laura Roslin's careteam", "parent_case": null, "opened_date": "2010-02-24 05:33:43", "assigned_to": 11, "body": "You have accepted the invitation to join this care team.", "closed_date": null, "resolved_date": null, "priority": 6, "next_action_date": null, "orig_description": null, "resolved_by": null, "opened_by": 2, "last_edit_date": "2010-02-24 05:33:43", "closed_by": null, "assigned_date": null, "last_edit_by": 2}}, {"pk": "2b8b7adb210611dfa56d001641e25144", "model": "casetracker.case", "fields": {"category": 8, "status": 29, "next_action": null, "description": "Julian Bashir added as provider to Laura Roslin's careteam", "parent_case": null, "opened_date": "2010-02-24 05:33:43", "assigned_to": 6, "body": "You have accepted the invitation to join this care team.", "closed_date": null, "resolved_date": null, "priority": 6, "next_action_date": null, "orig_description": null, "resolved_by": null, "opened_by": 2, "last_edit_date": "2010-02-24 05:33:43", "closed_by": null, "assigned_date": null, "last_edit_by": 2}}, {"pk": "2b8b7ae1210611dfa56d001641e25144", "model": "casetracker.case", "fields": {"category": 8, "status": 29, "next_action": null, "description": "Sherman Cottle added as provider to Laura Roslin's careteam", "parent_case": null, "opened_date": "2010-02-24 05:33:43", "assigned_to": 13, "body": "You have accepted the invitation to join this care team.", "closed_date": null, "resolved_date": null, "priority": 6, "next_action_date": null, "orig_description": null, "resolved_by": null, "opened_by": 2, "last_edit_date": "2010-02-24 05:33:43", "closed_by": null, "assigned_date": null, "last_edit_by": 2}}, {"pk": "2b8b7ae7210611dfa56d001641e25144", "model": "casetracker.case", "fields": {"category": 8, "status": 29, "next_action": null, "description": "Beverly Crusher added as provider to Laura Roslin's careteam", "parent_case": null, "opened_date": "2010-02-24 05:33:43", "assigned_to": 5, "body": "You have accepted the invitation to join this care team.", "closed_date": null, "resolved_date": null, "priority": 6, "next_action_date": null, "orig_description": null, "resolved_by": null, "opened_by": 2, "last_edit_date": "2010-02-24 05:33:43", "closed_by": null, "assigned_date": null, "last_edit_by": 2}}, {"pk": "2b8b7aec210611dfa56d001641e25144", "model": "casetracker.case", "fields": {"category": 8, "status": 29, "next_action": null, "description": "Tory Foster added as caregiver to Laura Roslin's careteam", "parent_case": null, "opened_date": "2010-02-24 05:33:43", "assigned_to": 26, "body": "You have accepted the invitation to join this care team.", "closed_date": null, "resolved_date": null, "priority": 6, "next_action_date": null, "orig_description": null, "resolved_by": null, "opened_by": 2, "last_edit_date": "2010-02-24 05:33:43", "closed_by": null, "assigned_date": null, "last_edit_by": 2}}, {"pk": "2b8b7af4210611dfa56d001641e25144", "model": "casetracker.case", "fields": {"category": 8, "status": 29, "next_action": null, "description": "Alyssa Ogawa added as provider to Jean-luc Picard's careteam", "parent_case": null, "opened_date": "2010-02-24 05:33:43", "assigned_to": 9, "body": "You have accepted the invitation to join this care team.", "closed_date": null, "resolved_date": null, "priority": 6, "next_action_date": null, "orig_description": null, "resolved_by": null, "opened_by": 2, "last_edit_date": "2010-02-24 05:33:43", "closed_by": null, "assigned_date": null, "last_edit_by": 2}}, {"pk": "2b8b7afa210611dfa56d001641e25144", "model": "casetracker.case", "fields": {"category": 8, "status": 29, "next_action": null, "description": "Carol Hathaway added as provider to Jean-luc Picard's careteam", "parent_case": null, "opened_date": "2010-02-24 05:33:43", "assigned_to": 11, "body": "You have accepted the invitation to join this care team.", "closed_date": null, "resolved_date": null, "priority": 6, "next_action_date": null, "orig_description": null, "resolved_by": null, "opened_by": 2, "last_edit_date": "2010-02-24 05:33:43", "closed_by": null, "assigned_date": null, "last_edit_by": 2}}, {"pk": "2b8b7b00210611dfa56d001641e25144", "model": "casetracker.case", "fields": {"category": 8, "status": 29, "next_action": null, "description": "John Zoidberg added as provider to Jean-luc Picard's careteam", "parent_case": null, "opened_date": "2010-02-24 05:33:43", "assigned_to": 12, "body": "You have accepted the invitation to join this care team.", "closed_date": null, "resolved_date": null, "priority": 6, "next_action_date": null, "orig_description": null, "resolved_by": null, "opened_by": 2, "last_edit_date": "2010-02-24 05:33:43", "closed_by": null, "assigned_date": null, "last_edit_by": 2}}, {"pk": "2b8b7b05210611dfa56d001641e25144", "model": "casetracker.case", "fields": {"category": 8, "status": 29, "next_action": null, "description": "William Riker added as caregiver to Jean-luc Picard's careteam", "parent_case": null, "opened_date": "2010-02-24 05:33:43", "assigned_to": 28, "body": "You have accepted the invitation to join this care team.", "closed_date": null, "resolved_date": null, "priority": 6, "next_action_date": null, "orig_description": null, "resolved_by": null, "opened_by": 2, "last_edit_date": "2010-02-24 05:33:43", "closed_by": null, "assigned_date": null, "last_edit_by": 2}}, {"pk": "2b8b7b0d210611dfa56d001641e25144", "model": "casetracker.case", "fields": {"category": 8, "status": 29, "next_action": null, "description": "Christine Chapel added as provider to Deanna Troi's careteam", "parent_case": null, "opened_date": "2010-02-24 05:33:43", "assigned_to": 10, "body": "You have accepted the invitation to join this care team.", "closed_date": null, "resolved_date": null, "priority": 6, "next_action_date": null, "orig_description": null, "resolved_by": null, "opened_by": 2, "last_edit_date": "2010-02-24 05:33:43", "closed_by": null, "assigned_date": null, "last_edit_by": 2}}, {"pk": "2b8b7b13210611dfa56d001641e25144", "model": "casetracker.case", "fields": {"category": 8, "status": 29, "next_action": null, "description": "Sherman Cottle added as provider to Deanna Troi's careteam", "parent_case": null, "opened_date": "2010-02-24 05:33:43", "assigned_to": 13, "body": "You have accepted the invitation to join this care team.", "closed_date": null, "resolved_date": null, "priority": 6, "next_action_date": null, "orig_description": null, "resolved_by": null, "opened_by": 2, "last_edit_date": "2010-02-24 05:33:43", "closed_by": null, "assigned_date": null, "last_edit_by": 2}}, {"pk": "2b8b7b19210611dfa56d001641e25144", "model": "casetracker.case", "fields": {"category": 8, "status": 29, "next_action": null, "description": "John Zoidberg added as provider to Deanna Troi's careteam", "parent_case": null, "opened_date": "2010-02-24 05:33:43", "assigned_to": 12, "body": "You have accepted the invitation to join this care team.", "closed_date": null, "resolved_date": null, "priority": 6, "next_action_date": null, "orig_description": null, "resolved_by": null, "opened_by": 2, "last_edit_date": "2010-02-24 05:33:43", "closed_by": null, "assigned_date": null, "last_edit_by": 2}}, {"pk": "2b8b7b1f210611dfa56d001641e25144", "model": "casetracker.case", "fields": {"category": 8, "status": 29, "next_action": null, "description": "Thomas Paris added as provider to Deanna Troi's careteam", "parent_case": null, "opened_date": "2010-02-24 05:33:43", "assigned_to": 8, "body": "You have accepted the invitation to join this care team.", "closed_date": null, "resolved_date": null, "priority": 6, "next_action_date": null, "orig_description": null, "resolved_by": null, "opened_by": 2, "last_edit_date": "2010-02-24 05:33:43", "closed_by": null, "assigned_date": null, "last_edit_by": 2}}, {"pk": "2b8b7b25210611dfa56d001641e25144", "model": "casetracker.case", "fields": {"category": 8, "status": 29, "next_action": null, "description": "Julian Bashir added as provider to Deanna Troi's careteam", "parent_case": null, "opened_date": "2010-02-24 05:33:43", "assigned_to": 6, "body": "You have accepted the invitation to join this care team.", "closed_date": null, "resolved_date": null, "priority": 6, "next_action_date": null, "orig_description": null, "resolved_by": null, "opened_by": 2, "last_edit_date": "2010-02-24 05:33:43", "closed_by": null, "assigned_date": null, "last_edit_by": 2}}, {"pk": "2b8b7b2a210611dfa56d001641e25144", "model": "casetracker.case", "fields": {"category": 8, "status": 29, "next_action": null, "description": "William Riker added as caregiver to Deanna Troi's careteam", "parent_case": null, "opened_date": "2010-02-24 05:33:43", "assigned_to": 28, "body": "You have accepted the invitation to join this care team.", "closed_date": null, "resolved_date": null, "priority": 6, "next_action_date": null, "orig_description": null, "resolved_by": null, "opened_by": 2, "last_edit_date": "2010-02-24 05:33:43", "closed_by": null, "assigned_date": null, "last_edit_by": 2}}, {"pk": "2b8b7b32210611dfa56d001641e25144", "model": "casetracker.case", "fields": {"category": 8, "status": 29, "next_action": null, "description": "Christine Chapel added as provider to Benjamin Sisko's careteam", "parent_case": null, "opened_date": "2010-02-24 05:33:43", "assigned_to": 10, "body": "You have accepted the invitation to join this care team.", "closed_date": null, "resolved_date": null, "priority": 6, "next_action_date": null, "orig_description": null, "resolved_by": null, "opened_by": 2, "last_edit_date": "2010-02-24 05:33:43", "closed_by": null, "assigned_date": null, "last_edit_by": 2}}, {"pk": "2b8b7b37210611dfa56d001641e25144", "model": "casetracker.case", "fields": {"category": 8, "status": 29, "next_action": null, "description": "Jake Sisko added as caregiver to Benjamin Sisko's careteam", "parent_case": null, "opened_date": "2010-02-24 05:33:43", "assigned_to": 31, "body": "You have accepted the invitation to join this care team.", "closed_date": null, "resolved_date": null, "priority": 6, "next_action_date": null, "orig_description": null, "resolved_by": null, "opened_by": 2, "last_edit_date": "2010-02-24 05:33:43", "closed_by": null, "assigned_date": null, "last_edit_by": 2}}, {"pk": "2b8b7b3f210611dfa56d001641e25144", "model": "casetracker.case", "fields": {"category": 8, "status": 29, "next_action": null, "description": "Alyssa Ogawa added as provider to Joseph Sisko's careteam", "parent_case": null, "opened_date": "2010-02-24 05:33:43", "assigned_to": 9, "body": "You have accepted the invitation to join this care team.", "closed_date": null, "resolved_date": null, "priority": 6, "next_action_date": null, "orig_description": null, "resolved_by": null, "opened_by": 2, "last_edit_date": "2010-02-24 05:33:43", "closed_by": null, "assigned_date": null, "last_edit_by": 2}}, {"pk": "2b8b7b45210611dfa56d001641e25144", "model": "casetracker.case", "fields": {"category": 8, "status": 29, "next_action": null, "description": "Leonard McCoy added as provider to Joseph Sisko's careteam", "parent_case": null, "opened_date": "2010-02-24 05:33:43", "assigned_to": 4, "body": "You have accepted the invitation to join this care team.", "closed_date": null, "resolved_date": null, "priority": 6, "next_action_date": null, "orig_description": null, "resolved_by": null, "opened_by": 2, "last_edit_date": "2010-02-24 05:33:43", "closed_by": null, "assigned_date": null, "last_edit_by": 2}}, {"pk": 1, "model": "casetracker.filter", "fields": {"category": null, "status": null, "closed_date": null, "description": "Due Today", "opened_by": null, "creator": 1, "opened_date": null, "last_event_by": null, "resolved_by": null, "resolved_date": null, "last_event_type": null, "priority": null, "next_action_date": 1, "assigned_to": 1, "shared": 1, "last_event_date": null, "last_edit_date": null, "closed_by": null, "last_edit_by": null}}, {"pk": 2, "model": "casetracker.filter", "fields": {"category": null, "status": null, "closed_date": null, "description": "All assigned to me", "opened_by": null, "creator": 1, "opened_date": null, "last_event_by": null, "resolved_by": null, "resolved_date": null, "last_event_type": null, "priority": null, "next_action_date": null, "assigned_to": 1, "shared": 1, "last_event_date": null, "last_edit_date": null, "closed_by": null, "last_edit_by": null}}, {"pk": 2, "model": "casetracker.gridcolumn", "fields": {"name": "description"}}, {"pk": 3, "model": "casetracker.gridcolumn", "fields": {"name": "category"}}, {"pk": 4, "model": "casetracker.gridcolumn", "fields": {"name": "status"}}, {"pk": 5, "model": "casetracker.gridcolumn", "fields": {"name": "priority"}}, {"pk": 6, "model": "casetracker.gridcolumn", "fields": {"name": "assigned_to"}}, {"pk": 7, "model": "casetracker.gridcolumn", "fields": {"name": "opened_by"}}, {"pk": 8, "model": "casetracker.gridcolumn", "fields": {"name": "last_edit_by"}}, {"pk": 9, "model": "casetracker.gridcolumn", "fields": {"name": "closed_by"}}, {"pk": 10, "model": "casetracker.gridcolumn", "fields": {"name": "resolved_by"}}, {"pk": 11, "model": "casetracker.gridcolumn", "fields": {"name": "opened_date"}}, {"pk": 12, "model": "casetracker.gridcolumn", "fields": {"name": "last_edit_date"}}, {"pk": 13, "model": "casetracker.gridcolumn", "fields": {"name": "resolved_date"}}, {"pk": 14, "model": "casetracker.gridcolumn", "fields": {"name": "closed_date"}}, {"pk": 15, "model": "casetracker.gridcolumn", "fields": {"name": "next_action"}}, {"pk": 16, "model": "casetracker.gridcolumn", "fields": {"name": "next_action_date"}}, {"pk": 4, "model": "casetracker.gridsort", "fields": {"column": 11, "order": 1, "preference": 2, "ascending": 1}}, {"pk": 1, "model": "casetracker.gridsort", "fields": {"column": 16, "order": 1, "preference": 1, "ascending": 1}}, {"pk": 3, "model": "casetracker.gridsort", "fields": {"column": 2, "order": 2, "preference": 2, "ascending": 0}}, {"pk": 1, "model": "casetracker.gridorder", "fields": {"column": 2, "preference": 1, "order": 1}}, {"pk": 7, "model": "casetracker.gridorder", "fields": {"column": 11, "preference": 2, "order": 1}}, {"pk": 2, "model": "casetracker.gridorder", "fields": {"column": 3, "preference": 1, "order": 2}}, {"pk": 6, "model": "casetracker.gridorder", "fields": {"column": 2, "preference": 2, "order": 2}}, {"pk": 9, "model": "casetracker.gridorder", "fields": {"column": 12, "preference": 1, "order": 3}}, {"pk": 10, "model": "casetracker.gridorder", "fields": {"column": 8, "preference": 1, "order": 4}}, {"pk": 5, "model": "casetracker.gridorder", "fields": {"column": 16, "preference": 1, "order": 5}}, {"pk": 1, "model": "casetracker.gridpreference", "fields": {"filter": 1}}, {"pk": 2, "model": "casetracker.gridpreference", "fields": {"filter": 2}}, {"pk": "2b8b7a5a210611dfa56d001641e25144", "model": "provider.provider", "fields": {"affiliation": "USS Enterprise", "user": 4, "job_title": "Doctor"}}, {"pk": "2b8b7a5b210611dfa56d001641e25144", "model": "provider.provider", "fields": {"affiliation": "USS Enterprise-D", "user": 5, "job_title": "Oncologist"}}, {"pk": "2b8b7a5c210611dfa56d001641e25144", "model": "provider.provider", "fields": {"affiliation": "Deep Space 9", "user": 6, "job_title": "Oncologist"}}, {"pk": "2b8b7a5d210611dfa56d001641e25144", "model": "provider.provider", "fields": {"affiliation": "USS Enterprise-D", "user": 7, "job_title": "Doctor"}}, {"pk": "2b8b7a5e210611dfa56d001641e25144", "model": "provider.provider", "fields": {"affiliation": "Deep Space 9", "user": 8, "job_title": "Nurse"}}, {"pk": "2b8b7a5f210611dfa56d001641e25144", "model": "provider.provider", "fields": {"affiliation": "USS Enterprise-D", "user": 9, "job_title": "Nurse"}}, {"pk": "2b8b7a60210611dfa56d001641e25144", "model": "provider.provider", "fields": {"affiliation": "USS Enterprise", "user": 10, "job_title": "Nurse"}}, {"pk": "2b8b7a61210611dfa56d001641e25144", "model": "provider.provider", "fields": {"affiliation": "Community General", "user": 11, "job_title": "Nurse"}}, {"pk": "2b8b7a62210611dfa56d001641e25144", "model": "provider.provider", "fields": {"affiliation": "Deep Space 9", "user": 12, "job_title": "Physical Therapist"}}, {"pk": "2b8b7a63210611dfa56d001641e25144", "model": "provider.provider", "fields": {"affiliation": "BSG", "user": 13, "job_title": "Nutritionist"}}, {"pk": "2b8b7a64210611dfa56d001641e25144", "model": "provider.provider", "fields": {"affiliation": "Community General Hospital", "user": 14, "job_title": "Social Worker"}}, {"pk": "8f2c61f0eb5d11debd52001641e25144", "model": "patient.identifiertype", "fields": {"regex": "", "shortname": "MRN", "description": "Medical Record Number"}}, {"pk": "be38e861eb5d11de966e001641e25144", "model": "patient.identifiertype", "fields": {"regex": "", "shortname": "SSN", "description": "Social Security Number"}}, {"pk": "de38e861eb5d11de966e001641e25144", "model": "patient.identifiertype", "fields": {"regex": "", "shortname": "NHINCID", "description": "National Record Number"}}, {"pk": "2b8b7a65210611dfa56d001641e25144", "model": "patient.patient", "fields": {"dob": "1985-04-15", "is_primary": 1, "user": 15, "root_patient": null, "sex": "f"}}, {"pk": "2b8b7a72210611dfa56d001641e25144", "model": "patient.patient", "fields": {"dob": "1967-07-27", "is_primary": 1, "user": 17, "root_patient": null, "sex": "m"}}, {"pk": "2b8b7a7f210611dfa56d001641e25144", "model": "patient.patient", "fields": {"dob": "1980-01-07", "is_primary": 1, "user": 19, "root_patient": null, "sex": "f"}}, {"pk": "2b8b7a8c210611dfa56d001641e25144", "model": "patient.patient", "fields": {"dob": "1967-03-01", "is_primary": 1, "user": 21, "root_patient": null, "sex": "f"}}, {"pk": "2b8b7aab210611dfa56d001641e25144", "model": "patient.patient", "fields": {"dob": "1979-07-19", "is_primary": 1, "user": 23, "root_patient": null, "sex": "m"}}, {"pk": "2b8b7ad0210611dfa56d001641e25144", "model": "patient.patient", "fields": {"dob": "1997-07-06", "is_primary": 1, "user": 25, "root_patient": null, "sex": "f"}}, {"pk": "2b8b7aef210611dfa56d001641e25144", "model": "patient.patient", "fields": {"dob": "2006-04-14", "is_primary": 1, "user": 27, "root_patient": null, "sex": "m"}}, {"pk": "2b8b7b08210611dfa56d001641e25144", "model": "patient.patient", "fields": {"dob": "1993-03-09", "is_primary": 1, "user": 29, "root_patient": null, "sex": "f"}}, {"pk": "2b8b7b2d210611dfa56d001641e25144", "model": "patient.patient", "fields": {"dob": "1991-12-26", "is_primary": 1, "user": 30, "root_patient": null, "sex": "m"}}, {"pk": "2b8b7b3a210611dfa56d001641e25144", "model": "patient.patient", "fields": {"dob": "2002-07-23", "is_primary": 1, "user": 32, "root_patient": null, "sex": "m"}}, {"pk": "2c3bdb72210611dfa56d001641e25144", "model": "patient.patient", "fields": {"dob": "1958-07-17", "is_primary": 1, "user": 33, "root_patient": null, "sex": "f"}}, {"pk": "2c3bdb91210611dfa56d001641e25144", "model": "patient.patient", "fields": {"dob": "1987-12-12", "is_primary": 1, "user": 34, "root_patient": null, "sex": "f"}}, {"pk": "2c3bdbb6210611dfa56d001641e25144", "model": "patient.patient", "fields": {"dob": "1999-11-02", "is_primary": 1, "user": 36, "root_patient": null, "sex": "m"}}, {"pk": "2c3bdbdb210611dfa56d001641e25144", "model": "patient.patient", "fields": {"dob": "1973-05-24", "is_primary": 1, "user": 37, "root_patient": null, "sex": "f"}}, {"pk": 1, "model": "ashandapp.caseprofile", "fields": {"last_login_from": "127.0.1.1", "last_login": "2010-02-24 05:46:04", "user": 16, "last_filter": 1}}, {"pk": 2, "model": "ashandapp.caseprofile", "fields": {"last_login_from": "127.0.1.1", "last_login": "2010-02-24 05:46:38", "user": 4, "last_filter": 1}}, {"pk": "2b8b7a68210611dfa56d001641e25144", "model": "ashandapp.providerrole", "fields": {"notes": null, "role_description": "unique instance 2b8b7a69210611dfa56d001641e25144", "role": "nurse-triage"}}, {"pk": "2b8b7a75210611dfa56d001641e25144", "model": "ashandapp.providerrole", "fields": {"notes": null, "role_description": "unique instance 2b8b7a76210611dfa56d001641e25144", "role": "nurse-triage"}}, {"pk": "2b8b7a82210611dfa56d001641e25144", "model": "ashandapp.providerrole", "fields": {"notes": null, "role_description": "unique instance 2b8b7a83210611dfa56d001641e25144", "role": "nurse-triage"}}, {"pk": "2b8b7a8f210611dfa56d001641e25144", "model": "ashandapp.providerrole", "fields": {"notes": null, "role_description": "unique instance 2b8b7a90210611dfa56d001641e25144", "role": "nurse-triage"}}, {"pk": "2b8b7a95210611dfa56d001641e25144", "model": "ashandapp.providerrole", "fields": {"notes": null, "role_description": "unique instance 2b8b7a96210611dfa56d001641e25144", "role": "other"}}, {"pk": "2b8b7a9b210611dfa56d001641e25144", "model": "ashandapp.providerrole", "fields": {"notes": null, "role_description": "unique instance 2b8b7a9c210611dfa56d001641e25144", "role": "nurse-triage"}}, {"pk": "2b8b7aa1210611dfa56d001641e25144", "model": "ashandapp.providerrole", "fields": {"notes": null, "role_description": "unique instance 2b8b7aa2210611dfa56d001641e25144", "role": "socialworker"}}, {"pk": "2b8b7aae210611dfa56d001641e25144", "model": "ashandapp.providerrole", "fields": {"notes": null, "role_description": "unique instance 2b8b7aaf210611dfa56d001641e25144", "role": "nurse-triage"}}, {"pk": "2b8b7ab4210611dfa56d001641e25144", "model": "ashandapp.providerrole", "fields": {"notes": null, "role_description": "unique instance 2b8b7ab5210611dfa56d001641e25144", "role": "socialworker"}}, {"pk": "2b8b7aba210611dfa56d001641e25144", "model": "ashandapp.providerrole", "fields": {"notes": null, "role_description": "unique instance 2b8b7abb210611dfa56d001641e25144", "role": "nurse"}}, {"pk": "2b8b7ac0210611dfa56d001641e25144", "model": "ashandapp.providerrole", "fields": {"notes": null, "role_description": "unique instance 2b8b7ac1210611dfa56d001641e25144", "role": "other-doctor"}}, {"pk": "2b8b7ac6210611dfa56d001641e25144", "model": "ashandapp.providerrole", "fields": {"notes": null, "role_description": "unique instance 2b8b7ac7210611dfa56d001641e25144", "role": "nurse-triage"}}, {"pk": "2b8b7ad3210611dfa56d001641e25144", "model": "ashandapp.providerrole", "fields": {"notes": null, "role_description": "unique instance 2b8b7ad4210611dfa56d001641e25144", "role": "nurse-triage"}}, {"pk": "2b8b7ad9210611dfa56d001641e25144", "model": "ashandapp.providerrole", "fields": {"notes": null, "role_description": "unique instance 2b8b7ada210611dfa56d001641e25144", "role": "nurse"}}, {"pk": "2b8b7adf210611dfa56d001641e25144", "model": "ashandapp.providerrole", "fields": {"notes": null, "role_description": "unique instance 2b8b7ae0210611dfa56d001641e25144", "role": "other"}}, {"pk": "2b8b7ae5210611dfa56d001641e25144", "model": "ashandapp.providerrole", "fields": {"notes": null, "role_description": "unique instance 2b8b7ae6210611dfa56d001641e25144", "role": "socialworker"}}, {"pk": "2b8b7af2210611dfa56d001641e25144", "model": "ashandapp.providerrole", "fields": {"notes": null, "role_description": "unique instance 2b8b7af3210611dfa56d001641e25144", "role": "nurse-triage"}}, {"pk": "2b8b7af8210611dfa56d001641e25144", "model": "ashandapp.providerrole", "fields": {"notes": null, "role_description": "unique instance 2b8b7af9210611dfa56d001641e25144", "role": "oncologist"}}, {"pk": "2b8b7afe210611dfa56d001641e25144", "model": "ashandapp.providerrole", "fields": {"notes": null, "role_description": "unique instance 2b8b7aff210611dfa56d001641e25144", "role": "nurse-triage"}}, {"pk": "2b8b7b0b210611dfa56d001641e25144", "model": "ashandapp.providerrole", "fields": {"notes": null, "role_description": "unique instance 2b8b7b0c210611dfa56d001641e25144", "role": "nurse-triage"}}, {"pk": "2b8b7b11210611dfa56d001641e25144", "model": "ashandapp.providerrole", "fields": {"notes": null, "role_description": "unique instance 2b8b7b12210611dfa56d001641e25144", "role": "nurse"}}, {"pk": "2b8b7b17210611dfa56d001641e25144", "model": "ashandapp.providerrole", "fields": {"notes": null, "role_description": "unique instance 2b8b7b18210611dfa56d001641e25144", "role": "nurse-triage"}}, {"pk": "2b8b7b1d210611dfa56d001641e25144", "model": "ashandapp.providerrole", "fields": {"notes": null, "role_description": "unique instance 2b8b7b1e210611dfa56d001641e25144", "role": "oncologist"}}, {"pk": "2b8b7b23210611dfa56d001641e25144", "model": "ashandapp.providerrole", "fields": {"notes": null, "role_description": "unique instance 2b8b7b24210611dfa56d001641e25144", "role": "nurse"}}, {"pk": "2b8b7b30210611dfa56d001641e25144", "model": "ashandapp.providerrole", "fields": {"notes": null, "role_description": "unique instance 2b8b7b31210611dfa56d001641e25144", "role": "nurse-triage"}}, {"pk": "2b8b7b3d210611dfa56d001641e25144", "model": "ashandapp.providerrole", "fields": {"notes": null, "role_description": "unique instance 2b8b7b3e210611dfa56d001641e25144", "role": "nurse-triage"}}, {"pk": "2b8b7b43210611dfa56d001641e25144", "model": "ashandapp.providerrole", "fields": {"notes": null, "role_description": "unique instance 2b8b7b44210611dfa56d001641e25144", "role": "nurse-triage"}}, {"pk": "2c3bdb5c210611dfa56d001641e25144", "model": "ashandapp.providerrole", "fields": {"notes": null, "role_description": "unique instance 2c3bdb5d210611dfa56d001641e25144", "role": "nurse"}}, {"pk": "2c3bdb62210611dfa56d001641e25144", "model": "ashandapp.providerrole", "fields": {"notes": null, "role_description": "unique instance 2c3bdb63210611dfa56d001641e25144", "role": "other"}}, {"pk": "2c3bdb68210611dfa56d001641e25144", "model": "ashandapp.providerrole", "fields": {"notes": null, "role_description": "unique instance 2c3bdb69210611dfa56d001641e25144", "role": "socialworker"}}, {"pk": "2c3bdb75210611dfa56d001641e25144", "model": "ashandapp.providerrole", "fields": {"notes": null, "role_description": "unique instance 2c3bdb76210611dfa56d001641e25144", "role": "nurse-triage"}}, {"pk": "2c3bdb7b210611dfa56d001641e25144", "model": "ashandapp.providerrole", "fields": {"notes": null, "role_description": "unique instance 2c3bdb7c210611dfa56d001641e25144", "role": "oncologist"}}, {"pk": "2c3bdb81210611dfa56d001641e25144", "model": "ashandapp.providerrole", "fields": {"notes": null, "role_description": "unique instance 2c3bdb82210611dfa56d001641e25144", "role": "nurse-triage"}}, {"pk": "2c3bdb87210611dfa56d001641e25144", "model": "ashandapp.providerrole", "fields": {"notes": null, "role_description": "unique instance 2c3bdb88210611dfa56d001641e25144", "role": "socialworker"}}, {"pk": "2c3bdb94210611dfa56d001641e25144", "model": "ashandapp.providerrole", "fields": {"notes": null, "role_description": "unique instance 2c3bdb95210611dfa56d001641e25144", "role": "nurse-triage"}}, {"pk": "2c3bdb9a210611dfa56d001641e25144", "model": "ashandapp.providerrole", "fields": {"notes": null, "role_description": "unique instance 2c3bdb9b210611dfa56d001641e25144", "role": "pcp"}}, {"pk": "2c3bdba0210611dfa56d001641e25144", "model": "ashandapp.providerrole", "fields": {"notes": null, "role_description": "unique instance 2c3bdba1210611dfa56d001641e25144", "role": "other-nurse"}}, {"pk": "2c3bdba6210611dfa56d001641e25144", "model": "ashandapp.providerrole", "fields": {"notes": null, "role_description": "unique instance 2c3bdba7210611dfa56d001641e25144", "role": "nurse"}}, {"pk": "2c3bdbac210611dfa56d001641e25144", "model": "ashandapp.providerrole", "fields": {"notes": null, "role_description": "unique instance 2c3bdbad210611dfa56d001641e25144", "role": "lab"}}, {"pk": "2c3bdbb9210611dfa56d001641e25144", "model": "ashandapp.providerrole", "fields": {"notes": null, "role_description": "unique instance 2c3bdbba210611dfa56d001641e25144", "role": "nurse-triage"}}, {"pk": "2c3bdbbf210611dfa56d001641e25144", "model": "ashandapp.providerrole", "fields": {"notes": null, "role_description": "unique instance 2c3bdbc0210611dfa56d001641e25144", "role": "oncologist"}}, {"pk": "2c3bdbc5210611dfa56d001641e25144", "model": "ashandapp.providerrole", "fields": {"notes": null, "role_description": "unique instance 2c3bdbc6210611dfa56d001641e25144", "role": "pcp"}}, {"pk": "2c3bdbcb210611dfa56d001641e25144", "model": "ashandapp.providerrole", "fields": {"notes": null, "role_description": "unique instance 2c3bdbcc210611dfa56d001641e25144", "role": "nurse"}}, {"pk": "2c3bdbd1210611dfa56d001641e25144", "model": "ashandapp.providerrole", "fields": {"notes": null, "role_description": "unique instance 2c3bdbd2210611dfa56d001641e25144", "role": "other-nurse"}}, {"pk": "2c3bdbde210611dfa56d001641e25144", "model": "ashandapp.providerrole", "fields": {"notes": null, "role_description": "unique instance 2c3bdbdf210611dfa56d001641e25144", "role": "nurse-triage"}}, {"pk": "2c3bdbe4210611dfa56d001641e25144", "model": "ashandapp.providerrole", "fields": {"notes": null, "role_description": "unique instance 2c3bdbe5210611dfa56d001641e25144", "role": "oncologist"}}, {"pk": "2c3bdbea210611dfa56d001641e25144", "model": "ashandapp.providerrole", "fields": {"notes": null, "role_description": "unique instance 2c3bdbeb210611dfa56d001641e25144", "role": "nurse-triage"}}, {"pk": "2c3bdbf0210611dfa56d001641e25144", "model": "ashandapp.providerrole", "fields": {"notes": null, "role_description": "unique instance 2c3bdbf1210611dfa56d001641e25144", "role": "nurse-triage"}}, {"pk": "2b8b7a67210611dfa56d001641e25144", "model": "ashandapp.providerlink", "fields": {"careteam": "2b8b7a66210611dfa56d001641e25144", "notes": null, "role": "2b8b7a68210611dfa56d001641e25144", "provider": "2b8b7a60210611dfa56d001641e25144"}}, {"pk": "2b8b7a74210611dfa56d001641e25144", "model": "ashandapp.providerlink", "fields": {"careteam": "2b8b7a73210611dfa56d001641e25144", "notes": null, "role": "2b8b7a75210611dfa56d001641e25144", "provider": "2b8b7a60210611dfa56d001641e25144"}}, {"pk": "2b8b7a81210611dfa56d001641e25144", "model": "ashandapp.providerlink", "fields": {"careteam": "2b8b7a80210611dfa56d001641e25144", "notes": null, "role": "2b8b7a82210611dfa56d001641e25144", "provider": "2b8b7a61210611dfa56d001641e25144"}}, {"pk": "2b8b7a8e210611dfa56d001641e25144", "model": "ashandapp.providerlink", "fields": {"careteam": "2b8b7a8d210611dfa56d001641e25144", "notes": null, "role": "2b8b7a8f210611dfa56d001641e25144", "provider": "2b8b7a5e210611dfa56d001641e25144"}}, {"pk": "2b8b7a94210611dfa56d001641e25144", "model": "ashandapp.providerlink", "fields": {"careteam": "2b8b7a8d210611dfa56d001641e25144", "notes": null, "role": "2b8b7a95210611dfa56d001641e25144", "provider": "2b8b7a64210611dfa56d001641e25144"}}, {"pk": "2b8b7a9a210611dfa56d001641e25144", "model": "ashandapp.providerlink", "fields": {"careteam": "2b8b7a8d210611dfa56d001641e25144", "notes": null, "role": "2b8b7a9b210611dfa56d001641e25144", "provider": "2b8b7a62210611dfa56d001641e25144"}}, {"pk": "2b8b7aa0210611dfa56d001641e25144", "model": "ashandapp.providerlink", "fields": {"careteam": "2b8b7a8d210611dfa56d001641e25144", "notes": null, "role": "2b8b7aa1210611dfa56d001641e25144", "provider": "2b8b7a5f210611dfa56d001641e25144"}}, {"pk": "2b8b7aad210611dfa56d001641e25144", "model": "ashandapp.providerlink", "fields": {"careteam": "2b8b7aac210611dfa56d001641e25144", "notes": null, "role": "2b8b7aae210611dfa56d001641e25144", "provider": "2b8b7a61210611dfa56d001641e25144"}}, {"pk": "2b8b7ab3210611dfa56d001641e25144", "model": "ashandapp.providerlink", "fields": {"careteam": "2b8b7aac210611dfa56d001641e25144", "notes": null, "role": "2b8b7ab4210611dfa56d001641e25144", "provider": "2b8b7a5d210611dfa56d001641e25144"}}, {"pk": "2b8b7ab9210611dfa56d001641e25144", "model": "ashandapp.providerlink", "fields": {"careteam": "2b8b7aac210611dfa56d001641e25144", "notes": null, "role": "2b8b7aba210611dfa56d001641e25144", "provider": "2b8b7a5e210611dfa56d001641e25144"}}, {"pk": "2b8b7abf210611dfa56d001641e25144", "model": "ashandapp.providerlink", "fields": {"careteam": "2b8b7aac210611dfa56d001641e25144", "notes": null, "role": "2b8b7ac0210611dfa56d001641e25144", "provider": "2b8b7a64210611dfa56d001641e25144"}}, {"pk": "2b8b7ac5210611dfa56d001641e25144", "model": "ashandapp.providerlink", "fields": {"careteam": "2b8b7aac210611dfa56d001641e25144", "notes": null, "role": "2b8b7ac6210611dfa56d001641e25144", "provider": "2b8b7a5b210611dfa56d001641e25144"}}, {"pk": "2b8b7ad2210611dfa56d001641e25144", "model": "ashandapp.providerlink", "fields": {"careteam": "2b8b7ad1210611dfa56d001641e25144", "notes": null, "role": "2b8b7ad3210611dfa56d001641e25144", "provider": "2b8b7a61210611dfa56d001641e25144"}}, {"pk": "2b8b7ad8210611dfa56d001641e25144", "model": "ashandapp.providerlink", "fields": {"careteam": "2b8b7ad1210611dfa56d001641e25144", "notes": null, "role": "2b8b7ad9210611dfa56d001641e25144", "provider": "2b8b7a5c210611dfa56d001641e25144"}}, {"pk": "2b8b7ade210611dfa56d001641e25144", "model": "ashandapp.providerlink", "fields": {"careteam": "2b8b7ad1210611dfa56d001641e25144", "notes": null, "role": "2b8b7adf210611dfa56d001641e25144", "provider": "2b8b7a63210611dfa56d001641e25144"}}, {"pk": "2b8b7ae4210611dfa56d001641e25144", "model": "ashandapp.providerlink", "fields": {"careteam": "2b8b7ad1210611dfa56d001641e25144", "notes": null, "role": "2b8b7ae5210611dfa56d001641e25144", "provider": "2b8b7a5b210611dfa56d001641e25144"}}, {"pk": "2b8b7af1210611dfa56d001641e25144", "model": "ashandapp.providerlink", "fields": {"careteam": "2b8b7af0210611dfa56d001641e25144", "notes": null, "role": "2b8b7af2210611dfa56d001641e25144", "provider": "2b8b7a5f210611dfa56d001641e25144"}}, {"pk": "2b8b7af7210611dfa56d001641e25144", "model": "ashandapp.providerlink", "fields": {"careteam": "2b8b7af0210611dfa56d001641e25144", "notes": null, "role": "2b8b7af8210611dfa56d001641e25144", "provider": "2b8b7a61210611dfa56d001641e25144"}}, {"pk": "2b8b7afd210611dfa56d001641e25144", "model": "ashandapp.providerlink", "fields": {"careteam": "2b8b7af0210611dfa56d001641e25144", "notes": null, "role": "2b8b7afe210611dfa56d001641e25144", "provider": "2b8b7a62210611dfa56d001641e25144"}}, {"pk": "2b8b7b0a210611dfa56d001641e25144", "model": "ashandapp.providerlink", "fields": {"careteam": "2b8b7b09210611dfa56d001641e25144", "notes": null, "role": "2b8b7b0b210611dfa56d001641e25144", "provider": "2b8b7a60210611dfa56d001641e25144"}}, {"pk": "2b8b7b10210611dfa56d001641e25144", "model": "ashandapp.providerlink", "fields": {"careteam": "2b8b7b09210611dfa56d001641e25144", "notes": null, "role": "2b8b7b11210611dfa56d001641e25144", "provider": "2b8b7a63210611dfa56d001641e25144"}}, {"pk": "2b8b7b16210611dfa56d001641e25144", "model": "ashandapp.providerlink", "fields": {"careteam": "2b8b7b09210611dfa56d001641e25144", "notes": null, "role": "2b8b7b17210611dfa56d001641e25144", "provider": "2b8b7a62210611dfa56d001641e25144"}}, {"pk": "2b8b7b1c210611dfa56d001641e25144", "model": "ashandapp.providerlink", "fields": {"careteam": "2b8b7b09210611dfa56d001641e25144", "notes": null, "role": "2b8b7b1d210611dfa56d001641e25144", "provider": "2b8b7a5e210611dfa56d001641e25144"}}, {"pk": "2b8b7b22210611dfa56d001641e25144", "model": "ashandapp.providerlink", "fields": {"careteam": "2b8b7b09210611dfa56d001641e25144", "notes": null, "role": "2b8b7b23210611dfa56d001641e25144", "provider": "2b8b7a5c210611dfa56d001641e25144"}}, {"pk": "2b8b7b2f210611dfa56d001641e25144", "model": "ashandapp.providerlink", "fields": {"careteam": "2b8b7b2e210611dfa56d001641e25144", "notes": null, "role": "2b8b7b30210611dfa56d001641e25144", "provider": "2b8b7a60210611dfa56d001641e25144"}}, {"pk": "2b8b7b3c210611dfa56d001641e25144", "model": "ashandapp.providerlink", "fields": {"careteam": "2b8b7b3b210611dfa56d001641e25144", "notes": null, "role": "2b8b7b3d210611dfa56d001641e25144", "provider": "2b8b7a5f210611dfa56d001641e25144"}}, {"pk": "2b8b7b42210611dfa56d001641e25144", "model": "ashandapp.providerlink", "fields": {"careteam": "2b8b7b3b210611dfa56d001641e25144", "notes": null, "role": "2b8b7b43210611dfa56d001641e25144", "provider": "2b8b7a5a210611dfa56d001641e25144"}}, {"pk": "2c3bdb5b210611dfa56d001641e25144", "model": "ashandapp.providerlink", "fields": {"careteam": "2b8b7b3b210611dfa56d001641e25144", "notes": null, "role": "2c3bdb5c210611dfa56d001641e25144", "provider": "2b8b7a5b210611dfa56d001641e25144"}}, {"pk": "2c3bdb61210611dfa56d001641e25144", "model": "ashandapp.providerlink", "fields": {"careteam": "2b8b7b3b210611dfa56d001641e25144", "notes": null, "role": "2c3bdb62210611dfa56d001641e25144", "provider": "2b8b7a60210611dfa56d001641e25144"}}, {"pk": "2c3bdb67210611dfa56d001641e25144", "model": "ashandapp.providerlink", "fields": {"careteam": "2b8b7b3b210611dfa56d001641e25144", "notes": null, "role": "2c3bdb68210611dfa56d001641e25144", "provider": "2b8b7a61210611dfa56d001641e25144"}}, {"pk": "2c3bdb74210611dfa56d001641e25144", "model": "ashandapp.providerlink", "fields": {"careteam": "2c3bdb73210611dfa56d001641e25144", "notes": null, "role": "2c3bdb75210611dfa56d001641e25144", "provider": "2b8b7a5e210611dfa56d001641e25144"}}, {"pk": "2c3bdb7a210611dfa56d001641e25144", "model": "ashandapp.providerlink", "fields": {"careteam": "2c3bdb73210611dfa56d001641e25144", "notes": null, "role": "2c3bdb7b210611dfa56d001641e25144", "provider": "2b8b7a5a210611dfa56d001641e25144"}}, {"pk": "2c3bdb80210611dfa56d001641e25144", "model": "ashandapp.providerlink", "fields": {"careteam": "2c3bdb73210611dfa56d001641e25144", "notes": null, "role": "2c3bdb81210611dfa56d001641e25144", "provider": "2b8b7a5d210611dfa56d001641e25144"}}, {"pk": "2c3bdb86210611dfa56d001641e25144", "model": "ashandapp.providerlink", "fields": {"careteam": "2c3bdb73210611dfa56d001641e25144", "notes": null, "role": "2c3bdb87210611dfa56d001641e25144", "provider": "2b8b7a63210611dfa56d001641e25144"}}, {"pk": "2c3bdb93210611dfa56d001641e25144", "model": "ashandapp.providerlink", "fields": {"careteam": "2c3bdb92210611dfa56d001641e25144", "notes": null, "role": "2c3bdb94210611dfa56d001641e25144", "provider": "2b8b7a61210611dfa56d001641e25144"}}, {"pk": "2c3bdb99210611dfa56d001641e25144", "model": "ashandapp.providerlink", "fields": {"careteam": "2c3bdb92210611dfa56d001641e25144", "notes": null, "role": "2c3bdb9a210611dfa56d001641e25144", "provider": "2b8b7a5a210611dfa56d001641e25144"}}, {"pk": "2c3bdb9f210611dfa56d001641e25144", "model": "ashandapp.providerlink", "fields": {"careteam": "2c3bdb92210611dfa56d001641e25144", "notes": null, "role": "2c3bdba0210611dfa56d001641e25144", "provider": "2b8b7a5d210611dfa56d001641e25144"}}, {"pk": "2c3bdba5210611dfa56d001641e25144", "model": "ashandapp.providerlink", "fields": {"careteam": "2c3bdb92210611dfa56d001641e25144", "notes": null, "role": "2c3bdba6210611dfa56d001641e25144", "provider": "2b8b7a5f210611dfa56d001641e25144"}}, {"pk": "2c3bdbab210611dfa56d001641e25144", "model": "ashandapp.providerlink", "fields": {"careteam": "2c3bdb92210611dfa56d001641e25144", "notes": null, "role": "2c3bdbac210611dfa56d001641e25144", "provider": "2b8b7a60210611dfa56d001641e25144"}}, {"pk": "2c3bdbb8210611dfa56d001641e25144", "model": "ashandapp.providerlink", "fields": {"careteam": "2c3bdbb7210611dfa56d001641e25144", "notes": null, "role": "2c3bdbb9210611dfa56d001641e25144", "provider": "2b8b7a60210611dfa56d001641e25144"}}, {"pk": "2c3bdbbe210611dfa56d001641e25144", "model": "ashandapp.providerlink", "fields": {"careteam": "2c3bdbb7210611dfa56d001641e25144", "notes": null, "role": "2c3bdbbf210611dfa56d001641e25144", "provider": "2b8b7a5f210611dfa56d001641e25144"}}, {"pk": "2c3bdbc4210611dfa56d001641e25144", "model": "ashandapp.providerlink", "fields": {"careteam": "2c3bdbb7210611dfa56d001641e25144", "notes": null, "role": "2c3bdbc5210611dfa56d001641e25144", "provider": "2b8b7a5d210611dfa56d001641e25144"}}, {"pk": "2c3bdbca210611dfa56d001641e25144", "model": "ashandapp.providerlink", "fields": {"careteam": "2c3bdbb7210611dfa56d001641e25144", "notes": null, "role": "2c3bdbcb210611dfa56d001641e25144", "provider": "2b8b7a61210611dfa56d001641e25144"}}, {"pk": "2c3bdbd0210611dfa56d001641e25144", "model": "ashandapp.providerlink", "fields": {"careteam": "2c3bdbb7210611dfa56d001641e25144", "notes": null, "role": "2c3bdbd1210611dfa56d001641e25144", "provider": "2b8b7a5c210611dfa56d001641e25144"}}, {"pk": "2c3bdbdd210611dfa56d001641e25144", "model": "ashandapp.providerlink", "fields": {"careteam": "2c3bdbdc210611dfa56d001641e25144", "notes": null, "role": "2c3bdbde210611dfa56d001641e25144", "provider": "2b8b7a5e210611dfa56d001641e25144"}}, {"pk": "2c3bdbe3210611dfa56d001641e25144", "model": "ashandapp.providerlink", "fields": {"careteam": "2c3bdbdc210611dfa56d001641e25144", "notes": null, "role": "2c3bdbe4210611dfa56d001641e25144", "provider": "2b8b7a5d210611dfa56d001641e25144"}}, {"pk": "2c3bdbe9210611dfa56d001641e25144", "model": "ashandapp.providerlink", "fields": {"careteam": "2c3bdbdc210611dfa56d001641e25144", "notes": null, "role": "2c3bdbea210611dfa56d001641e25144", "provider": "2b8b7a5c210611dfa56d001641e25144"}}, {"pk": "2c3bdbef210611dfa56d001641e25144", "model": "ashandapp.providerlink", "fields": {"careteam": "2c3bdbdc210611dfa56d001641e25144", "notes": null, "role": "2c3bdbf0210611dfa56d001641e25144", "provider": "2b8b7a61210611dfa56d001641e25144"}}, {"pk": "2b8b7a6e210611dfa56d001641e25144", "model": "ashandapp.carerelationship", "fields": {"relationship_type": "neighbor", "other_description": null, "notes": ""}}, {"pk": "2b8b7a7b210611dfa56d001641e25144", "model": "ashandapp.carerelationship", "fields": {"relationship_type": "other", "other_description": null, "notes": ""}}, {"pk": "2b8b7a88210611dfa56d001641e25144", "model": "ashandapp.carerelationship", "fields": {"relationship_type": "guardian", "other_description": null, "notes": ""}}, {"pk": "2b8b7aa7210611dfa56d001641e25144", "model": "ashandapp.carerelationship", "fields": {"relationship_type": "neighbor", "other_description": null, "notes": ""}}, {"pk": "2b8b7acc210611dfa56d001641e25144", "model": "ashandapp.carerelationship", "fields": {"relationship_type": "guardian", "other_description": null, "notes": ""}}, {"pk": "2b8b7aeb210611dfa56d001641e25144", "model": "ashandapp.carerelationship", "fields": {"relationship_type": "guardian", "other_description": null, "notes": ""}}, {"pk": "2b8b7b04210611dfa56d001641e25144", "model": "ashandapp.carerelationship", "fields": {"relationship_type": "nextofkin", "other_description": null, "notes": ""}}, {"pk": "2b8b7b29210611dfa56d001641e25144", "model": "ashandapp.carerelationship", "fields": {"relationship_type": "nextofkin", "other_description": null, "notes": ""}}, {"pk": "2b8b7b36210611dfa56d001641e25144", "model": "ashandapp.carerelationship", "fields": {"relationship_type": "spouse", "other_description": null, "notes": ""}}, {"pk": "2c3bdb6e210611dfa56d001641e25144", "model": "ashandapp.carerelationship", "fields": {"relationship_type": "neighbor", "other_description": null, "notes": ""}}, {"pk": "2c3bdb8d210611dfa56d001641e25144", "model": "ashandapp.carerelationship", "fields": {"relationship_type": "guardian", "other_description": null, "notes": ""}}, {"pk": "2c3bdbb2210611dfa56d001641e25144", "model": "ashandapp.carerelationship", "fields": {"relationship_type": "spouse", "other_description": null, "notes": ""}}, {"pk": "2c3bdbd7210611dfa56d001641e25144", "model": "ashandapp.carerelationship", "fields": {"relationship_type": "guardian", "other_description": null, "notes": ""}}, {"pk": "2c3bdbf6210611dfa56d001641e25144", "model": "ashandapp.carerelationship", "fields": {"relationship_type": "other", "other_description": null, "notes": ""}}, {"pk": "2b8b7a6d210611dfa56d001641e25144", "model": "ashandapp.caregiverlink", "fields": {"careteam": "2b8b7a66210611dfa56d001641e25144", "notes": null, "user": 16, "relationship": "2b8b7a6e210611dfa56d001641e25144"}}, {"pk": "2b8b7a7a210611dfa56d001641e25144", "model": "ashandapp.caregiverlink", "fields": {"careteam": "2b8b7a73210611dfa56d001641e25144", "notes": null, "user": 18, "relationship": "2b8b7a7b210611dfa56d001641e25144"}}, {"pk": "2b8b7a87210611dfa56d001641e25144", "model": "ashandapp.caregiverlink", "fields": {"careteam": "2b8b7a80210611dfa56d001641e25144", "notes": null, "user": 20, "relationship": "2b8b7a88210611dfa56d001641e25144"}}, {"pk": "2b8b7aa6210611dfa56d001641e25144", "model": "ashandapp.caregiverlink", "fields": {"careteam": "2b8b7a8d210611dfa56d001641e25144", "notes": null, "user": 22, "relationship": "2b8b7aa7210611dfa56d001641e25144"}}, {"pk": "2b8b7acb210611dfa56d001641e25144", "model": "ashandapp.caregiverlink", "fields": {"careteam": "2b8b7aac210611dfa56d001641e25144", "notes": null, "user": 24, "relationship": "2b8b7acc210611dfa56d001641e25144"}}, {"pk": "2b8b7aea210611dfa56d001641e25144", "model": "ashandapp.caregiverlink", "fields": {"careteam": "2b8b7ad1210611dfa56d001641e25144", "notes": null, "user": 26, "relationship": "2b8b7aeb210611dfa56d001641e25144"}}, {"pk": "2b8b7b03210611dfa56d001641e25144", "model": "ashandapp.caregiverlink", "fields": {"careteam": "2b8b7af0210611dfa56d001641e25144", "notes": null, "user": 28, "relationship": "2b8b7b04210611dfa56d001641e25144"}}, {"pk": "2b8b7b28210611dfa56d001641e25144", "model": "ashandapp.caregiverlink", "fields": {"careteam": "2b8b7b09210611dfa56d001641e25144", "notes": null, "user": 28, "relationship": "2b8b7b29210611dfa56d001641e25144"}}, {"pk": "2b8b7b35210611dfa56d001641e25144", "model": "ashandapp.caregiverlink", "fields": {"careteam": "2b8b7b2e210611dfa56d001641e25144", "notes": null, "user": 31, "relationship": "2b8b7b36210611dfa56d001641e25144"}}, {"pk": "2c3bdb6d210611dfa56d001641e25144", "model": "ashandapp.caregiverlink", "fields": {"careteam": "2b8b7b3b210611dfa56d001641e25144", "notes": null, "user": 31, "relationship": "2c3bdb6e210611dfa56d001641e25144"}}, {"pk": "2c3bdb8c210611dfa56d001641e25144", "model": "ashandapp.caregiverlink", "fields": {"careteam": "2c3bdb73210611dfa56d001641e25144", "notes": null, "user": 31, "relationship": "2c3bdb8d210611dfa56d001641e25144"}}, {"pk": "2c3bdbb1210611dfa56d001641e25144", "model": "ashandapp.caregiverlink", "fields": {"careteam": "2c3bdb92210611dfa56d001641e25144", "notes": null, "user": 35, "relationship": "2c3bdbb2210611dfa56d001641e25144"}}, {"pk": "2c3bdbd6210611dfa56d001641e25144", "model": "ashandapp.caregiverlink", "fields": {"careteam": "2c3bdbb7210611dfa56d001641e25144", "notes": null, "user": 35, "relationship": "2c3bdbd7210611dfa56d001641e25144"}}, {"pk": "2c3bdbf5210611dfa56d001641e25144", "model": "ashandapp.caregiverlink", "fields": {"careteam": "2c3bdbdc210611dfa56d001641e25144", "notes": null, "user": 38, "relationship": "2c3bdbf6210611dfa56d001641e25144"}}, {"pk": "2b8b7a6c210611dfa56d001641e25144", "model": "ashandapp.careteamcaselink", "fields": {"careteam": "2b8b7a66210611dfa56d001641e25144", "case": "2b8b7a6a210611dfa56d001641e25144"}}, {"pk": "2b8b7a71210611dfa56d001641e25144", "model": "ashandapp.careteamcaselink", "fields": {"careteam": "2b8b7a66210611dfa56d001641e25144", "case": "2b8b7a6f210611dfa56d001641e25144"}}, {"pk": "2b8b7a79210611dfa56d001641e25144", "model": "ashandapp.careteamcaselink", "fields": {"careteam": "2b8b7a73210611dfa56d001641e25144", "case": "2b8b7a77210611dfa56d001641e25144"}}, {"pk": "2b8b7a7e210611dfa56d001641e25144", "model": "ashandapp.careteamcaselink", "fields": {"careteam": "2b8b7a73210611dfa56d001641e25144", "case": "2b8b7a7c210611dfa56d001641e25144"}}, {"pk": "2b8b7a86210611dfa56d001641e25144", "model": "ashandapp.careteamcaselink", "fields": {"careteam": "2b8b7a80210611dfa56d001641e25144", "case": "2b8b7a84210611dfa56d001641e25144"}}, {"pk": "2b8b7a8b210611dfa56d001641e25144", "model": "ashandapp.careteamcaselink", "fields": {"careteam": "2b8b7a80210611dfa56d001641e25144", "case": "2b8b7a89210611dfa56d001641e25144"}}, {"pk": "2b8b7a93210611dfa56d001641e25144", "model": "ashandapp.careteamcaselink", "fields": {"careteam": "2b8b7a8d210611dfa56d001641e25144", "case": "2b8b7a91210611dfa56d001641e25144"}}, {"pk": "2b8b7a99210611dfa56d001641e25144", "model": "ashandapp.careteamcaselink", "fields": {"careteam": "2b8b7a8d210611dfa56d001641e25144", "case": "2b8b7a97210611dfa56d001641e25144"}}, {"pk": "2b8b7a9f210611dfa56d001641e25144", "model": "ashandapp.careteamcaselink", "fields": {"careteam": "2b8b7a8d210611dfa56d001641e25144", "case": "2b8b7a9d210611dfa56d001641e25144"}}, {"pk": "2b8b7aa5210611dfa56d001641e25144", "model": "ashandapp.careteamcaselink", "fields": {"careteam": "2b8b7a8d210611dfa56d001641e25144", "case": "2b8b7aa3210611dfa56d001641e25144"}}, {"pk": "2b8b7aaa210611dfa56d001641e25144", "model": "ashandapp.careteamcaselink", "fields": {"careteam": "2b8b7a8d210611dfa56d001641e25144", "case": "2b8b7aa8210611dfa56d001641e25144"}}, {"pk": "2b8b7ab2210611dfa56d001641e25144", "model": "ashandapp.careteamcaselink", "fields": {"careteam": "2b8b7aac210611dfa56d001641e25144", "case": "2b8b7ab0210611dfa56d001641e25144"}}, {"pk": "2b8b7ab8210611dfa56d001641e25144", "model": "ashandapp.careteamcaselink", "fields": {"careteam": "2b8b7aac210611dfa56d001641e25144", "case": "2b8b7ab6210611dfa56d001641e25144"}}, {"pk": "2b8b7abe210611dfa56d001641e25144", "model": "ashandapp.careteamcaselink", "fields": {"careteam": "2b8b7aac210611dfa56d001641e25144", "case": "2b8b7abc210611dfa56d001641e25144"}}, {"pk": "2b8b7ac4210611dfa56d001641e25144", "model": "ashandapp.careteamcaselink", "fields": {"careteam": "2b8b7aac210611dfa56d001641e25144", "case": "2b8b7ac2210611dfa56d001641e25144"}}, {"pk": "2b8b7aca210611dfa56d001641e25144", "model": "ashandapp.careteamcaselink", "fields": {"careteam": "2b8b7aac210611dfa56d001641e25144", "case": "2b8b7ac8210611dfa56d001641e25144"}}, {"pk": "2b8b7acf210611dfa56d001641e25144", "model": "ashandapp.careteamcaselink", "fields": {"careteam": "2b8b7aac210611dfa56d001641e25144", "case": "2b8b7acd210611dfa56d001641e25144"}}, {"pk": "2b8b7ad7210611dfa56d001641e25144", "model": "ashandapp.careteamcaselink", "fields": {"careteam": "2b8b7ad1210611dfa56d001641e25144", "case": "2b8b7ad5210611dfa56d001641e25144"}}, {"pk": "2b8b7add210611dfa56d001641e25144", "model": "ashandapp.careteamcaselink", "fields": {"careteam": "2b8b7ad1210611dfa56d001641e25144", "case": "2b8b7adb210611dfa56d001641e25144"}}, {"pk": "2b8b7ae3210611dfa56d001641e25144", "model": "ashandapp.careteamcaselink", "fields": {"careteam": "2b8b7ad1210611dfa56d001641e25144", "case": "2b8b7ae1210611dfa56d001641e25144"}}, {"pk": "2b8b7ae9210611dfa56d001641e25144", "model": "ashandapp.careteamcaselink", "fields": {"careteam": "2b8b7ad1210611dfa56d001641e25144", "case": "2b8b7ae7210611dfa56d001641e25144"}}, {"pk": "2b8b7aee210611dfa56d001641e25144", "model": "ashandapp.careteamcaselink", "fields": {"careteam": "2b8b7ad1210611dfa56d001641e25144", "case": "2b8b7aec210611dfa56d001641e25144"}}, {"pk": "2b8b7af6210611dfa56d001641e25144", "model": "ashandapp.careteamcaselink", "fields": {"careteam": "2b8b7af0210611dfa56d001641e25144", "case": "2b8b7af4210611dfa56d001641e25144"}}, {"pk": "2b8b7afc210611dfa56d001641e25144", "model": "ashandapp.careteamcaselink", "fields": {"careteam": "2b8b7af0210611dfa56d001641e25144", "case": "2b8b7afa210611dfa56d001641e25144"}}, {"pk": "2b8b7b02210611dfa56d001641e25144", "model": "ashandapp.careteamcaselink", "fields": {"careteam": "2b8b7af0210611dfa56d001641e25144", "case": "2b8b7b00210611dfa56d001641e25144"}}, {"pk": "2b8b7b07210611dfa56d001641e25144", "model": "ashandapp.careteamcaselink", "fields": {"careteam": "2b8b7af0210611dfa56d001641e25144", "case": "2b8b7b05210611dfa56d001641e25144"}}, {"pk": "2b8b7b0f210611dfa56d001641e25144", "model": "ashandapp.careteamcaselink", "fields": {"careteam": "2b8b7b09210611dfa56d001641e25144", "case": "2b8b7b0d210611dfa56d001641e25144"}}, {"pk": "2b8b7b15210611dfa56d001641e25144", "model": "ashandapp.careteamcaselink", "fields": {"careteam": "2b8b7b09210611dfa56d001641e25144", "case": "2b8b7b13210611dfa56d001641e25144"}}, {"pk": "2b8b7b1b210611dfa56d001641e25144", "model": "ashandapp.careteamcaselink", "fields": {"careteam": "2b8b7b09210611dfa56d001641e25144", "case": "2b8b7b19210611dfa56d001641e25144"}}, {"pk": "2b8b7b21210611dfa56d001641e25144", "model": "ashandapp.careteamcaselink", "fields": {"careteam": "2b8b7b09210611dfa56d001641e25144", "case": "2b8b7b1f210611dfa56d001641e25144"}}, {"pk": "2b8b7b27210611dfa56d001641e25144", "model": "ashandapp.careteamcaselink", "fields": {"careteam": "2b8b7b09210611dfa56d001641e25144", "case": "2b8b7b25210611dfa56d001641e25144"}}, {"pk": "2b8b7b2c210611dfa56d001641e25144", "model": "ashandapp.careteamcaselink", "fields": {"careteam": "2b8b7b09210611dfa56d001641e25144", "case": "2b8b7b2a210611dfa56d001641e25144"}}, {"pk": "2b8b7b34210611dfa56d001641e25144", "model": "ashandapp.careteamcaselink", "fields": {"careteam": "2b8b7b2e210611dfa56d001641e25144", "case": "2b8b7b32210611dfa56d001641e25144"}}, {"pk": "2b8b7b39210611dfa56d001641e25144", "model": "ashandapp.careteamcaselink", "fields": {"careteam": "2b8b7b2e210611dfa56d001641e25144", "case": "2b8b7b37210611dfa56d001641e25144"}}, {"pk": "2b8b7b41210611dfa56d001641e25144", "model": "ashandapp.careteamcaselink", "fields": {"careteam": "2b8b7b3b210611dfa56d001641e25144", "case": "2b8b7b3f210611dfa56d001641e25144"}}, {"pk": "2c3bdb5a210611dfa56d001641e25144", "model": "ashandapp.careteamcaselink", "fields": {"careteam": "2b8b7b3b210611dfa56d001641e25144", "case": "2b8b7b45210611dfa56d001641e25144"}}, {"pk": "2c3bdb60210611dfa56d001641e25144", "model": "ashandapp.careteamcaselink", "fields": {"careteam": "2b8b7b3b210611dfa56d001641e25144", "case": "2c3bdb5e210611dfa56d001641e25144"}}, {"pk": "2c3bdb66210611dfa56d001641e25144", "model": "ashandapp.careteamcaselink", "fields": {"careteam": "2b8b7b3b210611dfa56d001641e25144", "case": "2c3bdb64210611dfa56d001641e25144"}}, {"pk": "2c3bdb6c210611dfa56d001641e25144", "model": "ashandapp.careteamcaselink", "fields": {"careteam": "2b8b7b3b210611dfa56d001641e25144", "case": "2c3bdb6a210611dfa56d001641e25144"}}, {"pk": "2c3bdb71210611dfa56d001641e25144", "model": "ashandapp.careteamcaselink", "fields": {"careteam": "2b8b7b3b210611dfa56d001641e25144", "case": "2c3bdb6f210611dfa56d001641e25144"}}, {"pk": "2c3bdb79210611dfa56d001641e25144", "model": "ashandapp.careteamcaselink", "fields": {"careteam": "2c3bdb73210611dfa56d001641e25144", "case": "2c3bdb77210611dfa56d001641e25144"}}, {"pk": "2c3bdb7f210611dfa56d001641e25144", "model": "ashandapp.careteamcaselink", "fields": {"careteam": "2c3bdb73210611dfa56d001641e25144", "case": "2c3bdb7d210611dfa56d001641e25144"}}, {"pk": "2c3bdb85210611dfa56d001641e25144", "model": "ashandapp.careteamcaselink", "fields": {"careteam": "2c3bdb73210611dfa56d001641e25144", "case": "2c3bdb83210611dfa56d001641e25144"}}, {"pk": "2c3bdb8b210611dfa56d001641e25144", "model": "ashandapp.careteamcaselink", "fields": {"careteam": "2c3bdb73210611dfa56d001641e25144", "case": "2c3bdb89210611dfa56d001641e25144"}}, {"pk": "2c3bdb90210611dfa56d001641e25144", "model": "ashandapp.careteamcaselink", "fields": {"careteam": "2c3bdb73210611dfa56d001641e25144", "case": "2c3bdb8e210611dfa56d001641e25144"}}, {"pk": "2c3bdb98210611dfa56d001641e25144", "model": "ashandapp.careteamcaselink", "fields": {"careteam": "2c3bdb92210611dfa56d001641e25144", "case": "2c3bdb96210611dfa56d001641e25144"}}, {"pk": "2c3bdb9e210611dfa56d001641e25144", "model": "ashandapp.careteamcaselink", "fields": {"careteam": "2c3bdb92210611dfa56d001641e25144", "case": "2c3bdb9c210611dfa56d001641e25144"}}, {"pk": "2c3bdba4210611dfa56d001641e25144", "model": "ashandapp.careteamcaselink", "fields": {"careteam": "2c3bdb92210611dfa56d001641e25144", "case": "2c3bdba2210611dfa56d001641e25144"}}, {"pk": "2c3bdbaa210611dfa56d001641e25144", "model": "ashandapp.careteamcaselink", "fields": {"careteam": "2c3bdb92210611dfa56d001641e25144", "case": "2c3bdba8210611dfa56d001641e25144"}}, {"pk": "2c3bdbb0210611dfa56d001641e25144", "model": "ashandapp.careteamcaselink", "fields": {"careteam": "2c3bdb92210611dfa56d001641e25144", "case": "2c3bdbae210611dfa56d001641e25144"}}, {"pk": "2c3bdbb5210611dfa56d001641e25144", "model": "ashandapp.careteamcaselink", "fields": {"careteam": "2c3bdb92210611dfa56d001641e25144", "case": "2c3bdbb3210611dfa56d001641e25144"}}, {"pk": "2c3bdbbd210611dfa56d001641e25144", "model": "ashandapp.careteamcaselink", "fields": {"careteam": "2c3bdbb7210611dfa56d001641e25144", "case": "2c3bdbbb210611dfa56d001641e25144"}}, {"pk": "2c3bdbc3210611dfa56d001641e25144", "model": "ashandapp.careteamcaselink", "fields": {"careteam": "2c3bdbb7210611dfa56d001641e25144", "case": "2c3bdbc1210611dfa56d001641e25144"}}, {"pk": "2c3bdbc9210611dfa56d001641e25144", "model": "ashandapp.careteamcaselink", "fields": {"careteam": "2c3bdbb7210611dfa56d001641e25144", "case": "2c3bdbc7210611dfa56d001641e25144"}}, {"pk": "2c3bdbcf210611dfa56d001641e25144", "model": "ashandapp.careteamcaselink", "fields": {"careteam": "2c3bdbb7210611dfa56d001641e25144", "case": "2c3bdbcd210611dfa56d001641e25144"}}, {"pk": "2c3bdbd5210611dfa56d001641e25144", "model": "ashandapp.careteamcaselink", "fields": {"careteam": "2c3bdbb7210611dfa56d001641e25144", "case": "2c3bdbd3210611dfa56d001641e25144"}}, {"pk": "2c3bdbda210611dfa56d001641e25144", "model": "ashandapp.careteamcaselink", "fields": {"careteam": "2c3bdbb7210611dfa56d001641e25144", "case": "2c3bdbd8210611dfa56d001641e25144"}}, {"pk": "2c3bdbe2210611dfa56d001641e25144", "model": "ashandapp.careteamcaselink", "fields": {"careteam": "2c3bdbdc210611dfa56d001641e25144", "case": "2c3bdbe0210611dfa56d001641e25144"}}, {"pk": "2c3bdbe8210611dfa56d001641e25144", "model": "ashandapp.careteamcaselink", "fields": {"careteam": "2c3bdbdc210611dfa56d001641e25144", "case": "2c3bdbe6210611dfa56d001641e25144"}}, {"pk": "2c3bdbee210611dfa56d001641e25144", "model": "ashandapp.careteamcaselink", "fields": {"careteam": "2c3bdbdc210611dfa56d001641e25144", "case": "2c3bdbec210611dfa56d001641e25144"}}, {"pk": "2c3bdbf4210611dfa56d001641e25144", "model": "ashandapp.careteamcaselink", "fields": {"careteam": "2c3bdbdc210611dfa56d001641e25144", "case": "2c3bdbf2210611dfa56d001641e25144"}}, {"pk": "2c3bdbf9210611dfa56d001641e25144", "model": "ashandapp.careteamcaselink", "fields": {"careteam": "2c3bdbdc210611dfa56d001641e25144", "case": "2c3bdbf7210611dfa56d001641e25144"}}, {"pk": "2b8b7a66210611dfa56d001641e25144", "model": "ashandapp.careteam", "fields": {"patient": "2b8b7a65210611dfa56d001641e25144"}}, {"pk": "2b8b7a73210611dfa56d001641e25144", "model": "ashandapp.careteam", "fields": {"patient": "2b8b7a72210611dfa56d001641e25144"}}, {"pk": "2b8b7a80210611dfa56d001641e25144", "model": "ashandapp.careteam", "fields": {"patient": "2b8b7a7f210611dfa56d001641e25144"}}, {"pk": "2b8b7a8d210611dfa56d001641e25144", "model": "ashandapp.careteam", "fields": {"patient": "2b8b7a8c210611dfa56d001641e25144"}}, {"pk": "2b8b7aac210611dfa56d001641e25144", "model": "ashandapp.careteam", "fields": {"patient": "2b8b7aab210611dfa56d001641e25144"}}, {"pk": "2b8b7ad1210611dfa56d001641e25144", "model": "ashandapp.careteam", "fields": {"patient": "2b8b7ad0210611dfa56d001641e25144"}}, {"pk": "2b8b7af0210611dfa56d001641e25144", "model": "ashandapp.careteam", "fields": {"patient": "2b8b7aef210611dfa56d001641e25144"}}, {"pk": "2b8b7b09210611dfa56d001641e25144", "model": "ashandapp.careteam", "fields": {"patient": "2b8b7b08210611dfa56d001641e25144"}}, {"pk": "2b8b7b2e210611dfa56d001641e25144", "model": "ashandapp.careteam", "fields": {"patient": "2b8b7b2d210611dfa56d001641e25144"}}, {"pk": "2b8b7b3b210611dfa56d001641e25144", "model": "ashandapp.careteam", "fields": {"patient": "2b8b7b3a210611dfa56d001641e25144"}}, {"pk": "2c3bdb73210611dfa56d001641e25144", "model": "ashandapp.careteam", "fields": {"patient": "2c3bdb72210611dfa56d001641e25144"}}, {"pk": "2c3bdb92210611dfa56d001641e25144", "model": "ashandapp.careteam", "fields": {"patient": "2c3bdb91210611dfa56d001641e25144"}}, {"pk": "2c3bdbb7210611dfa56d001641e25144", "model": "ashandapp.careteam", "fields": {"patient": "2c3bdbb6210611dfa56d001641e25144"}}, {"pk": "2c3bdbdc210611dfa56d001641e25144", "model": "ashandapp.careteam", "fields": {"patient": "2c3bdbdb210611dfa56d001641e25144"}}, {"pk": 4, "model": "careplan.plancategory", "fields": {"name": "Appointments", "description": "Appointment categories"}}, {"pk": 1, "model": "careplan.plancategory", "fields": {"name": "Care Goal", "description": "care goals"}}, {"pk": 7, "model": "careplan.plancategory", "fields": {"name": "Dietary", "description": "asdfqwer"}}, {"pk": 8, "model": "careplan.plancategory", "fields": {"name": "Fitness", "description": "adsfasdf"}}, {"pk": 11, "model": "careplan.plancategory", "fields": {"name": "Imaging", "description": "Imaging"}}, {"pk": 5, "model": "careplan.plancategory", "fields": {"name": "Laboratory", "description": "lab care plan items"}}, {"pk": 3, "model": "careplan.plancategory", "fields": {"name": "Medication", "description": "stuff about medication"}}, {"pk": 9, "model": "careplan.plancategory", "fields": {"name": "Mental Health", "description": "possible sources of mental duress"}}, {"pk": 2, "model": "careplan.plancategory", "fields": {"name": "Patient Instructions", "description": "Instructions fro patient"}}, {"pk": 10, "model": "careplan.plancategory", "fields": {"name": "Side Effect Management", "description": "asdfqwer"}}, {"pk": 6, "model": "careplan.plancategory", "fields": {"name": "Symptoms", "description": "Symptoms"}}, {"pk": 1, "model": "careplan.templatecareplanitemlink", "fields": {"item": "f35632bf076c11dfa56d001641e25144", "plan": "3eb96a6e0abc11dfa56d001641e25144", "order": 1}}, {"pk": 2, "model": "careplan.templatecareplanitemlink", "fields": {"item": "f35632b7076c11dfa56d001641e25144", "plan": "3eb96a6e0abc11dfa56d001641e25144", "order": 2}}, {"pk": 3, "model": "careplan.templatecareplanitemlink", "fields": {"item": "f35632b6076c11dfa56d001641e25144", "plan": "3eb96a6e0abc11dfa56d001641e25144", "order": 3}}, {"pk": 4, "model": "careplan.templatecareplanitemlink", "fields": {"item": "be944876079c11dfa56d001641e25144", "plan": "3eb96a6e0abc11dfa56d001641e25144", "order": 4}}, {"pk": 5, "model": "careplan.templatecareplanitemlink", "fields": {"item": "f35632bc076c11dfa56d001641e25144", "plan": "3eb96a6e0abc11dfa56d001641e25144", "order": 5}}, {"pk": "3eb96a6e0abc11dfa56d001641e25144", "model": "careplan.templatecareplan", "fields": {"modified_date": "2010-01-26 20:48:58", "modified_by": 2, "title": "Breast Cancer", "created_by": 2, "version": 1, "created_date": "2010-01-26 20:48:58"}}, {"pk": "f35632ac076c11dfa56d001641e25144", "model": "careplan.templatecareplanitem", "fields": {"category": [1, 3], "tags": [], "name": "Adherence", "parent": "f35632c1076c11dfa56d001641e25144", "description": "Adherence goals"}}, {"pk": "f35632ad076c11dfa56d001641e25144", "model": "careplan.templatecareplanitem", "fields": {"category": [9], "tags": [], "name": "Anxiety", "parent": "f35632bc076c11dfa56d001641e25144", "description": "Sources of Anxiety"}}, {"pk": "f35632ae076c11dfa56d001641e25144", "model": "careplan.templatecareplanitem", "fields": {"category": [1], "tags": [], "name": "Appointments", "parent": "f35632b7076c11dfa56d001641e25144", "description": "Appointment care goals"}}, {"pk": "f35632af076c11dfa56d001641e25144", "model": "careplan.templatecareplanitem", "fields": {"category": [6], "tags": [], "name": "Bone Pain", "parent": "f35632cb076c11dfa56d001641e25144", "description": "<h3>Bone Pain</h3> \r\n \r\n\t\t\t<P><STRONG>Common Forms Of Pain:<BR></STRONG><A href=\"/managing/joint-pain-arthralgias.asp\" target=_top>Joint Pain (Arthralgias)</A> | Bone Pain | <A href=\"/managing/muscle-pain-myalgias.asp\" target=_top>Muscle Pain (Myalgias)</A></P> \r\n<P><STRONG>What Is&nbsp;Bone Pain and How Is It Related To Chemotherapy?</STRONG></P> \r\n<P>Bone pain is the experience of discomfort in bones.&nbsp;</P> \r\n<UL> \r\n<LI>Bone pain can occur as a side effect of some of the biologic response modifiers (e.g. filgrastim, pegfilgrastim, sargramostim).&nbsp;&nbsp; \r\n<LI>Bone pain is most likely a result of your disease, as it is often caused by damage to the nerves, soft tissues, or bones themselves.&nbsp; \r\n<LI>Sometimes people who have metastasis to bones from prostate cancer or breast cancer will experience increased bone pain when therapy with some hormone type medications (e.g. leuprolide, goserelin, tamoxifen, anastrozole) is first started.</LI></UL> \r\n<P><STRONG>You May Have More Bone Pain I<SPAN>f You Have the Following Conditions</SPAN>:</STRONG>&nbsp;</P> \r\n<UL> \r\n<LI>Your disease has spread (metastasized) to the bones as a result of your prostate, breast, or lung cancer. \r\n<LI>You have bone tumors or lesions from your cancer. \r\n<LI>You have had trauma, such as a broken bone, from your cancer, or from falling down. \r\n<LI>You have thinning of the bones (osteoporosis), and developed a fracture. \r\n<LI>You have nerve injury as a result of a spinal cord compression</LI></UL> \r\n<P><STRONG>Complications Of Bone Pain Include:</STRONG>&nbsp;</P> \r\n<UL> \r\n<LI><STRONG>Spinal cord compression</STRONG> -&nbsp; \r\n<UL> \r\n<LI>Each vertebrae is&nbsp;joined by ligaments, which make up the vertebral column. \r\n<LI>Damage to one or more of these bones may damage the spinal cord, and cause serious nerve injury as a result. This is called a spinal cord compression. \r\n<LI><STRONG>If you experience a loss of sensation, extreme pain, or are suddenly unable to walk, <EM>Notify your doctor immediately!</EM></STRONG></LI></UL></LI></UL> \r\n<P><STRONG></STRONG>&nbsp;</P> \r\n<UL> \r\n<LI><STRONG>Hypercalcemia</STRONG> - is known as an elevated blood calcium level. When the level of calcium in the blood is too high, certain problems may occur. Symptoms of hypercalcemia may include: \r\n<UL> \r\n<LI>Frequent urination \r\n<LI>Poor appetite \r\n<LI>Nausea and vomiting \r\n<LI>Constipation \r\n<LI>Excessive weakness and fatigue \r\n<LI>Muscle twitching \r\n<LI>Confusion, or behavior changes&nbsp; \r\n<UL> \r\n<LI><STRONG><EM>If you notice these symptoms, notify your healthcare provider immediately</EM>.</STRONG>&nbsp;</LI></UL></LI></UL></LI></UL> \r\n<P><STRONG>What Other Things Should I Know About Bone Pain?</STRONG></P> \r\n<UL> \r\n<LI>Your pain may be mild, or severe. The pain may last a few minutes, as it \"comes and goes\" or it may be constant.&nbsp; \r\n<LI>You may be able to point out the location of your pain, on your rib, hip, leg, or back.&nbsp;&nbsp; \r\n<LI>You may have fever, chills, if you have an infection. \r\n<LI>You may have pain in your muscles, as well as your joints. \r\n<LI>You may be overly tired, or very weak (fatigued). It may be hard for you to do any kind of your normal activities. \r\n<LI>You may feel depressed if your pain is constant pain \r\n<LI>Symptoms of <EM>spinal cord compression</EM> (pressing on&nbsp;the spinal cord) may notice a band-like pain around the waist, numbness and tingling down&nbsp;the legs, weakness and decreased sensation of the lower extremities (legs)&nbsp;and later, loss of bowel and bladder control.<STRONG> </STRONG> \r\n<UL> \r\n<LI><STRONG>If these symptoms occur, <EM>notify your doctor immediately</EM>.&nbsp; </STRONG></LI></UL> \r\n<LI>Symptoms of <EM>high blood calcium levels</EM> (hypercalcemia) are: frequent urination,&nbsp; constipation, confusion, overly sleepy, and poor appetite. \r\n<UL> \r\n<LI><STRONG>These symptoms should be reported <EM>immediately</EM></STRONG>.&nbsp; </LI></UL></LI></UL> \r\n<P><STRONG>Things You Can Do To Minimize Bone Pain:</STRONG></P> \r\n<P><STRONG>Keep a diary of your pain</STRONG>, this&nbsp;information will help the healthcare provider understand your pain better and help determine the cause of your pain and&nbsp;be able to give recommendations for appropiate management.&nbsp;&nbsp;&nbsp; Things to include in a pain diary are:</P> \r\n<UL> \r\n<LI><STRONG>Onset</STRONG> - when did the pain start? What was I doing when I had pain?&nbsp; \r\n<LI><STRONG>Quality </STRONG>-&nbsp;What does the pain feel like? Is it knifelike and stabbing, or dull and constant?&nbsp; \r\n<LI><STRONG>Location</STRONG> - Where is the pain? Can I point to it with my finger, or is it spread all over?&nbsp; \r\n<LI><STRONG>Intensity</STRONG> - How bad is your pain all the time? How bad is it with certain activities that cause you to feel pain, on a 1-10 scale, with the number \"10\" being the worst pain imaginable?&nbsp; \r\n<LI><STRONG>Duration</STRONG> - How long did the pain last for? Is it while I was walking to the door, or did it continue for a while? \r\n<LI><STRONG>Character</STRONG> - Does the pain come and go whenever I perform a certain activity, or is it unpredictable?&nbsp; \r\n<LI><STRONG>Relieving factors</STRONG> - What can I do to make the pain go away? Does anything help? What have I used in the past that have worked, and does this work now?&nbsp; \r\n<LI><STRONG>How is your mood?</STRONG> Are you depressed or anxious? Does this make the pain worse?&nbsp;</LI></UL> \r\n<P>If your pain has been undiagnosed, your healthcare provider may order certain tests or examinations based on your pain. This may include x-rays, CAT Scans, bone survey or scan, or an MRI. Your healthcare provider will order the exams that are right for you.&nbsp;</P> \r\n<P>If you already have a source or cause for your pain, it is important to follow your healthcare provider's recommendations. Also, continue to keep a pain diary, and chart your progress.</P> \r\n<P><STRONG>Other Things you can do:</STRONG></P> \r\n<P dir=ltr style=\"MARGIN-RIGHT: 0px\"><STRONG>Keep your bowels moving.</STRONG> People in pain tend to move around less, drink less fluid, and become constipated from pain medications that slow down the movement of food through your stomach. This is easily treated by:&nbsp;</P> \r\n<UL> \r\n<UL> \r\n<LI>Increasing your daily intake of fresh fruit and fiber. Prunes, and prune juice may work for some individuals. It is important to move your bowels daily. \r\n<LI>If you do not move your bowels every day, your health care provider may prescribe stool softeners and laxatives to help prevent constipation. Work with your healthcare provider to develop a regimen that will work for you.&nbsp; \r\n<LI>Drink 2 to 3 quarts of fluid every 24 hours, unless you were told to restrict your fluid intake. This will decrease your chances of being dehydrated, which can lead to constipation. \r\n<LI>Increase your activity, if tolerated.&nbsp; </LI></UL> \r\n<LI>People with pain, who may not be taking deep breaths, need to circulate air from the bottom of their lungs and out of your lungs (oxygenation), to prevent infection and pneumonia. Using an incentive spirometer for 15 minutes a day, twice a day, can help promote oxygenation. \r\n<LI>Physical therapy is important. Try to exercise, as tolerated, to maintain your optimal level of functioning.. Exercise, in persons with bone problems, will help promote strengthening and bone remodeling (repair). Discuss with your healthcare provider how you can create a specific exercise program to suit your needs. Make sure to exercise, under the supervision of your healthcare provider. Walking, swimming, or light aerobic activity may help you to lose weight, and promote the flow of oxygen in your lungs and blood (oxygenation). \r\n<LI>If you have back pain, or pain due to bone problems, braces or assistive devices (such as walkers or canes), may help. \r\n<LI>If you can locate your pain, especially if it is muscle related, warm compresses may help.&nbsp; \r\n<LI>Occupational therapy (OT): you may be taught in OT how to do many tasks that you normally do, in a more effective manner.&nbsp; \r\n<LI>People who have constant pain are often overly tired. To minimize excessive tiredness (fatigue) due to pain or cancer chemotherapy:&nbsp; \r\n<UL> \r\n<LI>You should ask yourself:&nbsp; Am I experiencing fatigue? If so, how severe is it on a 1-10 scale?&nbsp; Is it interfering with my ability to function? \r\n<LI>It is important to weigh the value of certain activities.&nbsp; \r\n<LI>If you feel anxious, use relaxation techniques to decrease the amount of anxiety you have. Place yourself in a quiet environment, and close your eyes. Take slow, steady, deep breaths, and try to concentrate on things that have relaxed you in the past. This is called behavioral therapy.</LI></UL> \r\n<LI>Participating in support groups may be helpful to discuss with others what you are going through. Ask your healthcare provider if he or she is aware of any support groups that would benefit you. \r\n<LI>If you are ordered a medication to treat this disorder: \r\n<UL> \r\n<LI>Do not stop taking any medication unless your healthcare provider tells you to.&nbsp; \r\n<LI>Take the medication exactly as directed.&nbsp; \r\n<LI>Do not share your pills with anyone. \r\n<LI>Many medications to treat pain may cause you to feel dizzy or drowsy.&nbsp; Do not operate any heavy machinery unless you know how the medication will affect you.&nbsp; \r\n<LI>Antacids, such as Mylanta<SUP><FONT size=2>&#174;</FONT></SUP>, Pepcid<SUP><FONT size=2>&#174;</FONT></SUP>, Nexium<SUP><FONT size=2>TM </FONT></SUP>(and others, may change the way many medications are absorbed. If you have any questions specific to medications that may have been ordered for you, ask your healthcare provider.&nbsp;&nbsp; \r\n<LI>If you miss a dose of your medication, discuss with your healthcare provider what you should do.&nbsp; \r\n<LI>If you experience symptoms or side effects, especially if severe, be sure to discuss them with your health care team.&nbsp; They can prescribe medications and/or offer other suggestions that are effective in managing such problems. \r\n<LI>Keep all your appointments for your treatments.</LI></UL></LI></UL> \r\n<P><STRONG>If You Are Prescribed Medication To Treat Bone Pain:</STRONG></P> \r\n<P>Depending on your overall health status, your doctor may recommend that certain drugs be used to help decrease your bone pain.&nbsp; Some of the common drugs that are used to treat bone pain may include:</P> \r\n<UL> \r\n<LI><STRONG>Antibiotics</STRONG> - If your doctor or healthcare provider suspects that you have an infection (such as osteomyelitis) that may have caused your bone pain, he or she may order antibiotics, either in a pill form or intravenous (IV). If you are prescribed antibiotics, take the full prescription. Do not stop taking pills once you feel better. \r\n<LI><STRONG>Anticonvulsants</STRONG> - these medicines are used in the treatment of chronic (long-term), nerve related pain in adults. \r\n<LI>When there is nerve injury present anywhere in the body, certain pain receptors may create new nerve endings. The threshold for pain (the point at which you experience pain) related to the nerves, may be decreased. Therefore, pain may be noticed while you are at rest, or while you are moving, when these nerve endings are irritated.&nbsp; \r\n<LI>The exact way that the anticonvulsants, such as gabapentin<STRONG> </STRONG>(Neurontin<SUP><FONT size=2>&#174;</FONT></SUP>) works to prevent nerve related pain is unknown, but it is thought to decrease nerve pain at certain cell receptor sites, by decreasing your response to nerve pain. \r\n<LI>&nbsp;<STRONG>Anticonvulsants</STRONG> can be referred to as an \"adjunct\" medicine, meaning, it is used with another medication to make it work better. Many patients, in addition to gabapentin, will be on a narcotic pain reliever, such as oxycodone, or morphine sulfate. These medications will work together to better control your pain, each working in a different way. \r\n<LI><STRONG>Antidepressants</STRONG> - are used to treat depression and pain in adults. People who have pain for a long period of time (chronic), become tired and depressed. \r\n<UL> \r\n<LI>Certain nerve signals, when activated, make pain worse, and cause more depression. Serotonin and norepinephrine are important conductors of nerve signals (neurotransmitters), which are found in the central nervous system (CNS). The places that these neurotransmitters work are highly important. These neurotransmitters contribute to depression.&nbsp; \r\n<LI>Medications, such as venlafaxine (Effexor<SUP><FONT size=2>&#174;</FONT></SUP>) works by blocking the \"reuptake\" of&nbsp; the neurotransmitters serotonin and norepinephrine, thus decreasing your depressive symptoms.&nbsp; </LI></UL> \r\n<LI><STRONG>Bisphosphonates</STRONG> - Cancer cells that spread to the bone can secrete (produce) substances that can cause other cells found in the bone, called osteoclasts, to dissolve or \"eat away\" a portion of the bone.&nbsp; These tumors or lesions weaken the bone and can lead to complications.&nbsp; Some of the complications resulting from this bone breakdown are bone pain, fractures and less commonly, hypercalcemia (increased levels of calcium in the blood). \r\n<UL> \r\n<LI> \r\n<P>Bisphosphonates, such as pamidronate (Aredia<SUP><FONT size=2>&#174;</FONT></SUP>), and zoledronate<STRONG> </STRONG>(Zometa<SUP><FONT size=2>&#174;</FONT></SUP>) may be used to treat hypercalcemia (high blood calcium), and to decrease pain. Pain can be decreased by: </P> \r\n<UL> \r\n<LI>Preventing bone destruction or damage. \r\n<LI>Preventing bone from being \"eaten away.\" \r\n<LI>Which will also prevent bone fractures or breaking.&nbsp;&nbsp;</LI></UL></LI></UL> \r\n<LI><STRONG>Corticosteroids</STRONG> - Corticosteroids work by decreasing inflammation (swelling) in many areas of the body. The corticosteroids prevent infection- fighting white blood cells (polymorphonuclear leukocytes) from traveling to the area of swelling in your body. This means you are more prone to infection while on steroids.&nbsp; \r\n<UL> \r\n<LI>You may be taking steroids if you have a cancer that has spread (metastasized) to your spine, brain, or bone. \r\n<LI>Steroids will decrease the swelling in areas where tumors are located, which may decrease the pressure of the tumor on your nerve endings, and decrease your pain.</LI></UL> \r\n<LI><STRONG>Narcotics</STRONG> -The central nervous system (CNS) is a way for our brain to send messages to our body in a timely manner. It is highly alert, especially when we are experiencing pain.&nbsp; Many narcotic analgesic (pain medicines) work by blocking these messages, such as morphine sulfate and oxycodone. \r\n<UL> \r\n<LI>Make sure you discuss with your healthcare provider common side effects, such as constipation, drowsiness, nausea and vomiting, and how to control these side effects.&nbsp; </LI></UL> \r\n<LI><STRONG>Non-steroidal anti-inflammatory (NSAID) agents and Tylenol</STRONG><SUP><FONT size=2><STRONG>&#174;.</STRONG> </FONT></SUP>If you are ordered a medication to treat this disorder - such as naproxen sodium and ibuprofen, may provide relief of musculoskeletal pain.&nbsp; \r\n<LI>If you are to avoid NSAID drugs, because of your type of cancer or chemotherapy you are receiving, acetaminophen (Tylenol<SUP><FONT size=2>&#174;</FONT></SUP>) up to 4000 mg per day (two extra-strength tablets every 6 hours) may help.&nbsp; \r\n<UL> \r\n<LI><EM>It is important not to exceed the recommended daily dose of Tylenol<SUP><FONT size=2>&#174;</FONT></SUP>, as it may cause liver damage. Discuss this with your healthcare provider. </EM></LI></UL> \r\n<LI>Your healthcare provider will discuss with you which treatments are helpful to you.&nbsp; \r\n<LI>Do not stop any medications abruptly, as serious side effects may occur.</LI></UL> \r\n<P><SPAN><STRONG>If You Are Suffering From Bone Pain That May Be Caused By Chemotherapy, The Following Guidelines Suggest When To Call Your Doctor or Health Care Provider</STRONG></SPAN><STRONG>:</STRONG></P> \r\n<UL dir=ltr style=\"MARGIN-RIGHT: 0px\"> \r\n<LI>If your pain is not better within 2 days of treatment. \r\n<LI>If you suspect:&nbsp; \r\n<UL> \r\n<LI> \r\n<P><STRONG>Spinal cord compression</STRONG> - the spinal cord controls movement, sensation, and other important functions. When the spinal cord and/or its&nbsp;nerves become squeezed, additional swelling (edema) may develop, and&nbsp;serious complications may occur, which may be permanent. </P> \r\n<UL> \r\n<LI><EM><STRONG>Notify your doctor immediately if you notice:</STRONG></EM> \r\n<UL> \r\n<LI>A band-like pain around your waist or chest (radicular) \r\n<LI>New and increasingly severe back pain&nbsp; \r\n<LI>Numbness and tingling down your legs \r\n<LI>Weakness and decreased sensation of the lower extremities&nbsp; \r\n<LI>Loss of bowel and bladder control.<STRONG>&nbsp; </STRONG></LI></UL></LI></UL></LI></UL> \r\n<UL> \r\n<LI><STRONG>Hypercalcemia</STRONG> - is known as an elevated blood calcium level. When the level of calcium in the blood is too high, certain problems may occur. Symptoms of hypercalcemia may include: </LI></UL> \r\n<LI> \r\n<UL> \r\n<UL> \r\n<UL> \r\n<LI>Frequent urination. \r\n<LI>Poor appetite.Nausea and vomiting. \r\n<LI>Constipation. \r\n<LI>Excessive weakness and fatigue. \r\n<LI>Muscle twitching. \r\n<LI>Confusion, or behavior changes. </LI></UL></UL></UL> \r\n<LI><STRONG>If you notice these symptoms, notify your healthcare provider <EM>immediately</EM>.</STRONG></LI></UL> \r\n<P><STRONG>Note:</STRONG> We strongly encourage you to talk with your health care professional about your specific medical condition and treatments. The information contained in this website is meant to be helpful and educational, but is not a substitute for medical advice.</P> \r\n<p>Source: Chemocare.com</p>"}}, {"pk": "afe474b6204f11dfa56d001641e25144", "model": "careplan.templatecareplanitem", "fields": {"category": [10], "tags": [], "name": "Bowel Obstruction", "parent": "f35632ca076c11dfa56d001641e25144", "description": "<table width=\"650\" cellspacing=\"0\" cellpadding=\"0\" border=\"0\"><tr><td><a href=\"javascript:NCIAnalytics.SendToPrinterLink(this); window.print();\"  class=\"navigation-dark-red-link\" >Send to Printer</a></td></tr></table></td></tr></table><table width=\"1\" cellspacing=\"0\" cellpadding=\"0\" border=\"0\"> \r\n   <tr> \r\n      <td><img src=\"/images/spacer.gif\" width=\"1\" height=\"10\" alt=\"\" border=\"0\"></td> \r\n   </tr> \r\n</table> \r\n            <table cellspacing=\"0\" width=\"751\" cellpadding=\"0\" border=\"0\" bgcolor=\"#FFFFFF\"> \r\n               <tr> \r\n\t\t\t\t\t<td align=\"left\">            <table width=\"650\" cellspacing=\"0\" cellpadding=\"0\" border=\"0\"> \r\n               <tr> \r\n                 <td valign=\"top\" width=\"100%\"> \r\n                    <span class=\"document-title\"><table width=\"650\" border=\"0\" cellspacing=\"0\" cellpadding=\"0\"> \r\n\t<tr> \r\n\t\t<td width=\"100%\" valign=\"bottom\"><span class=\"document-title\"> \r\nGastrointestinal Complications (PDQ\u00ae)\t\t</span></td> \r\n\t\t<td>&nbsp;&nbsp;&nbsp;&nbsp;</td> \r\n\t\t<td nowrap valign=\"top\"><img src=\"/images/spacer.gif\" border=\"0\" width=\"1\" height=\"5\" alt=\"\"><br> \r\n<b>Last Modified:</b> 10/08/2009\t\t</td> \r\n\t</tr> \r\n\t<tr> \r\n\t\t<td colspan=\"3\" width=\"100%\" valign=\"bottom\"> \r\n<span class=\"document-title\">Patient Version</span></td> \r\n\t</tr> \r\n</table> \r\n</span> \r\n                 </td> \r\n\t\t\t\t  </tr> \r\n\t\t\t\t  <tr> \r\n\t\t\t\t\t<td valign=\"top\"><img src=\"/images/spacer.gif\" width=\"1\" height=\"4\" alt=\"\" border=\"0\"></td>\t\t\t\t  </tr> \r\n            </table> \r\n\t\t\t\t\t</td> \r\n\t\t\t\t  </tr> \r\n            </table> \r\n<table width=\"1\" cellspacing=\"0\" cellpadding=\"0\" border=\"0\"> \r\n   <tr> \r\n      <td><img src=\"/images/spacer.gif\" width=\"1\" height=\"16\" alt=\"\" border=\"0\"></td> \r\n   </tr> \r\n</table> \r\n</div> \r\n \r\n\t<!-- Main Area --> \r\n\t<div align=\"center\"> \r\n\t\t<table width=\"771\" cellspacing=\"0\" cellpadding=\"0\" border=\"0\"> \r\n\t\t\t<tr>\t\t\r\n\t\t\t    <td valign=\"top\"><img src=\"/images/spacer.gif\" width=\"9\" height=\"1\" alt=\"\" border=\"0\"></td> \r\n\t\t\t\t\r\n\t\t\t    \r\n\t\t\t\t\r\n\t\t\t\t<!-- Left Nav Column --> \r\n\t\t\t\t<td id=\"leftzone\" valign=\"top\"></td> \r\n\t\t\t\t<!-----------------------> \r\n\t\t\t\t\r\n\t\t\t\t<!-- Red line --> \r\n\t\t\t\t\r\n\t\t\t\t\r\n\t\t\t\t<!-- Main Content Area --> \r\n\t\t\t\t<td id=\"contentzone\" valign=\"top\" width=\"100%\"><a name=\"skiptocontent\"></a><table width=\"650\" cellspacing=\"0\" cellpadding=\"0\" border=\"0\"> \r\n\t<tr> \r\n\t\t<td valign=\"top\"> \r\n<span class=\"page-title\"><a name=\"Section_43\"></a>Bowel Obstruction</span><P> \r\n<a href=\"#Section_44\">Description and Causes</a><br> \r\n<a href=\"#Section_47\">Assessment of Bowel Obstruction</a><br> \r\n<a href=\"#Section_49\">Treatment of Acute Bowel Obstruction</a><br> \r\n<a href=\"#Section_52\">Treatment of Chronic, Malignant Bowel Obstruction</a><br><P> \r\n<a name=\"Section_43\"></a><br/><br/> \r\n  <a name=\"Section_44\"></a> \r\n  <Span class=\"Summary-SummarySection-Title-Level2\">Description and Causes</Span> \r\n  <a name=\"Section_45\"></a> \r\n  <P __id=\"_45\">A <a Class=\"Summary-GlossaryTermRef\" href=\"/Common/PopUps/popDefinition.aspx?id=46500&amp;version=Patient&amp;language=English\" onclick=\"javascript:popWindow('defbyid','CDR0000046500&amp;version=Patient&amp;language=English');  return(false);\">bowel</a>  <a Class=\"Summary-GlossaryTermRef\" href=\"/Common/PopUps/popDefinition.aspx?id=44954&amp;version=Patient&amp;language=English\" onclick=\"javascript:popWindow('defbyid','CDR0000044954&amp;version=Patient&amp;language=English');  return(false);\">obstruction</a> may be caused by a narrowing of the <a Class=\"Summary-GlossaryTermRef\" href=\"/Common/PopUps/popDefinition.aspx?id=46335&amp;version=Patient&amp;language=English\" onclick=\"javascript:popWindow('defbyid','CDR0000046335&amp;version=Patient&amp;language=English');  return(false);\">intestine</a> from <a Class=\"Summary-GlossaryTermRef\" href=\"/Common/PopUps/popDefinition.aspx?id=44042&amp;version=Patient&amp;language=English\" onclick=\"javascript:popWindow('defbyid','CDR0000044042&amp;version=Patient&amp;language=English');  return(false);\">inflammation</a> or damage to the bowel, <a Class=\"Summary-GlossaryTermRef\" href=\"/Common/PopUps/popDefinition.aspx?id=46634&amp;version=Patient&amp;language=English\" onclick=\"javascript:popWindow('defbyid','CDR0000046634&amp;version=Patient&amp;language=English');  return(false);\">tumors</a>, scar <a Class=\"Summary-GlossaryTermRef\" href=\"/Common/PopUps/popDefinition.aspx?id=46683&amp;version=Patient&amp;language=English\" onclick=\"javascript:popWindow('defbyid','CDR0000046683&amp;version=Patient&amp;language=English');  return(false);\">tissue</a>, <a Class=\"Summary-GlossaryTermRef\" href=\"/Common/PopUps/popDefinition.aspx?id=630906&amp;version=Patient&amp;language=English\" onclick=\"javascript:popWindow('defbyid','CDR0000630906&amp;version=Patient&amp;language=English');  return(false);\">hernias</a>, twisting of\r\nthe bowel, or pressure on the bowel from outside the <a Class=\"Summary-GlossaryTermRef\" href=\"/Common/PopUps/popDefinition.aspx?id=44046&amp;version=Patient&amp;language=English\" onclick=\"javascript:popWindow('defbyid','CDR0000044046&amp;version=Patient&amp;language=English');  return(false);\">intestinal</a> tract.  It can\r\nalso be caused by factors that interfere with the function of muscles, <a Class=\"Summary-GlossaryTermRef\" href=\"/Common/PopUps/popDefinition.aspx?id=373935&amp;version=Patient&amp;language=English\" onclick=\"javascript:popWindow('defbyid','CDR0000373935&amp;version=Patient&amp;language=English');  return(false);\">nerves</a>,\r\nand <a Class=\"Summary-GlossaryTermRef\" href=\"/Common/PopUps/popDefinition.aspx?id=270735&amp;version=Patient&amp;language=English\" onclick=\"javascript:popWindow('defbyid','CDR0000270735&amp;version=Patient&amp;language=English');  return(false);\">blood</a> flow to the bowel.  Most bowel obstructions occur in the <a Class=\"Summary-GlossaryTermRef\" href=\"/Common/PopUps/popDefinition.aspx?id=46582&amp;version=Patient&amp;language=English\" onclick=\"javascript:popWindow('defbyid','CDR0000046582&amp;version=Patient&amp;language=English');  return(false);\">small\r\nintestine</a> and are usually caused by scar tissue or hernias.  The rest occur in\r\nthe <a Class=\"Summary-GlossaryTermRef\" href=\"/Common/PopUps/popDefinition.aspx?id=46462&amp;version=Patient&amp;language=English\" onclick=\"javascript:popWindow('defbyid','CDR0000046462&amp;version=Patient&amp;language=English');  return(false);\">colon</a> (large intestine) and are usually caused by tumors, twisting of the\r\nbowel, or <a Class=\"Summary-GlossaryTermRef\" href=\"/Common/PopUps/popDefinition.aspx?id=630901&amp;version=Patient&amp;language=English\" onclick=\"javascript:popWindow('defbyid','CDR0000630901&amp;version=Patient&amp;language=English');  return(false);\">diverticulitis</a>. <a Class=\"Summary-GlossaryTermRef\" href=\"/Common/PopUps/popDefinition.aspx?id=45022&amp;version=Patient&amp;language=English\" onclick=\"javascript:popWindow('defbyid','CDR0000045022&amp;version=Patient&amp;language=English');  return(false);\">Symptoms</a> will vary depending on whether the small or\r\nlarge intestine is involved.\r\n</P> \r\n  <a name=\"Section_46\"></a> \r\n  <P __id=\"_46\">The most common <a Class=\"Summary-GlossaryTermRef\" href=\"/Common/PopUps/popDefinition.aspx?id=45333&amp;version=Patient&amp;language=English\" onclick=\"javascript:popWindow('defbyid','CDR0000045333&amp;version=Patient&amp;language=English');  return(false);\">cancers</a> that cause bowel obstructions are cancers of the colon, <a Class=\"Summary-GlossaryTermRef\" href=\"/Common/PopUps/popDefinition.aspx?id=46604&amp;version=Patient&amp;language=English\" onclick=\"javascript:popWindow('defbyid','CDR0000046604&amp;version=Patient&amp;language=English');  return(false);\">stomach</a>, and <a Class=\"Summary-GlossaryTermRef\" href=\"/Common/PopUps/popDefinition.aspx?id=46687&amp;version=Patient&amp;language=English\" onclick=\"javascript:popWindow('defbyid','CDR0000046687&amp;version=Patient&amp;language=English');  return(false);\">ovary</a>.  Other cancers, such as <a Class=\"Summary-GlossaryTermRef\" href=\"/Common/PopUps/popDefinition.aspx?id=445043&amp;version=Patient&amp;language=English\" onclick=\"javascript:popWindow('defbyid','CDR0000445043&amp;version=Patient&amp;language=English');  return(false);\">lung</a> and <a Class=\"Summary-GlossaryTermRef\" href=\"/Common/PopUps/popDefinition.aspx?id=444971&amp;version=Patient&amp;language=English\" onclick=\"javascript:popWindow('defbyid','CDR0000444971&amp;version=Patient&amp;language=English');  return(false);\">breast cancers</a> and <a Class=\"Summary-GlossaryTermRef\" href=\"/Common/PopUps/popDefinition.aspx?id=45135&amp;version=Patient&amp;language=English\" onclick=\"javascript:popWindow('defbyid','CDR0000045135&amp;version=Patient&amp;language=English');  return(false);\">melanoma</a>, can spread to the <a Class=\"Summary-GlossaryTermRef\" href=\"/Common/PopUps/popDefinition.aspx?id=45070&amp;version=Patient&amp;language=English\" onclick=\"javascript:popWindow('defbyid','CDR0000045070&amp;version=Patient&amp;language=English');  return(false);\">abdomen</a> and cause bowel obstruction.  Patients who\r\nhave had <a Class=\"Summary-GlossaryTermRef\" href=\"/Common/PopUps/popDefinition.aspx?id=46684&amp;version=Patient&amp;language=English\" onclick=\"javascript:popWindow('defbyid','CDR0000046684&amp;version=Patient&amp;language=English');  return(false);\">abdominal</a>  <a Class=\"Summary-GlossaryTermRef\" href=\"/Common/PopUps/popDefinition.aspx?id=45570&amp;version=Patient&amp;language=English\" onclick=\"javascript:popWindow('defbyid','CDR0000045570&amp;version=Patient&amp;language=English');  return(false);\">surgery</a> or <a Class=\"Summary-GlossaryTermRef\" href=\"/Common/PopUps/popDefinition.aspx?id=44971&amp;version=Patient&amp;language=English\" onclick=\"javascript:popWindow('defbyid','CDR0000044971&amp;version=Patient&amp;language=English');  return(false);\">radiation</a> are at a higher risk of developing a\r\nbowel obstruction.  Bowel obstructions are most common during the <a Class=\"Summary-GlossaryTermRef\" href=\"/Common/PopUps/popDefinition.aspx?id=478743&amp;version=Patient&amp;language=English\" onclick=\"javascript:popWindow('defbyid','CDR0000478743&amp;version=Patient&amp;language=English');  return(false);\">advanced</a>  <a Class=\"Summary-GlossaryTermRef\" href=\"/Common/PopUps/popDefinition.aspx?id=45885&amp;version=Patient&amp;language=English\" onclick=\"javascript:popWindow('defbyid','CDR0000045885&amp;version=Patient&amp;language=English');  return(false);\">stages</a> of cancer.\r\n</P> \r\n  <a name=\"END_Section_44\"></a> \r\n  <a name=\"Section_47\"></a> \r\n  <Span class=\"Summary-SummarySection-Title-Level2\">Assessment of Bowel Obstruction</Span> \r\n  <a name=\"Section_48\"></a> \r\n  <P __id=\"_48\">The doctor will do a <a Class=\"Summary-GlossaryTermRef\" href=\"/Common/PopUps/popDefinition.aspx?id=270871&amp;version=Patient&amp;language=English\" onclick=\"javascript:popWindow('defbyid','CDR0000270871&amp;version=Patient&amp;language=English');  return(false);\">physical examination</a> to find out whether the patient has\r\nabdominal pain, <a Class=\"Summary-GlossaryTermRef\" href=\"/Common/PopUps/popDefinition.aspx?id=390324&amp;version=Patient&amp;language=English\" onclick=\"javascript:popWindow('defbyid','CDR0000390324&amp;version=Patient&amp;language=English');  return(false);\">vomiting</a>, or any movement of gas or <a Class=\"Summary-GlossaryTermRef\" href=\"/Common/PopUps/popDefinition.aspx?id=46605&amp;version=Patient&amp;language=English\" onclick=\"javascript:popWindow('defbyid','CDR0000046605&amp;version=Patient&amp;language=English');  return(false);\">stool</a> in the bowel.  Blood\r\nand <a Class=\"Summary-GlossaryTermRef\" href=\"/Common/PopUps/popDefinition.aspx?id=46642&amp;version=Patient&amp;language=English\" onclick=\"javascript:popWindow('defbyid','CDR0000046642&amp;version=Patient&amp;language=English');  return(false);\">urine</a> tests may be done to detect any <a Class=\"Summary-GlossaryTermRef\" href=\"/Common/PopUps/popDefinition.aspx?id=44669&amp;version=Patient&amp;language=English\" onclick=\"javascript:popWindow('defbyid','CDR0000044669&amp;version=Patient&amp;language=English');  return(false);\">fluid</a> and <a Class=\"Summary-GlossaryTermRef\" href=\"/Common/PopUps/popDefinition.aspx?id=304685&amp;version=Patient&amp;language=English\" onclick=\"javascript:popWindow('defbyid','CDR0000304685&amp;version=Patient&amp;language=English');  return(false);\">blood chemistry</a> imbalances\r\nor <a Class=\"Summary-GlossaryTermRef\" href=\"/Common/PopUps/popDefinition.aspx?id=45364&amp;version=Patient&amp;language=English\" onclick=\"javascript:popWindow('defbyid','CDR0000045364&amp;version=Patient&amp;language=English');  return(false);\">infection</a>.  Abdominal <a Class=\"Summary-GlossaryTermRef\" href=\"/Common/PopUps/popDefinition.aspx?id=45944&amp;version=Patient&amp;language=English\" onclick=\"javascript:popWindow('defbyid','CDR0000045944&amp;version=Patient&amp;language=English');  return(false);\">x-rays</a> and a <a Class=\"Summary-GlossaryTermRef\" href=\"/Common/PopUps/popDefinition.aspx?id=46513&amp;version=Patient&amp;language=English\" onclick=\"javascript:popWindow('defbyid','CDR0000046513&amp;version=Patient&amp;language=English');  return(false);\">barium enema</a> may also be done to find the\r\nlocation of the bowel obstruction.\r\n</P> \r\n  <a name=\"END_Section_47\"></a> \r\n  <a name=\"Section_49\"></a> \r\n  <Span class=\"Summary-SummarySection-Title-Level2\">Treatment of Acute Bowel Obstruction</Span> \r\n  <a name=\"Section_50\"></a> \r\n  <P __id=\"_50\">Patients who have abdominal symptoms that continue to become worse must be\r\nmonitored frequently to prevent or detect early signs and symptoms of shock and\r\nconstricting obstruction of the bowel.  Medical treatment is necessary to\r\nprevent fluid and blood chemistry imbalances and shock.  \r\n</P> \r\n  <a name=\"Section_51\"></a> \r\n  <P __id=\"_51\">A <a Class=\"Summary-GlossaryTermRef\" href=\"/Common/PopUps/popDefinition.aspx?id=476326&amp;version=Patient&amp;language=English\" onclick=\"javascript:popWindow('defbyid','CDR0000476326&amp;version=Patient&amp;language=English');  return(false);\">nasogastric</a> tube may be inserted through the nose and <a Class=\"Summary-GlossaryTermRef\" href=\"/Common/PopUps/popDefinition.aspx?id=46408&amp;version=Patient&amp;language=English\" onclick=\"javascript:popWindow('defbyid','CDR0000046408&amp;version=Patient&amp;language=English');  return(false);\">esophagus</a> into the\r\nstomach, or a <a Class=\"Summary-GlossaryTermRef\" href=\"/Common/PopUps/popDefinition.aspx?id=46685&amp;version=Patient&amp;language=English\" onclick=\"javascript:popWindow('defbyid','CDR0000046685&amp;version=Patient&amp;language=English');  return(false);\">colorectal</a> tube may be inserted through the <a Class=\"Summary-GlossaryTermRef\" href=\"/Common/PopUps/popDefinition.aspx?id=46555&amp;version=Patient&amp;language=English\" onclick=\"javascript:popWindow('defbyid','CDR0000046555&amp;version=Patient&amp;language=English');  return(false);\">rectum</a> into the colon \r\nto relieve pressure from a partial bowel obstruction.  The nasogastric\r\ntube or colorectal tube may decrease swelling, remove fluid and gas build-up,\r\nor decrease the need for multiple surgical procedures; however, surgery may be\r\nnecessary if the obstruction completely obstructs the bowel. \r\n</P> \r\n  <a name=\"END_Section_49\"></a> \r\n  <a name=\"Section_52\"></a> \r\n  <Span class=\"Summary-SummarySection-Title-Level2\">Treatment of Chronic, Malignant Bowel Obstruction</Span> \r\n  <a name=\"Section_53\"></a> \r\n  <P __id=\"_53\">Patients who have advanced cancer may have <a Class=\"Summary-GlossaryTermRef\" href=\"/Common/PopUps/popDefinition.aspx?id=45641&amp;version=Patient&amp;language=English\" onclick=\"javascript:popWindow('defbyid','CDR0000045641&amp;version=Patient&amp;language=English');  return(false);\">chronic</a>, worsening bowel obstruction\r\nthat cannot be removed with surgery.  Sometimes, the doctor may be able to\r\ninsert an expandable metal tube called a <a Class=\"Summary-GlossaryTermRef\" href=\"/Common/PopUps/popDefinition.aspx?id=44903&amp;version=Patient&amp;language=English\" onclick=\"javascript:popWindow('defbyid','CDR0000044903&amp;version=Patient&amp;language=English');  return(false);\">stent</a> into the bowel to open the area\r\nthat is blocked.  \r\n</P> \r\n  <a name=\"Section_54\"></a> \r\n  <P __id=\"_54\">When neither surgery nor a stent placement is possible, the doctor may insert a <a Class=\"Summary-GlossaryTermRef\" href=\"/Common/PopUps/popDefinition.aspx?id=476330&amp;version=Patient&amp;language=English\" onclick=\"javascript:popWindow('defbyid','CDR0000476330&amp;version=Patient&amp;language=English');  return(false);\">gastrostomy tube</a> through the wall of the abdomen directly into the stomach by a\r\nvery simple procedure.  The gastrostomy tube can relieve fluid and air build-up\r\nin the stomach and allow <a Class=\"Summary-GlossaryTermRef\" href=\"/Common/PopUps/popDefinition.aspx?id=463717&amp;version=Patient&amp;language=English\" onclick=\"javascript:popWindow('defbyid','CDR0000463717&amp;version=Patient&amp;language=English');  return(false);\">medications</a> and liquids to be given directly into the\r\nstomach by pouring them down the tube.  A drainage bag with a valve may also be\r\nattached to the gastrostomy tube.  When the valve is open, the patient may be\r\nable to eat or drink by mouth without any discomfort because the food drains\r\ndirectly into the bag.  This gives the patient the experience of tasting the\r\nfood and keeping the mouth moist.  Solid food should be avoided because it may\r\nblock the tubing to the drainage bag.\r\n</P> \r\n  <a name=\"Section_55\"></a> \r\n  <P __id=\"_55\">If the patient's comfort is not improved with a stent or gastrostomy tube, and\r\nthe patient cannot take anything by mouth, the doctor may prescribe <a Class=\"Summary-GlossaryTermRef\" href=\"/Common/PopUps/popDefinition.aspx?id=44678&amp;version=Patient&amp;language=English\" onclick=\"javascript:popWindow('defbyid','CDR0000044678&amp;version=Patient&amp;language=English');  return(false);\">injections</a> or <a Class=\"Summary-GlossaryTermRef\" href=\"/Common/PopUps/popDefinition.aspx?id=45738&amp;version=Patient&amp;language=English\" onclick=\"javascript:popWindow('defbyid','CDR0000045738&amp;version=Patient&amp;language=English');  return(false);\">infusions</a> of medications for pain and/or <a Class=\"Summary-GlossaryTermRef\" href=\"/Common/PopUps/popDefinition.aspx?id=390302&amp;version=Patient&amp;language=English\" onclick=\"javascript:popWindow('defbyid','CDR0000390302&amp;version=Patient&amp;language=English');  return(false);\">nausea</a> and vomiting.\r\n</P> \r\n  <a name=\"END_Section_52\"></a>\t\t</td> \r\n\t</tr> \r\n</table> "}}, {"pk": "f35632b0076c11dfa56d001641e25144", "model": "careplan.templatecareplanitem", "fields": {"category": [6], "tags": [], "name": "Confusion", "parent": "f35632cb076c11dfa56d001641e25144", "description": "feelings of confusion"}}, {"pk": "6bbd0c2a204f11dfa56d001641e25144", "model": "careplan.templatecareplanitem", "fields": {"category": [10], "tags": [], "name": "Constipation Complications", "parent": "f35632bc076c11dfa56d001641e25144", "description": "<table width=\"650\" cellspacing=\"0\" cellpadding=\"0\" border=\"0\"> \r\n\t<tr> \r\n\t\t<td valign=\"top\"> \r\n<span class=\"page-title\"><a name=\"Section_9\"></a>Constipation</span><P> \r\n<a href=\"#Section_10\">Description and Causes</a><br> \r\n<a href=\"#Section_29\">Assessment of Constipation</a><br> \r\n<a href=\"#Section_32\">Treatment</a><br><P> \r\n<a name=\"Section_9\"></a><br/><br/> \r\n  <a name=\"Section_10\"></a> \r\n  <Span class=\"Summary-SummarySection-Title-Level2\">Description and Causes</Span> \r\n  <a name=\"Section_11\"></a> \r\n  <P __id=\"_11\">Common factors that may cause <a Class=\"Summary-GlossaryTermRef\" href=\"/Common/PopUps/popDefinition.aspx?id=407757&amp;version=Patient&amp;language=English\" onclick=\"javascript:popWindow('defbyid','CDR0000407757&amp;version=Patient&amp;language=English');  return(false);\">constipation</a> in healthy people are eating a\r\nlow- <a Class=\"Summary-GlossaryTermRef\" href=\"/Common/PopUps/popDefinition.aspx?id=46401&amp;version=Patient&amp;language=English\" onclick=\"javascript:popWindow('defbyid','CDR0000046401&amp;version=Patient&amp;language=English');  return(false);\">fiber</a>  <a Class=\"Summary-GlossaryTermRef\" href=\"/Common/PopUps/popDefinition.aspx?id=44660&amp;version=Patient&amp;language=English\" onclick=\"javascript:popWindow('defbyid','CDR0000044660&amp;version=Patient&amp;language=English');  return(false);\">diet</a>, postponing visits to the toilet, using <a Class=\"Summary-GlossaryTermRef\" href=\"/Common/PopUps/popDefinition.aspx?id=373085&amp;version=Patient&amp;language=English\" onclick=\"javascript:popWindow('defbyid','CDR0000373085&amp;version=Patient&amp;language=English');  return(false);\">laxatives</a> and <a Class=\"Summary-GlossaryTermRef\" href=\"/Common/PopUps/popDefinition.aspx?id=44204&amp;version=Patient&amp;language=English\" onclick=\"javascript:popWindow('defbyid','CDR0000044204&amp;version=Patient&amp;language=English');  return(false);\">enemas</a> excessively, not drinking enough <a Class=\"Summary-GlossaryTermRef\" href=\"/Common/PopUps/popDefinition.aspx?id=44669&amp;version=Patient&amp;language=English\" onclick=\"javascript:popWindow('defbyid','CDR0000044669&amp;version=Patient&amp;language=English');  return(false);\">fluids</a>, and exercising too little.  In persons\r\nwith <a Class=\"Summary-GlossaryTermRef\" href=\"/Common/PopUps/popDefinition.aspx?id=45333&amp;version=Patient&amp;language=English\" onclick=\"javascript:popWindow('defbyid','CDR0000045333&amp;version=Patient&amp;language=English');  return(false);\">cancer</a>, constipation may be a <a Class=\"Summary-GlossaryTermRef\" href=\"/Common/PopUps/popDefinition.aspx?id=45022&amp;version=Patient&amp;language=English\" onclick=\"javascript:popWindow('defbyid','CDR0000045022&amp;version=Patient&amp;language=English');  return(false);\">symptom</a> of cancer, a result of a growing <a Class=\"Summary-GlossaryTermRef\" href=\"/Common/PopUps/popDefinition.aspx?id=46634&amp;version=Patient&amp;language=English\" onclick=\"javascript:popWindow('defbyid','CDR0000046634&amp;version=Patient&amp;language=English');  return(false);\">tumor</a>, or a result of cancer treatment.  Constipation may also be a <a Class=\"Summary-GlossaryTermRef\" href=\"/Common/PopUps/popDefinition.aspx?id=46580&amp;version=Patient&amp;language=English\" onclick=\"javascript:popWindow('defbyid','CDR0000046580&amp;version=Patient&amp;language=English');  return(false);\">side effect</a> of <a Class=\"Summary-GlossaryTermRef\" href=\"/Common/PopUps/popDefinition.aspx?id=463717&amp;version=Patient&amp;language=English\" onclick=\"javascript:popWindow('defbyid','CDR0000463717&amp;version=Patient&amp;language=English');  return(false);\">medications</a> for cancer or cancer pain and may be a result of other changes\r\nin the body (<a Class=\"Summary-GlossaryTermRef\" href=\"/Common/PopUps/popDefinition.aspx?id=257523&amp;version=Patient&amp;language=English\" onclick=\"javascript:popWindow('defbyid','CDR0000257523&amp;version=Patient&amp;language=English');  return(false);\">organ</a> failure, decreased ability to move, and <a Class=\"Summary-GlossaryTermRef\" href=\"/Common/PopUps/popDefinition.aspx?id=430479&amp;version=Patient&amp;language=English\" onclick=\"javascript:popWindow('defbyid','CDR0000430479&amp;version=Patient&amp;language=English');  return(false);\">depression</a>).  Other\r\ncauses of constipation include <a Class=\"Summary-GlossaryTermRef\" href=\"/Common/PopUps/popDefinition.aspx?id=44659&amp;version=Patient&amp;language=English\" onclick=\"javascript:popWindow('defbyid','CDR0000044659&amp;version=Patient&amp;language=English');  return(false);\">dehydration</a> and not eating enough.  Cancer,\r\ncancer treatment, aging, and declining health can contribute to causing\r\nconstipation.\r\n</P> \r\n  <a name=\"Section_12\"></a> \r\n  <P __id=\"_12\">More specific causes of constipation include:</P> \r\n  <a name=\"Section_14\"></a> \r\n  <a name=\"ListSection\"></a> \r\n  <p> \r\n    <Span Class=\"Protocol-IL-Title\">Diet</Span> \r\n  </p> \r\n  <UL __id=\"_14\" class=\"Protocol-UL\"> \r\n    <LI class=\"Protocol-IL-Bullet\">Not including enough high-fiber foods in the diet.\r\n</LI> \r\n    <LI class=\"Protocol-IL-Bullet\">Not drinking enough water or other fluids.</LI> \r\n  </UL> \r\n  <a name=\"END_ListSection\"></a> \r\n  <a name=\"Section_16\"></a> \r\n  <a name=\"ListSection\"></a> \r\n  <p> \r\n    <Span Class=\"Protocol-IL-Title\">Changed Bowel Habits\r\n</Span> \r\n  </p> \r\n  <UL __id=\"_16\" class=\"Protocol-UL\"> \r\n    <LI class=\"Protocol-IL-Bullet\">Repeatedly ignoring the urge to pass <a Class=\"Summary-GlossaryTermRef\" href=\"/Common/PopUps/popDefinition.aspx?id=46605&amp;version=Patient&amp;language=English\" onclick=\"javascript:popWindow('defbyid','CDR0000046605&amp;version=Patient&amp;language=English');  return(false);\">stool</a>.</LI> \r\n    <LI class=\"Protocol-IL-Bullet\">Using too many laxatives and enemas.\r\n</LI> \r\n  </UL> \r\n  <a name=\"END_ListSection\"></a> \r\n  <a name=\"Section_18\"></a> \r\n  <a name=\"ListSection\"></a> \r\n  <p> \r\n    <Span Class=\"Protocol-IL-Title\">Immobility and Lack of Exercise</Span> \r\n  </p> \r\n  <UL __id=\"_18\" class=\"Protocol-UL\"> \r\n    <LI class=\"Protocol-IL-Bullet\"> <a Class=\"Summary-GlossaryTermRef\" href=\"/Common/PopUps/popDefinition.aspx?id=340937&amp;version=Patient&amp;language=English\" onclick=\"javascript:popWindow('defbyid','CDR0000340937&amp;version=Patient&amp;language=English');  return(false);\">Spinal cord</a> injury, spinal cord compression, bone fractures, <a Class=\"Summary-GlossaryTermRef\" href=\"/Common/PopUps/popDefinition.aspx?id=321374&amp;version=Patient&amp;language=English\" onclick=\"javascript:popWindow('defbyid','CDR0000321374&amp;version=Patient&amp;language=English');  return(false);\">fatigue</a>,\r\nweakness, long periods of bedrest.\r\n</LI> \r\n    <LI class=\"Protocol-IL-Bullet\">Inability to tolerate movement and exercise due to <a Class=\"Summary-GlossaryTermRef\" href=\"/Common/PopUps/popDefinition.aspx?id=46566&amp;version=Patient&amp;language=English\" onclick=\"javascript:popWindow('defbyid','CDR0000046566&amp;version=Patient&amp;language=English');  return(false);\">respiratory</a> or <a Class=\"Summary-GlossaryTermRef\" href=\"/Common/PopUps/popDefinition.aspx?id=45634&amp;version=Patient&amp;language=English\" onclick=\"javascript:popWindow('defbyid','CDR0000045634&amp;version=Patient&amp;language=English');  return(false);\">cardiac</a> problems.\r\n</LI> \r\n  </UL> \r\n  <a name=\"END_ListSection\"></a> \r\n  <a name=\"Section_20\"></a> \r\n  <a name=\"ListSection\"></a> \r\n  <p> \r\n    <Span Class=\"Protocol-IL-Title\">Medications\r\n</Span> \r\n  </p> \r\n  <UL __id=\"_20\" class=\"Protocol-UL\"> \r\n    <LI class=\"Protocol-IL-Bullet\"> <a Class=\"Summary-GlossaryTermRef\" href=\"/Common/PopUps/popDefinition.aspx?id=45214&amp;version=Patient&amp;language=English\" onclick=\"javascript:popWindow('defbyid','CDR0000045214&amp;version=Patient&amp;language=English');  return(false);\">Chemotherapy</a> treatments.\r\n</LI> \r\n    <LI class=\"Protocol-IL-Bullet\">Pain medications, including <a Class=\"Summary-GlossaryTermRef\" href=\"/Common/PopUps/popDefinition.aspx?id=45054&amp;version=Patient&amp;language=English\" onclick=\"javascript:popWindow('defbyid','CDR0000045054&amp;version=Patient&amp;language=English');  return(false);\">opioids</a>.\r\n</LI> \r\n    <LI class=\"Protocol-IL-Bullet\">Medications for <a Class=\"Summary-GlossaryTermRef\" href=\"/Common/PopUps/popDefinition.aspx?id=430405&amp;version=Patient&amp;language=English\" onclick=\"javascript:popWindow('defbyid','CDR0000430405&amp;version=Patient&amp;language=English');  return(false);\">anxiety</a> and depression.\r\n</LI> \r\n    <LI class=\"Protocol-IL-Bullet\"> <a Class=\"Summary-GlossaryTermRef\" href=\"/Common/PopUps/popDefinition.aspx?id=46604&amp;version=Patient&amp;language=English\" onclick=\"javascript:popWindow('defbyid','CDR0000046604&amp;version=Patient&amp;language=English');  return(false);\">Stomach</a> antacids.\r\n</LI> \r\n    <LI class=\"Protocol-IL-Bullet\"> <a Class=\"Summary-GlossaryTermRef\" href=\"/Common/PopUps/popDefinition.aspx?id=45298&amp;version=Patient&amp;language=English\" onclick=\"javascript:popWindow('defbyid','CDR0000045298&amp;version=Patient&amp;language=English');  return(false);\">Diuretics</a>.\r\n</LI> \r\n    <LI class=\"Protocol-IL-Bullet\"> <a Class=\"Summary-GlossaryTermRef\" href=\"/Common/PopUps/popDefinition.aspx?id=44744&amp;version=Patient&amp;language=English\" onclick=\"javascript:popWindow('defbyid','CDR0000044744&amp;version=Patient&amp;language=English');  return(false);\">Vitamin</a>  <a Class=\"Summary-GlossaryTermRef\" href=\"/Common/PopUps/popDefinition.aspx?id=45916&amp;version=Patient&amp;language=English\" onclick=\"javascript:popWindow('defbyid','CDR0000045916&amp;version=Patient&amp;language=English');  return(false);\">supplements</a> such as <a Class=\"Summary-GlossaryTermRef\" href=\"/Common/PopUps/popDefinition.aspx?id=446805&amp;version=Patient&amp;language=English\" onclick=\"javascript:popWindow('defbyid','CDR0000446805&amp;version=Patient&amp;language=English');  return(false);\">iron</a> and <a Class=\"Summary-GlossaryTermRef\" href=\"/Common/PopUps/popDefinition.aspx?id=45632&amp;version=Patient&amp;language=English\" onclick=\"javascript:popWindow('defbyid','CDR0000045632&amp;version=Patient&amp;language=English');  return(false);\">calcium</a>.\r\n</LI> \r\n    <LI class=\"Protocol-IL-Bullet\">Sleep medications.\r\n</LI> \r\n    <LI class=\"Protocol-IL-Bullet\"> <a Class=\"Summary-GlossaryTermRef\" href=\"/Common/PopUps/popDefinition.aspx?id=44561&amp;version=Patient&amp;language=English\" onclick=\"javascript:popWindow('defbyid','CDR0000044561&amp;version=Patient&amp;language=English');  return(false);\">General anesthesia</a>.\r\n</LI> \r\n  </UL> \r\n  <a name=\"END_ListSection\"></a> \r\n  <a name=\"Section_22\"></a> \r\n  <a name=\"ListSection\"></a> \r\n  <p> \r\n    <Span Class=\"Protocol-IL-Title\">Bowel Disorders\r\n</Span> \r\n  </p> \r\n  <UL __id=\"_22\" class=\"Protocol-UL\"> \r\n    <LI class=\"Protocol-IL-Bullet\"> <a Class=\"Summary-GlossaryTermRef\" href=\"/Common/PopUps/popDefinition.aspx?id=630910&amp;version=Patient&amp;language=English\" onclick=\"javascript:popWindow('defbyid','CDR0000630910&amp;version=Patient&amp;language=English');  return(false);\">Irritable colon</a>.</LI> \r\n    <LI class=\"Protocol-IL-Bullet\"> <a Class=\"Summary-GlossaryTermRef\" href=\"/Common/PopUps/popDefinition.aspx?id=630901&amp;version=Patient&amp;language=English\" onclick=\"javascript:popWindow('defbyid','CDR0000630901&amp;version=Patient&amp;language=English');  return(false);\">Diverticulitis</a>.</LI> \r\n    <LI class=\"Protocol-IL-Bullet\">Tumor.\r\n</LI> \r\n  </UL> \r\n  <a name=\"END_ListSection\"></a> \r\n  <a name=\"Section_24\"></a> \r\n  <a name=\"ListSection\"></a> \r\n  <p> \r\n    <Span Class=\"Protocol-IL-Title\">Muscle and Nerve Disorders (nerve damage can lead to loss of muscle tone\r\nin the bowel)\r\n</Span> \r\n  </p> \r\n  <UL __id=\"_24\" class=\"Protocol-UL\"> \r\n    <LI class=\"Protocol-IL-Bullet\"> <a Class=\"Summary-GlossaryTermRef\" href=\"/Common/PopUps/popDefinition.aspx?id=387264&amp;version=Patient&amp;language=English\" onclick=\"javascript:popWindow('defbyid','CDR0000387264&amp;version=Patient&amp;language=English');  return(false);\">Brain tumors</a>.\r\n</LI> \r\n    <LI class=\"Protocol-IL-Bullet\">Spinal cord compression from a tumor or other spinal cord injury.\r\n</LI> \r\n    <LI class=\"Protocol-IL-Bullet\"> <a Class=\"Summary-GlossaryTermRef\" href=\"/Common/PopUps/popDefinition.aspx?id=439425&amp;version=Patient&amp;language=English\" onclick=\"javascript:popWindow('defbyid','CDR0000439425&amp;version=Patient&amp;language=English');  return(false);\">Stroke</a> or other <a Class=\"Summary-GlossaryTermRef\" href=\"/Common/PopUps/popDefinition.aspx?id=407758&amp;version=Patient&amp;language=English\" onclick=\"javascript:popWindow('defbyid','CDR0000407758&amp;version=Patient&amp;language=English');  return(false);\">disorders</a> that cause muscle weakness or movement.</LI> \r\n    <LI class=\"Protocol-IL-Bullet\">Weakness of the <a Class=\"Summary-GlossaryTermRef\" href=\"/Common/PopUps/popDefinition.aspx?id=46451&amp;version=Patient&amp;language=English\" onclick=\"javascript:popWindow('defbyid','CDR0000046451&amp;version=Patient&amp;language=English');  return(false);\">diaphragm</a> or <a Class=\"Summary-GlossaryTermRef\" href=\"/Common/PopUps/popDefinition.aspx?id=46684&amp;version=Patient&amp;language=English\" onclick=\"javascript:popWindow('defbyid','CDR0000046684&amp;version=Patient&amp;language=English');  return(false);\">abdominal</a> muscles making it difficult to\r\ntake a deep breath and push to have a bowel movement.</LI> \r\n  </UL> \r\n  <a name=\"END_ListSection\"></a> \r\n  <a name=\"Section_26\"></a> \r\n  <a name=\"ListSection\"></a> \r\n  <p> \r\n    <Span Class=\"Protocol-IL-Title\">Body Metabolism Disorders</Span> \r\n  </p> \r\n  <UL __id=\"_26\" class=\"Protocol-UL\"> \r\n    <LI class=\"Protocol-IL-Bullet\">Under-secretion of the <a Class=\"Summary-GlossaryTermRef\" href=\"/Common/PopUps/popDefinition.aspx?id=44751&amp;version=Patient&amp;language=English\" onclick=\"javascript:popWindow('defbyid','CDR0000044751&amp;version=Patient&amp;language=English');  return(false);\">thyroid gland</a>.\r\n</LI> \r\n    <LI class=\"Protocol-IL-Bullet\">Increased level of calcium in the <a Class=\"Summary-GlossaryTermRef\" href=\"/Common/PopUps/popDefinition.aspx?id=270735&amp;version=Patient&amp;language=English\" onclick=\"javascript:popWindow('defbyid','CDR0000270735&amp;version=Patient&amp;language=English');  return(false);\">blood</a>.\r\n</LI> \r\n    <LI class=\"Protocol-IL-Bullet\">Low levels of <a Class=\"Summary-GlossaryTermRef\" href=\"/Common/PopUps/popDefinition.aspx?id=44344&amp;version=Patient&amp;language=English\" onclick=\"javascript:popWindow('defbyid','CDR0000044344&amp;version=Patient&amp;language=English');  return(false);\">potassium</a> or <a Class=\"Summary-GlossaryTermRef\" href=\"/Common/PopUps/popDefinition.aspx?id=44731&amp;version=Patient&amp;language=English\" onclick=\"javascript:popWindow('defbyid','CDR0000044731&amp;version=Patient&amp;language=English');  return(false);\">sodium</a> in the blood.\r\n</LI> \r\n    <LI class=\"Protocol-IL-Bullet\"> <a Class=\"Summary-GlossaryTermRef\" href=\"/Common/PopUps/popDefinition.aspx?id=44911&amp;version=Patient&amp;language=English\" onclick=\"javascript:popWindow('defbyid','CDR0000044911&amp;version=Patient&amp;language=English');  return(false);\">Diabetes</a> with <a Class=\"Summary-GlossaryTermRef\" href=\"/Common/PopUps/popDefinition.aspx?id=373935&amp;version=Patient&amp;language=English\" onclick=\"javascript:popWindow('defbyid','CDR0000373935&amp;version=Patient&amp;language=English');  return(false);\">nerve</a>  <a Class=\"Summary-GlossaryTermRef\" href=\"/Common/PopUps/popDefinition.aspx?id=390268&amp;version=Patient&amp;language=English\" onclick=\"javascript:popWindow('defbyid','CDR0000390268&amp;version=Patient&amp;language=English');  return(false);\">dysfunction</a>.\r\n</LI> \r\n  </UL> \r\n  <a name=\"END_ListSection\"></a> \r\n  <a name=\"Section_28\"></a> \r\n  <a name=\"ListSection\"></a> \r\n  <p> \r\n    <Span Class=\"Protocol-IL-Title\">Environmental Factors\r\n</Span> \r\n  </p> \r\n  <UL __id=\"_28\" class=\"Protocol-UL\"> \r\n    <LI class=\"Protocol-IL-Bullet\">Needing assistance to go to the bathroom.\r\n</LI> \r\n    <LI class=\"Protocol-IL-Bullet\">Being in unfamiliar surroundings or a hurried atmosphere.\r\n</LI> \r\n    <LI class=\"Protocol-IL-Bullet\">Living in extreme heat leading to dehydration.\r\n</LI> \r\n    <LI class=\"Protocol-IL-Bullet\">Needing to use a bedpan or bedside commode.\r\n</LI> \r\n    <LI class=\"Protocol-IL-Bullet\">Lack of privacy.\r\n</LI> \r\n  </UL> \r\n  <a name=\"END_ListSection\"></a> \r\n  <a name=\"END_Section_10\"></a> \r\n  <a name=\"Section_29\"></a> \r\n  <Span class=\"Summary-SummarySection-Title-Level2\">Assessment of Constipation</Span> \r\n  <a name=\"Section_30\"></a> \r\n  <P __id=\"_30\">A medical history and <a Class=\"Summary-GlossaryTermRef\" href=\"/Common/PopUps/popDefinition.aspx?id=270871&amp;version=Patient&amp;language=English\" onclick=\"javascript:popWindow('defbyid','CDR0000270871&amp;version=Patient&amp;language=English');  return(false);\">physical examination</a> can identify the causes of\r\nconstipation.  The examination may include a <a Class=\"Summary-GlossaryTermRef\" href=\"/Common/PopUps/popDefinition.aspx?id=45668&amp;version=Patient&amp;language=English\" onclick=\"javascript:popWindow('defbyid','CDR0000045668&amp;version=Patient&amp;language=English');  return(false);\">digital rectal exam</a> (the doctor\r\ninserts a gloved, lubricated finger into the <a Class=\"Summary-GlossaryTermRef\" href=\"/Common/PopUps/popDefinition.aspx?id=46555&amp;version=Patient&amp;language=English\" onclick=\"javascript:popWindow('defbyid','CDR0000046555&amp;version=Patient&amp;language=English');  return(false);\">rectum</a> to check for stool\r\nimpaction) or a test for blood in the stool.  If cancer is suspected, a\r\nthorough examination of the rectum and colon may be done with a lighted tube\r\ninserted through the <a Class=\"Summary-GlossaryTermRef\" href=\"/Common/PopUps/popDefinition.aspx?id=46523&amp;version=Patient&amp;language=English\" onclick=\"javascript:popWindow('defbyid','CDR0000046523&amp;version=Patient&amp;language=English');  return(false);\">anus</a> and into the colon.  The following questions may be\r\nasked:\r\n</P> \r\n  <a name=\"Section_31\"></a> \r\n  <a name=\"ListSection\"></a> \r\n  <UL __id=\"_31\" class=\"Protocol-UL\"> \r\n    <LI class=\"Protocol-IL-Bullet\">What is your normal bowel pattern?  How often do you have a bowel\r\nmovement?  When and how much?\r\n</LI> \r\n    <p /> \r\n    <LI class=\"Protocol-IL-Bullet\">When was your last bowel movement?  What was it like (how much, hard or\r\nsoft, color)?  Was there any blood?\r\n</LI> \r\n    <p /> \r\n    <LI class=\"Protocol-IL-Bullet\">Has your <a Class=\"Summary-GlossaryTermRef\" href=\"/Common/PopUps/popDefinition.aspx?id=46604&amp;version=Patient&amp;language=English\" onclick=\"javascript:popWindow('defbyid','CDR0000046604&amp;version=Patient&amp;language=English');  return(false);\">stomach</a> hurt or have you had any cramping, <a Class=\"Summary-GlossaryTermRef\" href=\"/Common/PopUps/popDefinition.aspx?id=390302&amp;version=Patient&amp;language=English\" onclick=\"javascript:popWindow('defbyid','CDR0000390302&amp;version=Patient&amp;language=English');  return(false);\">nausea</a>, <a Class=\"Summary-GlossaryTermRef\" href=\"/Common/PopUps/popDefinition.aspx?id=390324&amp;version=Patient&amp;language=English\" onclick=\"javascript:popWindow('defbyid','CDR0000390324&amp;version=Patient&amp;language=English');  return(false);\">vomiting</a>, pain, gas, or feeling of fullness near the rectum?\r\n</LI> \r\n    <p /> \r\n    <LI class=\"Protocol-IL-Bullet\">Do you use laxatives or enemas regularly?  What do you normally do to\r\nrelieve constipation?  Does this usually work?\r\n</LI> \r\n    <p /> \r\n    <LI class=\"Protocol-IL-Bullet\">What kind of food do you eat?  How much and what type of fluids do you\r\ndrink daily?  \r\n</LI> \r\n    <p /> \r\n    <LI class=\"Protocol-IL-Bullet\">What <a Class=\"Summary-GlossaryTermRef\" href=\"/Common/PopUps/popDefinition.aspx?id=482419&amp;version=Patient&amp;language=English\" onclick=\"javascript:popWindow('defbyid','CDR0000482419&amp;version=Patient&amp;language=English');  return(false);\">medicine</a> are you taking?  How much and how often?\r\n</LI> \r\n    <p /> \r\n    <LI class=\"Protocol-IL-Bullet\">Is this constipation a recent change in your normal habits?\r\n</LI> \r\n    <p /> \r\n    <LI class=\"Protocol-IL-Bullet\">How many times a day do you pass gas? \r\n</LI> \r\n    <p /> \r\n  </UL> \r\n  <a name=\"END_ListSection\"></a> \r\n  <a name=\"END_Section_29\"></a> \r\n  <a name=\"Section_32\"></a> \r\n  <Span class=\"Summary-SummarySection-Title-Level2\">Treatment</Span> \r\n  <a name=\"Section_33\"></a> \r\n  <P __id=\"_33\">Treatment of constipation includes <a Class=\"Summary-GlossaryTermRef\" href=\"/Common/PopUps/popDefinition.aspx?id=439419&amp;version=Patient&amp;language=English\" onclick=\"javascript:popWindow('defbyid','CDR0000439419&amp;version=Patient&amp;language=English');  return(false);\">prevention</a> (if possible), elimination of\r\npossible causes, and limited use of laxatives.  Constipation  caused by opioid pain medicine may be treated with a <a Class=\"Summary-GlossaryTermRef\" href=\"/Common/PopUps/popDefinition.aspx?id=348921&amp;version=Patient&amp;language=English\" onclick=\"javascript:popWindow('defbyid','CDR0000348921&amp;version=Patient&amp;language=English');  return(false);\">drug</a> given by <a Class=\"Summary-GlossaryTermRef\" href=\"/Common/PopUps/popDefinition.aspx?id=44678&amp;version=Patient&amp;language=English\" onclick=\"javascript:popWindow('defbyid','CDR0000044678&amp;version=Patient&amp;language=English');  return(false);\">injection</a>. Suggestions for the patient's\r\ntreatment plan may include the following:\r\n</P> \r\n  <a name=\"Section_34\"></a> \r\n  <a name=\"ListSection\"></a> \r\n  <UL __id=\"_34\" class=\"Protocol-UL\"> \r\n    <LI class=\"Protocol-IL-Bullet\">Keep a record of all bowel movements.\r\n</LI> \r\n    <p /> \r\n    <LI class=\"Protocol-IL-Bullet\">Increase the fluid intake by drinking eight 8- <a Class=\"Summary-GlossaryTermRef\" href=\"/Common/PopUps/popDefinition.aspx?id=330174&amp;version=Patient&amp;language=English\" onclick=\"javascript:popWindow('defbyid','CDR0000330174&amp;version=Patient&amp;language=English');  return(false);\">ounce</a> glasses of fluid\r\neach day (patients who have <a Class=\"Summary-GlossaryTermRef\" href=\"/Common/PopUps/popDefinition.aspx?id=46325&amp;version=Patient&amp;language=English\" onclick=\"javascript:popWindow('defbyid','CDR0000046325&amp;version=Patient&amp;language=English');  return(false);\">kidney</a> or heart disease may need to limit fluid intake).\r\n</LI> \r\n    <p /> \r\n    <LI class=\"Protocol-IL-Bullet\">Exercise regularly, including <a Class=\"Summary-GlossaryTermRef\" href=\"/Common/PopUps/popDefinition.aspx?id=46684&amp;version=Patient&amp;language=English\" onclick=\"javascript:popWindow('defbyid','CDR0000046684&amp;version=Patient&amp;language=English');  return(false);\">abdominal</a> exercises in bed or moving from\r\nthe bed to chair if the patient cannot walk.\r\n</LI> \r\n    <p /> \r\n    <LI class=\"Protocol-IL-Bullet\">Increase the amount of dietary fiber by eating more fruits (raisins,\r\nprunes, peaches, and apples), vegetables (squash, broccoli, carrots, and\r\ncelery), and whole grain cereals, whole grain breads, and bran.  Patients must drink\r\nmore fluids when increasing dietary fiber or they may become\r\nconstipated. (See the <a Class=\"Summary-GlossaryTermRef\" href=\"/Common/PopUps/popDefinition.aspx?id=44271&amp;version=Patient&amp;language=English\" onclick=\"javascript:popWindow('defbyid','CDR0000044271&amp;version=Patient&amp;language=English');  return(false);\">PDQ</a> summary on <a class=\"SummaryRef\" href=\"/cancertopics/pdq/supportivecare/nutrition/Patient\">Nutrition in Cancer Care</a> <a href=\"#footnote1\"><span class=\"blacktext\"><sup>1</sup></span></a> for more information.) Patients who have had a bowel <a Class=\"Summary-GlossaryTermRef\" href=\"/Common/PopUps/popDefinition.aspx?id=44954&amp;version=Patient&amp;language=English\" onclick=\"javascript:popWindow('defbyid','CDR0000044954&amp;version=Patient&amp;language=English');  return(false);\">obstruction</a> or have undergone\r\nbowel <a Class=\"Summary-GlossaryTermRef\" href=\"/Common/PopUps/popDefinition.aspx?id=45570&amp;version=Patient&amp;language=English\" onclick=\"javascript:popWindow('defbyid','CDR0000045570&amp;version=Patient&amp;language=English');  return(false);\">surgery</a> (for example, a <a Class=\"Summary-GlossaryTermRef\" href=\"/Common/PopUps/popDefinition.aspx?id=46464&amp;version=Patient&amp;language=English\" onclick=\"javascript:popWindow('defbyid','CDR0000046464&amp;version=Patient&amp;language=English');  return(false);\">colostomy</a>) should not eat a high-fiber diet.\r\n</LI> \r\n    <p /> \r\n    <LI class=\"Protocol-IL-Bullet\">Drink a warm or hot drink about one half-hour before the patient's usual\r\ntime for a bowel movement.\r\n</LI> \r\n    <p /> \r\n    <LI class=\"Protocol-IL-Bullet\">Provide privacy and quiet time when the patient needs to have a bowel\r\nmovement.\r\n</LI> \r\n    <p /> \r\n    <LI class=\"Protocol-IL-Bullet\">Help the patient to the toilet or provide a bedside commode instead of a\r\nbedpan.\r\n</LI> \r\n    <p /> \r\n    <LI class=\"Protocol-IL-Bullet\">Take only medications prescribed by the doctor.\r\n</LI> \r\n    <p /> \r\n    <LI class=\"Protocol-IL-Bullet\">Do not use <a Class=\"Summary-GlossaryTermRef\" href=\"/Common/PopUps/popDefinition.aspx?id=467864&amp;version=Patient&amp;language=English\" onclick=\"javascript:popWindow('defbyid','CDR0000467864&amp;version=Patient&amp;language=English');  return(false);\">suppositories</a> or enemas unless ordered by the doctor.  In\r\nsome cancer patients, these treatments may lead to bleeding, <a Class=\"Summary-GlossaryTermRef\" href=\"/Common/PopUps/popDefinition.aspx?id=45364&amp;version=Patient&amp;language=English\" onclick=\"javascript:popWindow('defbyid','CDR0000045364&amp;version=Patient&amp;language=English');  return(false);\">infection</a>,\r\nor other harmful <a Class=\"Summary-GlossaryTermRef\" href=\"/Common/PopUps/popDefinition.aspx?id=46580&amp;version=Patient&amp;language=English\" onclick=\"javascript:popWindow('defbyid','CDR0000046580&amp;version=Patient&amp;language=English');  return(false);\">side effects</a>.\r\n</LI> \r\n    <p /> \r\n  </UL> \r\n  <a name=\"END_ListSection\"></a> \r\n  <a name=\"END_Section_32\"></a>\t\t</td> \r\n\t</tr> \r\n</table> "}}, {"pk": "f35632b1076c11dfa56d001641e25144", "model": "careplan.templatecareplanitem", "fields": {"category": [], "tags": [], "name": "Contact Info", "parent": "f35632bf076c11dfa56d001641e25144", "description": "Get contact info of patient"}}, {"pk": "f35632b2076c11dfa56d001641e25144", "model": "careplan.templatecareplanitem", "fields": {"category": [8], "tags": [], "name": "Decrease overall fatigue", "parent": "be944876079c11dfa56d001641e25144", "description": "fatigue management"}}, {"pk": "f35632b3076c11dfa56d001641e25144", "model": "careplan.templatecareplanitem", "fields": {"category": [10], "tags": [], "name": "Diarrhea Management", "parent": "f35632ca076c11dfa56d001641e25144", "description": "<p>\r\nDiarrhea is frequent, loose, or watery bowel movements. It may be caused by chemotherapy, radiation therapy to the pelvis, or by the cancer itself. Diarrhea may also be caused by graft-versus-host-disease (GVHD) in people who have received a bone marrow transplantation. Diarrhea may be described according to the following stages, from mild to severe, established by the National Cancer Institute:\r\n</p>\r\n<ul>\r\n<li>Stage 0 is increased stool frequency, but no diarrhea.</li>\r\n<li>Stage 1 is an increase of less than four stools a day.</li>\r\n<li>Stage 2 is an increase of four to six stools a day or nocturnal (nighttime) stools.</li>\r\n<li>Stage 3 is an increase of more than seven stools a day, or incontinence, or a need for intravenous (IV) fluids to treat dehydration.</li>\r\n<li>Stage 4 is a severe condition that requires intensive care.</li>\r\n</ul>\r\n\r\n<h2>Treatment</h2>\r\n<p>\r\nPreventing diarrhea or treating it early can help a person avoid becoming dehydrated or developing other problems. The following suggestions can help manage mild (stage 1 or 2) diarrhea:\r\n</p>\r\n\r\n<ul>\r\n<li>Avoid caffeine, alcohol, dairy, fat, fiber, orange juice, prune juice, and spicy foods.</li>\r\n<li>Avoid laxatives, metoclopramide (Reglan, used to prevent vomiting and constipation), and stool softeners.</li>\r\n<li>\r\nEat small, frequent meals.</li>\r\n<li>\r\nDrink plenty of water and other liquids to prevent dehydration. People with severe dehydration may need to receive IV fluids.\r\n</li>\r\n</ul>\r\n\r\n<p>Ask your doctor about changing the schedule or dose of chemotherapy if the diarrhea is caused by chemotherapy and is severe.\r\n</p>\r\n<p>\r\nAsk your doctor about antidiarrheal medications. Octreotide (Sandostatin) can be used to treat diarrhea caused by chemotherapy. No drugs have been approved for preventing diarrhea caused by radiation treatments to the pelvic area, but some are being studied. If diarrhea continues after you have made changes to your diet, opioid medications may help to relieve diarrhea.</p>"}}, {"pk": "f35632b4076c11dfa56d001641e25144", "model": "careplan.templatecareplanitem", "fields": {"category": [7], "tags": [], "name": "Dietary Comfort", "parent": "f35632b6076c11dfa56d001641e25144", "description": "Candy for poor taste"}}, {"pk": "f35632b5076c11dfa56d001641e25144", "model": "careplan.templatecareplanitem", "fields": {"category": [7, 2], "tags": [], "name": "Dietary Education", "parent": "f35632b6076c11dfa56d001641e25144", "description": "<table width=\"771\" cellspacing=\"0\" cellpadding=\"0\" border=\"0\"> \r\n\t\t\t<tr>\t\t\r\n\t\t\t    <td valign=\"top\"><img src=\"/images/spacer.gif\" width=\"9\" height=\"1\" alt=\"\" border=\"0\"></td> \r\n\t\t\t\t\r\n\t\t\t    \r\n\t\t\t\t\r\n\t\t\t\t<!-- Left Nav Column --> \r\n\t\t\t\t<td id=\"leftzone\" valign=\"top\"></td> \r\n\t\t\t\t<!-----------------------> \r\n\t\t\t\t\r\n\t\t\t\t<!-- Red line --> \r\n\t\t\t\t\r\n\t\t\t\t\r\n\t\t\t\t<!-- Main Content Area --> \r\n\t\t\t\t<td id=\"contentzone\" valign=\"top\" width=\"100%\"><a name=\"skiptocontent\"></a><table width=\"650\" cellspacing=\"0\" cellpadding=\"0\" border=\"0\"> \r\n\t<tr> \r\n\t\t<td valign=\"top\"> \r\n<span class=\"page-title\">What You Should Know About Cancer Treatment, Eating Well, and Eating Problems</span><P> \r\n<style type=\"text/css\"> \r\n.callout-box {\r\nbackground-color:E5E5E5;border:1px solid #CCC;color:#333;margin:10px 0 10px 0;padding:10px;\r\n}\r\n</style> \r\n \r\n<p><strong>On this page:</strong></p> \r\n<ul> \r\n<li><a href=\"#1\">People with cancer have different diet needs</a></li> \r\n<li><a href=\"#2\">Cancer treatment can cause side effects that lead to eating problems</a></li> \r\n<li><a href=\"#3\">Things to do and think about before you start cancer treatment</a></li> \r\n<li><a href=\"#4\">Ways you can get ready to eat well</a></li> \r\n<li><a href=\"#5\">Not everyone has eating problems during cancer treatment</a></li> \r\n<li><a href=\"#6\">Talk with your doctor, nurse, or dietitian about foods to eat</a></li> \r\n<li><a href=\"#7\">Ways to get the most from foods and drinks</a></li> \r\n<li><a href=\"#8\">Taking special care with food to avoid infections</a></li> \r\n<li><a href=\"#9\">Using food, vitamins, and other supplements to fight cancer</a></li> \r\n<li><a href=\"#10\">A special note for caregivers</a></li> \r\n</ul> \r\n \r\n<hr> \r\n \r\n<p class=\"header-A\"><a name=\"1\"></a>People with cancer have different diet needs</p> \r\n \r\n<p><img src=\"/images/documents/4ba0dc33-fb69-4977-b86f-f80e2960dbac/eatinghints_pg2_01.jpg\" class=\"right\" align=\"right\" border=\"0\" alt=\"\"> \r\nPeople with cancer often need to follow diets that are different from what they think of as healthy. For most people, a healthy diet includes:</p> \r\n \r\n \r\n<ul> \r\n<li>Lots of fruits and vegetables, and whole grain breads and cereals</li> \r\n<li>Modest amounts of meat and milk products</li> \r\n<li>Small amounts of fat, sugar, alcohol, and salt</li> \r\n</ul> \r\n \r\n<p>When you have cancer, though, you need to eat to keep up your strength to deal with the side effects of treatment. When you are healthy, eating enough food is often not a problem. But when you are dealing with cancer and treatment, this can be a real challenge.</p> \r\n \r\n<p>When you have cancer, you may need extra protein and calories. At times, your diet may need to include extra milk, cheese, and eggs. If you have trouble chewing and swallowing, you may need to add sauces and gravies. Sometimes, you may need to eat low-fiber foods instead of those with high fiber. Your dietitian can help you with any diet changes you may need to make.</p> \r\n \r\n<p><a href=\"#top\" class=\"backtotop-link\"><img src=\"/images/backtotop_red.gif\" alt=\"Back to Top\" border=\"0\">Back to Top</a></p> \r\n \r\n<p class=\"header-A\"><a name=\"2\"></a>Cancer treatment can cause side effects that lead to eating problems</p> \r\n \r\n<p>Cancer treatments are designed to kill cancer cells. But these treatments can also damage healthy cells. Damage to healthy cells can cause side effects. Some of these side effects can lead to eating problems.</p> \r\n \r\n<p>Common eating problems during cancer treatment include:</p> \r\n \r\n<ul> \r\n<li>Appetite loss</li> \r\n<li>Changes in sense of taste or smell</li> \r\n<li>Constipation</li> \r\n<li>Diarrhea</li> \r\n<li>Dry mouth</li> \r\n<li>Lactose intolerance</li> \r\n<li>Nausea</li> \r\n<li>Sore mouth</li> \r\n<li>Sore throat and trouble swallowing</li> \r\n<li>Vomiting</li> \r\n<li>Weight gain</li> \r\n<li>Weight loss</li> \r\n</ul> \r\n \r\n<p>Some people have appetite loss or nausea because they are stressed about cancer and treatment. People who react this way almost always feel better once treatment starts and they know what to expect.</p> \r\n \r\n<p><a href=\"#top\" class=\"backtotop-link\"><img src=\"/images/backtotop_red.gif\" alt=\"Back to Top\" border=\"0\">Back to Top</a></p> \r\n \r\n<p class=\"header-A\"><a name=\"3\"></a><img src=\"/images/documents/4ba0dc33-fb69-4977-b86f-f80e2960dbac/eatinghints_pg2_02.jpg\" class=\"right\" align=\"right\" border=\"0\" alt=\"\"> \r\nThings to do and think about before you start cancer treatment</p> \r\n \r\n<ul> \r\n<li>Until treatment starts you will not know what, if any, side effects or eating problems you may have. If you do have problems, they may be mild. Many side effects can be controlled. Many problems go away when cancer treatment ends.</li> \r\n<li>Think of your cancer treatment as a time to get well and focus just on yourself.</li> \r\n<li>Eat a healthy diet before treatment starts. This helps you stay strong during treatment and lowers your risk of infection.</li> \r\n<li>Go to the dentist. It is important to have a healthy mouth before you start cancer treatment.</li> \r\n<li>Ask your doctor, nurse, or dietitian about medicine that can help with eating problems.</li> \r\n<li>Discuss your fears and worries with your doctor, nurse, or social worker. He or she can discuss ways to manage and cope with these feelings.</li> \r\n<li>Learn about your cancer and its treatment. Many people feel better when they know what to expect. See the list of helpful resources in &ldquo;<a href=\"/cancertopics/eatinghints/page8\">Ways to Learn More</a> <a href=\"#footnote1\"><span class=\"blacktext\"><sup>1</sup></span></a>&rdquo;.</li> \r\n</ul> \r\n \r\n<p><a href=\"#top\" class=\"backtotop-link\"><img src=\"/images/backtotop_red.gif\" alt=\"Back to Top\" border=\"0\">Back to Top</a></p> \r\n \r\n<p class=\"header-A\"><a name=\"4\"></a>Ways you can get ready to eat well</p> \r\n \r\n<ul> \r\n<li>Fill the refrigerator, cupboard, and freezer with healthy foods. Make sure to include items you can eat even when you feel sick.</li> \r\n<li><img src=\"/images/documents/4ba0dc33-fb69-4977-b86f-f80e2960dbac/eatinghints_pg2_03.jpg\" class=\"right\" align=\"right\" border=\"0\" alt=\"\">Stock up on foods that need little or no cooking, such as frozen dinners and ready-to-eat cooked foods.</li> \r\n<li>Cook some foods ahead of time and freeze in meal-sized portions.</li> \r\n<li>Ask friends or family to help you shop and cook during treatment. Maybe a friend can set up a schedule of the tasks that need to be done and the people who will do them.</li> \r\n<li>Talk with your doctor, nurse, or dietitian about what to expect. See the lists of foods and drinks that can help with many types of eating problems.</li> \r\n</ul> \r\n \r\n<p><a href=\"#top\" class=\"backtotop-link\"><img src=\"/images/backtotop_red.gif\" alt=\"Back to Top\" border=\"0\">Back to Top</a></p> \r\n \r\n<p class=\"header-A\"><a name=\"5\"></a>Not everyone has eating problems during cancer treatment</p> \r\n<p>There is no way to know if you will have eating problems and, if so, how bad they will be. You may have just a few problems or none at all. In part, this depends on the type of cancer you have, where it is in your body, what kind of treatment you have, how long treatment lasts, and the doses of treatment you receive.</p> \r\n<p>During treatment, there are many helpful medicines and other ways to manage eating problems. Once treatment ends, many eating problems go away. Your doctor, nurse, or dietitian can tell you more about the types of eating problems you might expect and ways to manage them.  If you start to have eating problems, tell your doctor or nurse right away.</p> \r\n \r\n<div class=\"callout-box\">If you start to have eating problems, tell your doctor or nurse right away.</div> \r\n \r\n<p><a href=\"#top\" class=\"backtotop-link\"><img src=\"/images/backtotop_red.gif\" alt=\"Back to Top\" border=\"0\">Back to Top</a></p> \r\n \r\n<p class=\"header-A\"><a name=\"6\"></a>Talk with your doctor, nurse, or dietitian about foods to eat</p> \r\n<p>Talk with your doctor or nurse if you are not sure what to eat during cancer treatment. Ask him or her to refer you to a dietitian. A dietitian is the best person to talk with about your diet. He or she can help choose foods and drinks that are best for you during treatment and after.\r\n</p> \r\n<p><img src=\"/images/documents/4ba0dc33-fb69-4977-b86f-f80e2960dbac/eatinghints_pg2_04.jpg\" class=\"left\" align=\"left\" border=\"0\" alt=\"\"> \r\nMake a list of questions for your meeting with the dietitian. Ask about your favorite foods and recipes and if you can eat them during cancer treatment. You might want to find out how other patients manage their eating problems. You can also bring this book and ask the dietitian to mark sections that are right for you.\r\n</p> \r\n<p> \r\nIf you are already on a special diet for diabetes, kidney or heart disease, or other health problem, it is even more important to speak with a doctor and dietitian. Your doctor and dietitian can advise you about how to follow your special diet while coping with eating problems caused by cancer treatment.\r\n</p> \r\n<p> \r\nFor more information on how to find a dietitian, contact the American Dietetic Association. See &ldquo;<a href=\"/cancertopics/eatinghints/page8\">Ways to Learn More</a> <a href=\"#footnote1\"><span class=\"blacktext\"><sup>1</sup></span></a>&rdquo;  for ways to reach them.\r\n</p> \r\n \r\n<p><a href=\"#top\" class=\"backtotop-link\"><img src=\"/images/backtotop_red.gif\" alt=\"Back to Top\" border=\"0\">Back to Top</a></p> \r\n \r\n<p class=\"header-A\"><a name=\"7\"></a>Ways to get the most from foods and drinks</p> \r\n \r\n<p>During treatment, you may have good days and bad days when it comes to food. Here are some ways to manage:</p> \r\n \r\n<ul> \r\n<li>Eat plenty of protein and calories when you can. This helps you keep up your strength and helps rebuild tissues harmed by cancer treatment.</li> \r\n<li><img src=\"/images/documents/4ba0dc33-fb69-4977-b86f-f80e2960dbac/eatinghints_pg2_05.jpg\" class=\"right\" align=\"right\" border=\"0\" alt=\"\">Eat when you have the biggest appetite. For many people, this is in the morning. You might want to eat a bigger meal early in the day and drink liquid meal replacements later on.</li> \r\n<li>Eat those foods that you can, even if it is only one or two items. Stick with these foods until you are able to eat more. You might also drink liquid meal replacements for extra calories and protein.</li> \r\n<li>Do not worry if you cannot eat at all some days. Spend this time finding other ways to feel better, and start eating when you can. Tell your doctor if you cannot eat for more than 2 days.</li> \r\n<li>Drink plenty of liquids. It is even more important to get plenty to drink on days when you cannot eat. Drinking a lot helps your body get the liquid it needs. Most adults should drink 8 to 12 cups of liquid a day. You may find this easier to do if you keep a water bottle nearby. See the list of <a href=\"/cancertopics/eatinghints/page7#1\">clear liquids</a> <a href=\"#footnote2\"><span class=\"blacktext\"><sup>2</sup></span></a> for other ideas.</li> \r\n</ul> \r\n \r\n<p><img src=\"/images/documents/4ba0dc33-fb69-4977-b86f-f80e2960dbac/eating_hints_row_cups.jpg\" class=\"left\" align=\"left\" border=\"0\" alt=\"\"></p> \r\n \r\n<p><a href=\"#top\" class=\"backtotop-link\"><img src=\"/images/backtotop_red.gif\" alt=\"Back to Top\" border=\"0\">Back to Top</a></p> \r\n \r\n<p class=\"header-A\"><a name=\"8\"></a>Taking special care with food to avoid infections</p> \r\n<p><img src=\"/images/documents/4ba0dc33-fb69-4977-b86f-f80e2960dbac/eatinghints_pg2_06.jpg\" class=\"right\" align=\"right\" border=\"0\" alt=\"\">Some cancer treatments can make you more likely to get infections. When this happens, you need to take special care in the way you handle and prepare food. Here are some ways:</p> \r\n \r\n<ul> \r\n<li>Keep hot foods hot and cold foods cold. Put leftovers in the refrigerator as soon as you are done eating.</li> \r\n<li>Scrub all raw fruits and vegetables before you eat them.\r\nDo not eat foods (like raspberries) that cannot be washed\r\nwell. You should scrub fruits and vegetables that have rough\r\nsurfaces, such as melons, before you cut them..</li> \r\n<li>Wash your hands, knives, and counter tops before and after you prepare food. This is most important when preparing raw meat, chicken, turkey, and fish.</li> \r\n<li>Use one cutting board for meat and one for fruits and vegetables.</li> \r\n<li>Thaw meat, chicken, turkey, and fish in the refrigerator or defrost them in the microwave. Do not leave them sitting out.</li> \r\n<li>Cook meat, chicken, turkey, and eggs thoroughly. Meats should not have any pink inside. Eggs should be hard, not runny.</li> \r\n<li>Do not eat raw fish or shellfish, such as sushi and uncooked oysters.</li> \r\n<li>Make sure that all of your juices, milk products, and honey are pasteurized.</li> \r\n<li>Do not use foods or drinks that are past their freshness date.</li> \r\n<li>Do not buy foods from bulk bins.</li> \r\n<li>Do not eat at buffets, salad bars, or self-service restaurants.</li> \r\n<li>Do not eat foods that show signs of mold. This includes moldy cheeses such as bleu cheese and Roquefort.</li> \r\n</ul> \r\n<p>For more information about infection and cancer treatment, see <em><a href=\"/cancertopics/chemotherapy-and-you\">Chemotherapy and You: Support for People With Cancer</a> <a href=\"#footnote3\"><span class=\"blacktext\"><sup>3</sup></span></a></em> a book from the National Cancer Institute. You can get it free by calling 1-800-4-CANCER (1-800-422-6237) or online at <a href=\"http://www.cancer.gov/publications\">http://www.cancer.gov/publications</a>.</p> \r\n \r\n<p><a href=\"#top\" class=\"backtotop-link\"><img src=\"/images/backtotop_red.gif\" alt=\"Back to Top\" border=\"0\">Back to Top</a></p> \r\n \r\n<p class=\"header-A\"><a name=\"9\"></a>Using food, vitamins, and other supplements to fight cancer</p> \r\n<p>Many people want to know how they can help their body fight cancer by eating certain foods or taking vitamins or supplements. But, there are no studies that prove that any special diet, food, vitamin, mineral, dietary supplement, herb, or combination of these can slow cancer, cure it, or keep it from coming back. In fact, some of these products can cause other problems by changing how your cancer treatment works.\r\n</p> \r\n<p><img src=\"/images/documents/4ba0dc33-fb69-4977-b86f-f80e2960dbac/eatinghints_pg2_07.jpg\" class=\"left\" align=\"left\" border=\"0\" alt=\"\">Talk with your doctor, nurse, or dietitian before going on a special diet or taking any supplements. To avoid problems, be sure to follow their advice.</p> \r\n \r\n<p>For more information about complementary and alternative therapies, see <em><a href=\"/cancertopics/thinking-about-CAM\">Thinking About Complementary &amp; Alternative Medicine: A Guide for People With Cancer</a> <a href=\"#footnote4\"><span class=\"blacktext\"><sup>4</sup></span></a></em>. You can get this book free from the National Cancer Institute. Call 1-800-4-CANCER (1-800-422-6237) or order online at <a href=\"http://www.cancer.gov/publications\">http://www.cancer.gov/publications</a>.</p> \r\n \r\n<div class=\"callout-box\">Talk with your doctor before going on a special diet or taking any supplements. Some vitamins and supplements can change how your cancer treatment works.</div> \r\n \r\n<p><a href=\"#top\" class=\"backtotop-link\"><img src=\"/images/backtotop_red.gif\" alt=\"Back to Top\" border=\"0\">Back to Top</a></p> \r\n \r\n<p class=\"header-A\"><a name=\"10\"></a>A special note for caregivers</p> \r\n \r\n<ul> \r\n<li><strong>Do not be surprised or upset if your loved one&rsquo;s tastes change from day to day.</strong> \r\nThere may be days when he or she does not want a favorite food or says it tastes bad now.</li> \r\n<li><strong>Keep food within easy reach.</strong> This way, your loved one can have a snack when he or she is ready to eat. You might put a snack-pack of applesauce or pudding (along with a spoon) on the bedside table. Or try keeping a bag of cut-up carrots on the refrigerator shelf.</li> \r\n<li><img src=\"/images/documents/4ba0dc33-fb69-4977-b86f-f80e2960dbac/eatinghints_pg2_08.jpg\" class=\"right\" align=\"right\" border=\"0\" alt=\"\"><strong>Offer gentle support.</strong> This is much more helpful than pushing your loved one to eat. Suggest that he or she drinks plenty of clear and full liquids when he or she has no appetite. For ideas, see the lists of <a href=\"/cancertopics/eatinghints/page7#1\">clear liquids</a> <a href=\"#footnote2\"><span class=\"blacktext\"><sup>2</sup></span></a> and <a href=\"/cancertopics/eatinghints/page7#2\">full-liquid foods</a> <a href=\"#footnote5\"><span class=\"blacktext\"><sup>5</sup></span></a>.</li> \r\n<li><strong>Talk with your loved one about ways to manage eating problems.</strong> Doing this together can help you both feel more in control.</li> \r\n</ul> \r\n \r\n<p>For more information about being a caregiver, see <em><a href=\"/cancertopics/when-someone-you-love-is-treated\">When Someone You Love Is Being Treated for Cancer</a> <a href=\"#footnote6\"><span class=\"blacktext\"><sup>6</sup></span></a></em>. You can get this book free from the National Cancer Institute. Call 1-800-4-CANCER (1-800-422-6237) or order online at <a href=\"http://www.cancer.gov/publications\">http://www.cancer.gov/publications</a>.</p>\t\t</td> \r\n\t</tr> \r\n</table> \r\n<BR><BR><a name=\"Table of Links\"></a><h2>Table of Links</h2><P><table border=\"0\" cellspacing=\"2\" cellpadding=\"0\"> \r\n<tr><td valign=\"top\"><a name=\"footnote1\"></a><b><sup>1</sup></b></td><td valign=\"top\">http://www.cancer.gov/cancertopics/eatinghints/page8</td></tr> \r\n<tr><td valign=\"top\"><a name=\"footnote2\"></a><b><sup>2</sup></b></td><td valign=\"top\">http://www.cancer.gov/cancertopics/eatinghints/page7#1</td></tr> \r\n<tr><td valign=\"top\"><a name=\"footnote3\"></a><b><sup>3</sup></b></td><td valign=\"top\">http://www.cancer.gov/cancertopics/chemotherapy-and-you</td></tr> \r\n<tr><td valign=\"top\"><a name=\"footnote4\"></a><b><sup>4</sup></b></td><td valign=\"top\">http://www.cancer.gov/cancertopics/thinking-about-CAM</td></tr> \r\n<tr><td valign=\"top\"><a name=\"footnote5\"></a><b><sup>5</sup></b></td><td valign=\"top\">http://www.cancer.gov/cancertopics/eatinghints/page7#2</td></tr> \r\n<tr><td valign=\"top\"><a name=\"footnote6\"></a><b><sup>6</sup></b></td><td valign=\"top\">http://www.cancer.gov/cancertopics/when-someone-you-love-is-treated</td></tr> \r\n</table> \r\n</td> \r\n\t\t\t\t<!-----------------------> \r\n\t\t\t\t\r\n\t\t\t\t<td valign=\"top\"><img src=\"/images/spacer.gif\" width=\"10\" height=\"1\" alt=\"\" border=\"0\"></td> \r\n\t\t\t</tr> \r\n\t\t</table> "}}, {"pk": "f35632b6076c11dfa56d001641e25144", "model": "careplan.templatecareplanitem", "fields": {"category": [1], "tags": [], "name": "Dietary Goals", "parent": null, "description": "dietary goals"}}, {"pk": "f35632b7076c11dfa56d001641e25144", "model": "careplan.templatecareplanitem", "fields": {"category": [1], "tags": [], "name": "Disease Management", "parent": null, "description": "Disease management care goal"}}, {"pk": "f35632b8076c11dfa56d001641e25144", "model": "careplan.templatecareplanitem", "fields": {"category": [2, 10], "tags": [], "name": "Drug-induced neuropathy", "parent": "f35632ca076c11dfa56d001641e25144", "description": "Increased risk of falls and burns.  should "}}, {"pk": "f35632b9076c11dfa56d001641e25144", "model": "careplan.templatecareplanitem", "fields": {"category": [9], "tags": [], "name": "Fear of recurrence", "parent": "f35632ad076c11dfa56d001641e25144", "description": "Social work"}}, {"pk": "be944876079c11dfa56d001641e25144", "model": "careplan.templatecareplanitem", "fields": {"category": [1], "tags": [], "name": "Fitness", "parent": null, "description": "Fitness care goals"}}, {"pk": "f35632bf076c11dfa56d001641e25144", "model": "careplan.templatecareplanitem", "fields": {"category": [1], "tags": [], "name": "Home Care", "parent": null, "description": "Home based care plan"}}, {"pk": "f35632c0076c11dfa56d001641e25144", "model": "careplan.templatecareplanitem", "fields": {"category": [11], "tags": [], "name": "Imaging", "parent": "f35632ba076c11dfa56d001641e25144", "description": "<h2>General Workup</h3>\r\n\r\n<ul>\r\n<li>Diagnostic bilateral mammogram, ultrasound as necessary</li>\r\n</ul>\r\n\r\n<h3>Optional Imaging</h3>\r\n<ul>\r\n<li>Breast MRI</li>\r\n<li>Bone Scan</li>\r\n<li>Abdominal and/or chest CT, US, or MRI</li>\r\n<li>Chest Imaging</li>\r\n</ul>"}}, {"pk": "f35632c2076c11dfa56d001641e25144", "model": "careplan.templatecareplanitem", "fields": {"category": [2], "tags": [], "name": "Instructions", "parent": "f35632bf076c11dfa56d001641e25144", "description": "Instructions from patient"}}, {"pk": "f35632ba076c11dfa56d001641e25144", "model": "careplan.templatecareplanitem", "fields": {"category": [], "tags": [], "name": "Investigations", "parent": "f35632b7076c11dfa56d001641e25144", "description": "Investigations/observations on patient"}}, {"pk": "f35632bb076c11dfa56d001641e25144", "model": "careplan.templatecareplanitem", "fields": {"category": [5], "tags": [], "name": "Labs", "parent": "f35632ba076c11dfa56d001641e25144", "description": "<h2>Laboraory Diagnostics</h2>\r\n<h3>General Workup</h3>\r\n<ul>\r\n<li>CBC</li>\r\n<li>Platelets</li>\r\n<li>Liver function tests</li>\r\n<li>alkaline phosphatase</li>\r\n<li>Pathology review</li>\r\n<li>Determination of tumor estrogen/progesterone receptor (ER/PR) status and HER2 status</li>\r\n</ul>"}}, {"pk": "f35632bc076c11dfa56d001641e25144", "model": "careplan.templatecareplanitem", "fields": {"category": [1], "tags": [], "name": "Lifestyle Management", "parent": null, "description": "asfdsdf"}}, {"pk": "f35632bd076c11dfa56d001641e25144", "model": "careplan.templatecareplanitem", "fields": {"category": [4], "tags": [], "name": "Logistics", "parent": "f35632ae076c11dfa56d001641e25144", "description": "logistics around appointments"}}, {"pk": "f35632be076c11dfa56d001641e25144", "model": "careplan.templatecareplanitem", "fields": {"category": [1, 7], "tags": [], "name": "Maintain Weight", "parent": "f35632b6076c11dfa56d001641e25144", "description": "maintain curent weight"}}, {"pk": "f35632c9076c11dfa56d001641e25144", "model": "careplan.templatecareplanitem", "fields": {"category": [3], "tags": [], "name": "Medical Side Effect Management", "parent": "f35632c1076c11dfa56d001641e25144", "description": "Managing side effects"}}, {"pk": "f35632c1076c11dfa56d001641e25144", "model": "careplan.templatecareplanitem", "fields": {"category": [3], "tags": [], "name": "Medication Management", "parent": "f35632b7076c11dfa56d001641e25144", "description": "Management of all aspects of medication"}}, {"pk": "4652298a118011dfa56d001641e25144", "model": "careplan.templatecareplanitem", "fields": {"category": [10], "tags": [], "name": "Pain Management", "parent": "f35632ca076c11dfa56d001641e25144", "description": "<h2> \r\n\t\t\t\t\tPain - ASCO curriculum\r\n\t\t\t\t</h2> \r\n    \r\n\t\t\t\t\t<br> \r\n\t\t\t\t\t<span class=\"body_text\">Last Updated: September 11, 2009</span><br/> \r\n\t\t\t\t\r\n \r\n \r\n\t\t\t\t<p> \r\n\t\t\t\t<strong> \r\n\t\t\t\t\tThis section has been reviewed and approved by the <a onclick=\"javascript:switchdiv(20464)\" \"vgn-ext-templating/v/index.jsp?vgnextoid/id=href20464 =\"\">Cancer.Net Editorial Board</a>,\r\n\t\t\t\t\r\n \r\n\t\r\n\t\t\t\t&nbsp;09/09\r\n \r\n\t</strong></p> \r\n \r\n \r\n\t\t\t<p> \r\n\t\t\t\t\r\n\t\t\t</p> \r\n \r\n \r\n\t\t\t\r\n\t\t\t\t\t\t<p> \r\n\t\t\t\t\t\t<p>Pain is a common symptom in people with cancer. At the time of diagnosis, 30% to 40% of people experience pain. If the cancer has spread, 65% to 85% of people experience pain, and up to 95% of cancer pain can be treated successfully. Pain can make other aspects of cancer seem worse, such as fatigue, weakness, shortness of breath, nausea, constipation, sleep disturbances, depression, anxiety, and mental confusion.</p> \r\n \r\n<p>However, not all people with cancer benefit from pain relief strategies because they don\u2019t share the symptoms with their health care team or have worries about the medications used to relieve pain. It is important to communicate with your doctor and nurses about your pain so they can develop a plan to relieve it.</p> \r\n \r\n<p><b>Causes</b></p> \r\n \r\n<p>Pain can come from the tumor itself or may be a result of cancer treatment.</p> \r\n \r\n<p><b>The tumor.</b> If a tumor grows and spreads to the bones or other organs, it can put pressure on nerves and damage them, causing pain. If cancer spreads or grows around the spinal cord, it can cause a compression of the spinal cord, which can lead to severe pain or paralysis if not treated.</p> \r\n \r\n<p><b>Surgery.</b> It is normal to experience pain from cancer surgery. Most pain goes away after a while, but some people may have persistent pain for months or years from permanent damage to the nerves.</p> \r\n \r\n<p><b>Radiation therapy.</b> Pain may develop after radiation therapy and go away on its own. It can also develop months or years after treatment, especially after radiation therapy to the chest, breast, or spinal cord.</p> \r\n \r\n<p><b>Chemotherapy.</b> Some chemotherapy can cause pain along with numbness in the fingers and toes. Usually this pain goes away when treatment is finished, but sometimes the damage is permanent. <a \"vgn-ext-templating/v/index.jsp?vgnextoid/alt=Peripheral neuropathy =\"\">Learn more about peripheral neuropathy</a>.</p> \r\n \r\n<p><b>Diagnosis</b></p> \r\n \r\n<p>You know your own pain best. The doctor's job in managing pain is to listen to you, believe you, offer a solution, and keep repeating this process as long as the pain lasts. Your doctor may ask the following questions about your pain:</p> \r\n \r\n<ul> \r\n<li>Where it hurts<br> \r\n<br> \r\n</li> \r\n \r\n<li>When the pain stops and starts<br> \r\n<br> \r\n</li> \r\n \r\n<li>How long it has been there<br> \r\n<br> \r\n</li> \r\n \r\n<li>How intense the pain is</li> \r\n</ul> \r\n \r\n<p>The doctor may also ask you to describe the pain using a scale from 1 to 10 or offer words that help describe the pain, such as burning, stabbing, or throbbing.</p> \r\n \r\n<p><b>Managing pain</b></p> \r\n \r\n<p>Doctors can treat pain in several ways:</p> \r\n \r\n<ul> \r\n<li>Fixing the source of pain, such as treating the tumor or reducing inflammation<br> \r\n<br> \r\n</li> \r\n \r\n<li>Changing the perception of pain, usually with pain-killing medications<br> \r\n<br> \r\n</li> \r\n \r\n<li>Interfering with pain signals sent to the brain, through spinal treatments or nerve blocks</li> \r\n</ul> \r\n \r\n<p>Depending on the source of the pain and the person's health, there are many different combinations of medications and ways to give them. Most doctors know how to manage most pain, most of the time. Sometimes, pain and palliative care specialists (specialists who care for the physical, spiritual, psychological, and social needs of a person with cancer) are available as a resource to help patients manage more intense pain.</p> \r\n \r\n<p><b>Pain medications</b></p> \r\n \r\n<p>ASCO recommends the use of the <a \"http://www.who.int/cancer/palliative/painladder/en/\" targer=\"_new\">pain treatment ladder</a> developed by the World Health Organization (WHO). Using this system, mild to moderate pain is treated with mild painkillers (analgesics), and if the pain increases to moderate or severe, it is treated with opioid drugs, such as morphine. Pain medicines can be given in different ways, depending on the drug and the patient's overall condition:</p> \r\n \r\n<ul> \r\n<li>By mouth (oral)<br> \r\n<br> \r\n</li> \r\n \r\n<li>Under the tongue or inside the cheek<br> \r\n<br> \r\n</li> \r\n \r\n<li>Under the skin<br> \r\n<br> \r\n</li> \r\n \r\n<li>Into the veins (intravenous or IV)<br> \r\n<br> \r\n</li> \r\n \r\n<li>Into the spine or area around the spine<br> \r\n<br> \r\n</li> \r\n \r\n<li>By rectum</li> \r\n</ul> \r\n \r\n<p>Often doctors will give patients a device where they can control the release of medicine into their own body, called patient-controlled analgesia (PCA). Pain medications are often given around the clock, with appropriate \"rescue\" doses for pain that surges suddenly through regular pain medications (called breakthrough pain).</p> \r\n \r\n<p><b>Side effects</b></p> \r\n \r\n<p>Pain medication, especially opioids, can cause <a \"vgn-ext-templating/v/index.jsp?vgnextoid/alt=constipation =\"\">constipation</a>, <a \"vgn-ext-templating/v/index.jsp?vgnextoid/alt=nausea =\"\">nausea</a>, <a \"vgn-ext-templating/v/index.jsp?vgnextoid/alt=sleepiness =\"\">sleepiness</a>, <a \"vgn-ext-templating/v/index.jsp?vgnextoid/alt=confusion =\"\">confusion</a>, or hallucinations. Many side effects can be prevented (such as constipation) or treated with other medications. In some situations, a doctor may switch to another drug to minimize these side effects.</p> \r\n \r\n<p><b>Managing pain without medication</b></p> \r\n \r\n<p>Many people have found that other methods besides medication help control pain. Your doctor may be able to help you manage pain using more than one method. Make sure you share with your doctor what methods have previously worked for you.</p> \r\n \r\n<ul> \r\n<li>Physical therapy or occupational therapy can help you use devices, such as prostheses, splints, or braces to help ease pain.<br> \r\n<br> \r\n</li> \r\n \r\n<li>Relaxation, distraction, hypnosis, or biofeedback (a method where people use their minds to control a response from their body, such as heart rate)<br> \r\n<br> \r\n</li> \r\n \r\n<li>Nutritional support<br> \r\n<br> \r\n</li> \r\n \r\n<li>Acupuncture</li> \r\n</ul> \r\n \r\n<p>Your doctor or a pain specialist can help you learn more about these methods for controlling pain.</p> \r\n \r\n<p><i><b>More Information</b></i></p> \r\n \r\n<p><a \"vgn-ext-templating/v/index.jsp?vgnextoid/alt=managing and treating cancer pain =\"\">Managing and Treating Cancer Pain</a></p> \r\n \r\n<p><a \"vgn-ext-templating/v/index.jsp?vgnextoid/alt=Managing Side Effects =\"\">Managing Side Effects</a></p> \r\n \r\n<p><b>Additional Resources</b></p> \r\n \r\n<p>Lance Armstrong Foundation: <a \"http://www.livestrong.org/site/c.khLXK1PxHmF/b.2660619/k.8284/Chronic_Pain.htm\" target=\"_new\">Chronic Pain</a></p> \r\n \r\n<a \"http://www.cancersymptoms.org/pain/key.shtml\" target=\"_NEW\">Cancersymptoms.org: Pain</a> \r\n\t\t\t\t\t\t</p> "}}, {"pk": "f35632c3076c11dfa56d001641e25144", "model": "careplan.templatecareplanitem", "fields": {"category": [6], "tags": [], "name": "PE", "parent": "f35632cb076c11dfa56d001641e25144", "description": "pe"}}, {"pk": "f35632c4076c11dfa56d001641e25144", "model": "careplan.templatecareplanitem", "fields": {"category": [1, 3], "tags": [], "name": "Pharmacy Refills", "parent": "f35632ac076c11dfa56d001641e25144", "description": "Refilling medications at pharmacy"}}, {"pk": "f35632c6076c11dfa56d001641e25144", "model": "careplan.templatecareplanitem", "fields": {"category": [], "tags": [], "name": "Reason to call", "parent": "f35632bf076c11dfa56d001641e25144", "description": "reason to call"}}, {"pk": "f35632c7076c11dfa56d001641e25144", "model": "careplan.templatecareplanitem", "fields": {"category": [1], "tags": [], "name": "Scheduling", "parent": "f35632ae076c11dfa56d001641e25144", "description": "<h2>Treatement Scheduling</h2>\r\n<p>28 day post chemo visit</p>"}}, {"pk": "f35632c8076c11dfa56d001641e25144", "model": "careplan.templatecareplanitem", "fields": {"category": [6], "tags": [], "name": "Shortness of breath", "parent": "f35632cb076c11dfa56d001641e25144", "description": "shortness of breath"}}, {"pk": "f35632ca076c11dfa56d001641e25144", "model": "careplan.templatecareplanitem", "fields": {"category": [2], "tags": [], "name": "Side effect prevention", "parent": "f35632bc076c11dfa56d001641e25144", "description": "Pre-emptive management of side effects by lifestyle changes."}}, {"pk": "f35632c5076c11dfa56d001641e25144", "model": "careplan.templatecareplanitem", "fields": {"category": [2], "tags": [], "name": "Skin Problems", "parent": "f35632ca076c11dfa56d001641e25144", "description": "<h2> \r\n            Skin Problems - ASCO curriculum\r\n            </h2> \r\n \r\n        \r\n                <p> \r\n\t\t\t\t<strong> \r\n                    This section has been reviewed and approved by the <a onclick=\"javascript:switchdiv(20464)\" href=\"/vgn-ext-templating/v/index.jsp?vgnextoid=befa03e8448d9010VgnVCM100000f2730ad1RCRD&sectionId=20464&vgnextrefresh=1\" id=\"href20464\">Cancer.Net Editorial Board</a>,\r\n \r\n    \r\n                <span class=\"body_text\"> \r\n                    <B>9/09</B><br/><br/> \r\n                </span> \r\n \r\n    </strong></p> \r\n<p>People with cancer can have sores, rash, and other skin problems caused by cancer, cancer treatments, or being hospitalized. Skin problems can be especially difficult for a person to cope with because they can cause such visible changes to his or her body.</p> \r\n \r\n<p>Skin problems can be acute (occurs briefly, then goes away) or chronic (remains over time). The best way to manage skin problems is by preventing them, if possible. For this reason, it is important to let your doctor and nurse know as soon as you have any sores, wounds, pain, rash, or other problems with your skin and nails so that treatment can begin right away.</p> \r\n \r\n<p>With most skin problems, the doctor must decide if healing the wound is a realistic goal. If it is not, then containing it and keeping the patient as comfortable and pain-free as possible becomes the goal.</p> \r\n \r\n<p>Some common skin problems experienced by people with cancer are listed here:</p> \r\n \r\n<p><b>Chemotherapy extravasation.</b> This is the term used to describe chemotherapy that has leaked out of a vein. The drugs can damage the skin where the intravenous (IV) tube was placed or the tissue around the area where it touches, causing pain or burning. Pain or burning during chemotherapy may not be normal, and you should tell the nurse or doctor right away. If an extravasation occurs during treatment, the infusion should be stopped and the wound cleaned. The nurses and doctors will care for the wound and instruct you on how to care for it at home.</p> \r\n \r\n<p><b>Radiation-induced treatment skin problems.</b> When radiation treatment kills cancer cells, it also kills some healthy cells. When it kills cells on the skin, it can cause the skin to peel. Damage to the skin from radiation treatment can start after one or two weeks of treatment and usually resolves a few weeks after treatment is finished. If skin damage from radiation treatment becomes a problem, the doctor may change the dose or schedule of treatments.</p> \r\n \r\n<p><b>Necrotic wound.</b> This is a wound with dead skin or tissue around it. A necrotic wound cannot heal if the dead tissue is still present. A process called debridement, which removes the dead tissue, is the first step in treating this type of wound. Debridement may involve surgery, enzymes or gel, or other methods recommended by your doctor.</p> \r\n \r\n<p><b>Pressure ulcers (bed sores).</b> Pressure ulcers are sores that form where there is constant pressure on one area of the body. They often form on the heels of the feet or the sacrum (tailbone). Ulcers are less likely to form on parts of the body where there is a thicker layer of fat.</p> \r\n \r\n<p>For patients who are confined to a bed, an air or water mattress overlay may help prevent ulcers. Low-air-loss beds or air-fluidized beds may also help. For pressure ulcers that are not expected to heal, the doctor or nurse can provide comfort and pain control and prevent the ulcers from getting worse.</p> \r\n \r\n<p><b>Malignant wounds.</b> These injuries form when cancer breaks the skin and causes a wound. A malignant wound can be caused by cancer from another part of the body or from skin cancer. These wounds may have a foul odor, bleed, and can be very painful.</p> \r\n \r\n<p>Malignant wounds carry a high risk of infection. They may also leak a large amount of fluid or blood. The odor from a malignant wound can be overpowering and can be managed by placing an odor absorber in the room, such as cat litter, charcoal, or by introducing another odor, such as a burning candle, vanilla, vinegar, or coffee. (Fragrances and perfumes can be irritating to the patients, and these methods should be avoided).</p> \r\n \r\n<p><b>Pruritus (itching).</b> Pruritus in people with cancer is most often caused by leukemia, lymphoma, myeloma, or other cancers. Kidney or liver failure, thyroid problems, a drug reaction or allergic reaction, dry skin, hives, and other skin infections can also cause itching.</p> \r\n \r\n<p>Pruritus that is caused by an irritant, such as a drug, can be treated by stopping the use of that drug. Moisturizers, antihistamines, steroid medications, and cooling or painkilling creams or gels may also help relieve itching.</p> \r\n \r\n<p><b>Cancer treatments.</b> Some types of cancer treatments called targeted therapies (treatments that target faulty genes or proteins that contribute to cancer growth and development), may cause an acne-like rash and other skin problems. Learn more about <a href=\"/vgn-ext-templating/v/index.jsp?vgnextoid=81dd2daf1034b010VgnVCM100000ed730ad1RCRD&vgnextchannel=5c47ea97a56d9010VgnVCM100000f2730ad1RCRD\" alt=\"skin reactions to targeted treatments\">skin reactions to targeted treatments</a>.</p> "}}, {"pk": "f35632cb076c11dfa56d001641e25144", "model": "careplan.templatecareplanitem", "fields": {"category": [6], "tags": [], "name": "Symptoms", "parent": "f35632b7076c11dfa56d001641e25144", "description": "Common symptoms to watch out for with this patient disease/problem profile"}}, {"pk": "f35632cc076c11dfa56d001641e25144", "model": "careplan.templatecareplanitem", "fields": {"category": [1, 3], "tags": [], "name": "Taking Meds Correctly", "parent": "f35632ac076c11dfa56d001641e25144", "description": "Time and route"}}, {"pk": "f35632cd076c11dfa56d001641e25144", "model": "careplan.templatecareplanitem", "fields": {"category": [1, 8], "tags": [], "name": "Weight Training", "parent": "be944876079c11dfa56d001641e25144", "description": "Weight training"}}]
